ISO-10303-21;
HEADER;
FILE_DESCRIPTION(('KiCad electronic assembly'),'2;1');
FILE_NAME('PCB-02.step','2026-09-02T19:41:30',('Pcbnew'),('Kicad'),
  'Open CASCADE STEP processor 7.9','KiCad to STEP converter','Unknown'
  );
FILE_SCHEMA(('AUTOMOTIVE_DESIGN { 1 0 10303 214 1 1 1 1 }'));
ENDSEC;
DATA;
#1 = APPLICATION_PROTOCOL_DEFINITION('international standard',
  'automotive_design',2000,#2);
#2 = APPLICATION_CONTEXT(
  'core data for automotive mechanical design processes');
#3 = SHAPE_DEFINITION_REPRESENTATION(#4,#10);
#4 = PRODUCT_DEFINITION_SHAPE('','',#5);
#5 = PRODUCT_DEFINITION('design','',#6,#9);
#6 = PRODUCT_DEFINITION_FORMATION('','',#7);
#7 = PRODUCT('PCB-02 1','PCB-02 1','',(#8));
#8 = PRODUCT_CONTEXT('',#2,'mechanical');
#9 = PRODUCT_DEFINITION_CONTEXT('part definition',#2,'design');
#10 = SHAPE_REPRESENTATION('',(#11,#15,#19,#23,#27),#31);
#11 = AXIS2_PLACEMENT_3D('',#12,#13,#14);
#12 = CARTESIAN_POINT('',(0.,0.,0.));
#13 = DIRECTION('',(0.,0.,1.));
#14 = DIRECTION('',(1.,0.,-0.));
#15 = AXIS2_PLACEMENT_3D('',#16,#17,#18);
#16 = CARTESIAN_POINT('',(158.,-82.,1.595));
#17 = DIRECTION('',(0.,0.,1.));
#18 = DIRECTION('',(1.,0.,0.));
#19 = AXIS2_PLACEMENT_3D('',#20,#21,#22);
#20 = CARTESIAN_POINT('',(158.25,-88.,1.595));
#21 = DIRECTION('',(0.,0.,1.));
#22 = DIRECTION('',(1.,0.,0.));
#23 = AXIS2_PLACEMENT_3D('',#24,#25,#26);
#24 = CARTESIAN_POINT('',(153.5,-89.,1.595));
#25 = DIRECTION('',(0.,0.,1.));
#26 = DIRECTION('',(-1.,1.224646799147E-16,0.));
#27 = AXIS2_PLACEMENT_3D('',#28,#29,#30);
#28 = CARTESIAN_POINT('',(0.,0.,0.));
#29 = DIRECTION('',(0.,0.,1.));
#30 = DIRECTION('',(1.,0.,-0.));
#31 = ( GEOMETRIC_REPRESENTATION_CONTEXT(3) 
GLOBAL_UNCERTAINTY_ASSIGNED_CONTEXT((#35)) GLOBAL_UNIT_ASSIGNED_CONTEXT(
(#32,#33,#34)) REPRESENTATION_CONTEXT('Context #1',
  '3D Context with UNIT and UNCERTAINTY') );
#32 = ( LENGTH_UNIT() NAMED_UNIT(*) SI_UNIT(.MILLI.,.METRE.) );
#33 = ( NAMED_UNIT(*) PLANE_ANGLE_UNIT() SI_UNIT($,.RADIAN.) );
#34 = ( NAMED_UNIT(*) SI_UNIT($,.STERADIAN.) SOLID_ANGLE_UNIT() );
#35 = UNCERTAINTY_MEASURE_WITH_UNIT(LENGTH_MEASURE(1.E-07),#32,
  'distance_accuracy_value','confusion accuracy');
#36 = PRODUCT_RELATED_PRODUCT_CATEGORY('part',$,(#7));
#37 = SHAPE_DEFINITION_REPRESENTATION(#38,#44);
#38 = PRODUCT_DEFINITION_SHAPE('','',#39);
#39 = PRODUCT_DEFINITION('design','',#40,#43);
#40 = PRODUCT_DEFINITION_FORMATION('','',#41);
#41 = PRODUCT('C_0805_2012Metric','C_0805_2012Metric','',(#42));
#42 = PRODUCT_CONTEXT('',#2,'mechanical');
#43 = PRODUCT_DEFINITION_CONTEXT('part definition',#2,'design');
#44 = SHAPE_REPRESENTATION('',(#11,#45),#49);
#45 = AXIS2_PLACEMENT_3D('',#46,#47,#48);
#46 = CARTESIAN_POINT('',(0.,0.,0.));
#47 = DIRECTION('',(0.,0.,1.));
#48 = DIRECTION('',(1.,0.,-0.));
#49 = ( GEOMETRIC_REPRESENTATION_CONTEXT(3) 
GLOBAL_UNCERTAINTY_ASSIGNED_CONTEXT((#53)) GLOBAL_UNIT_ASSIGNED_CONTEXT(
(#50,#51,#52)) REPRESENTATION_CONTEXT('Context #1',
  '3D Context with UNIT and UNCERTAINTY') );
#50 = ( LENGTH_UNIT() NAMED_UNIT(*) SI_UNIT(.MILLI.,.METRE.) );
#51 = ( NAMED_UNIT(*) PLANE_ANGLE_UNIT() SI_UNIT($,.RADIAN.) );
#52 = ( NAMED_UNIT(*) SI_UNIT($,.STERADIAN.) SOLID_ANGLE_UNIT() );
#53 = UNCERTAINTY_MEASURE_WITH_UNIT(LENGTH_MEASURE(1.E-07),#50,
  'distance_accuracy_value','confusion accuracy');
#54 = CONTEXT_DEPENDENT_SHAPE_REPRESENTATION(#55,#57);
#55 = ( REPRESENTATION_RELATIONSHIP('','',#44,#10) 
REPRESENTATION_RELATIONSHIP_WITH_TRANSFORMATION(#56) 
SHAPE_REPRESENTATION_RELATIONSHIP() );
#56 = ITEM_DEFINED_TRANSFORMATION('','',#11,#15);
#57 = PRODUCT_DEFINITION_SHAPE('Placement','Placement of an item',#58);
#58 = NEXT_ASSEMBLY_USAGE_OCCURRENCE('2','C1','',#5,#39,$);
#59 = PRODUCT_RELATED_PRODUCT_CATEGORY('part',$,(#41));
#60 = SHAPE_DEFINITION_REPRESENTATION(#61,#67);
#61 = PRODUCT_DEFINITION_SHAPE('','',#62);
#62 = PRODUCT_DEFINITION('design','',#63,#66);
#63 = PRODUCT_DEFINITION_FORMATION('','',#64);
#64 = PRODUCT('C_0805_2012Metric','C_0805_2012Metric','',(#65));
#65 = PRODUCT_CONTEXT('',#2,'mechanical');
#66 = PRODUCT_DEFINITION_CONTEXT('part definition',#2,'design');
#67 = ADVANCED_BREP_SHAPE_REPRESENTATION('',(#11,#68),#922);
#68 = MANIFOLD_SOLID_BREP('',#69);
#69 = CLOSED_SHELL('',(#70,#146,#177,#202,#227,#251,#275,#300,#325,#342,
    #428,#460,#484,#509,#533,#558,#582,#607,#624,#710,#741,#766,#791,
    #815,#839,#864,#889,#906));
#70 = ADVANCED_FACE('',(#71),#141,.F.);
#71 = FACE_BOUND('',#72,.F.);
#72 = EDGE_LOOP('',(#73,#83,#92,#100,#109,#117,#126,#134));
#73 = ORIENTED_EDGE('',*,*,#74,.F.);
#74 = EDGE_CURVE('',#75,#77,#79,.T.);
#75 = VERTEX_POINT('',#76);
#76 = CARTESIAN_POINT('',(-1.,-0.625,4.E-02));
#77 = VERTEX_POINT('',#78);
#78 = CARTESIAN_POINT('',(-1.,-0.625,1.21));
#79 = LINE('',#80,#81);
#80 = CARTESIAN_POINT('',(-1.,-0.625,0.));
#81 = VECTOR('',#82,1.);
#82 = DIRECTION('',(0.,0.,1.));
#83 = ORIENTED_EDGE('',*,*,#84,.T.);
#84 = EDGE_CURVE('',#75,#85,#87,.T.);
#85 = VERTEX_POINT('',#86);
#86 = CARTESIAN_POINT('',(-1.,-0.585,0.));
#87 = CIRCLE('',#88,4.E-02);
#88 = AXIS2_PLACEMENT_3D('',#89,#90,#91);
#89 = CARTESIAN_POINT('',(-1.,-0.585,4.E-02));
#90 = DIRECTION('',(1.,0.,-0.));
#91 = DIRECTION('',(0.,0.,1.));
#92 = ORIENTED_EDGE('',*,*,#93,.T.);
#93 = EDGE_CURVE('',#85,#94,#96,.T.);
#94 = VERTEX_POINT('',#95);
#95 = CARTESIAN_POINT('',(-1.,0.585,0.));
#96 = LINE('',#97,#98);
#97 = CARTESIAN_POINT('',(-1.,-0.625,0.));
#98 = VECTOR('',#99,1.);
#99 = DIRECTION('',(0.,1.,0.));
#100 = ORIENTED_EDGE('',*,*,#101,.F.);
#101 = EDGE_CURVE('',#102,#94,#104,.T.);
#102 = VERTEX_POINT('',#103);
#103 = CARTESIAN_POINT('',(-1.,0.625,4.E-02));
#104 = CIRCLE('',#105,4.E-02);
#105 = AXIS2_PLACEMENT_3D('',#106,#107,#108);
#106 = CARTESIAN_POINT('',(-1.,0.585,4.E-02));
#107 = DIRECTION('',(-1.,0.,0.));
#108 = DIRECTION('',(0.,0.,1.));
#109 = ORIENTED_EDGE('',*,*,#110,.T.);
#110 = EDGE_CURVE('',#102,#111,#113,.T.);
#111 = VERTEX_POINT('',#112);
#112 = CARTESIAN_POINT('',(-1.,0.625,1.21));
#113 = LINE('',#114,#115);
#114 = CARTESIAN_POINT('',(-1.,0.625,0.));
#115 = VECTOR('',#116,1.);
#116 = DIRECTION('',(0.,0.,1.));
#117 = ORIENTED_EDGE('',*,*,#118,.T.);
#118 = EDGE_CURVE('',#111,#119,#121,.T.);
#119 = VERTEX_POINT('',#120);
#120 = CARTESIAN_POINT('',(-1.,0.585,1.25));
#121 = CIRCLE('',#122,4.E-02);
#122 = AXIS2_PLACEMENT_3D('',#123,#124,#125);
#123 = CARTESIAN_POINT('',(-1.,0.585,1.21));
#124 = DIRECTION('',(1.,0.,-0.));
#125 = DIRECTION('',(0.,0.,1.));
#126 = ORIENTED_EDGE('',*,*,#127,.F.);
#127 = EDGE_CURVE('',#128,#119,#130,.T.);
#128 = VERTEX_POINT('',#129);
#129 = CARTESIAN_POINT('',(-1.,-0.585,1.25));
#130 = LINE('',#131,#132);
#131 = CARTESIAN_POINT('',(-1.,-0.625,1.25));
#132 = VECTOR('',#133,1.);
#133 = DIRECTION('',(0.,1.,0.));
#134 = ORIENTED_EDGE('',*,*,#135,.F.);
#135 = EDGE_CURVE('',#77,#128,#136,.T.);
#136 = CIRCLE('',#137,4.E-02);
#137 = AXIS2_PLACEMENT_3D('',#138,#139,#140);
#138 = CARTESIAN_POINT('',(-1.,-0.585,1.21));
#139 = DIRECTION('',(-1.,0.,0.));
#140 = DIRECTION('',(0.,0.,1.));
#141 = PLANE('',#142);
#142 = AXIS2_PLACEMENT_3D('',#143,#144,#145);
#143 = CARTESIAN_POINT('',(-1.,-0.625,0.));
#144 = DIRECTION('',(1.,0.,0.));
#145 = DIRECTION('',(0.,0.,1.));
#146 = ADVANCED_FACE('',(#147),#172,.F.);
#147 = FACE_BOUND('',#148,.F.);
#148 = EDGE_LOOP('',(#149,#159,#165,#166));
#149 = ORIENTED_EDGE('',*,*,#150,.F.);
#150 = EDGE_CURVE('',#151,#153,#155,.T.);
#151 = VERTEX_POINT('',#152);
#152 = CARTESIAN_POINT('',(-0.6,-0.625,4.E-02));
#153 = VERTEX_POINT('',#154);
#154 = CARTESIAN_POINT('',(-0.6,-0.625,1.21));
#155 = LINE('',#156,#157);
#156 = CARTESIAN_POINT('',(-0.6,-0.625,0.));
#157 = VECTOR('',#158,1.);
#158 = DIRECTION('',(0.,0.,1.));
#159 = ORIENTED_EDGE('',*,*,#160,.F.);
#160 = EDGE_CURVE('',#75,#151,#161,.T.);
#161 = LINE('',#162,#163);
#162 = CARTESIAN_POINT('',(-1.,-0.625,4.E-02));
#163 = VECTOR('',#164,1.);
#164 = DIRECTION('',(1.,0.,0.));
#165 = ORIENTED_EDGE('',*,*,#74,.T.);
#166 = ORIENTED_EDGE('',*,*,#167,.T.);
#167 = EDGE_CURVE('',#77,#153,#168,.T.);
#168 = LINE('',#169,#170);
#169 = CARTESIAN_POINT('',(-1.,-0.625,1.21));
#170 = VECTOR('',#171,1.);
#171 = DIRECTION('',(1.,0.,0.));
#172 = PLANE('',#173);
#173 = AXIS2_PLACEMENT_3D('',#174,#175,#176);
#174 = CARTESIAN_POINT('',(-1.,-0.625,0.));
#175 = DIRECTION('',(0.,1.,0.));
#176 = DIRECTION('',(0.,-0.,1.));
#177 = ADVANCED_FACE('',(#178),#197,.T.);
#178 = FACE_BOUND('',#179,.T.);
#179 = EDGE_LOOP('',(#180,#181,#189,#196));
#180 = ORIENTED_EDGE('',*,*,#84,.T.);
#181 = ORIENTED_EDGE('',*,*,#182,.T.);
#182 = EDGE_CURVE('',#85,#183,#185,.T.);
#183 = VERTEX_POINT('',#184);
#184 = CARTESIAN_POINT('',(-0.6,-0.585,0.));
#185 = LINE('',#186,#187);
#186 = CARTESIAN_POINT('',(-1.,-0.585,0.));
#187 = VECTOR('',#188,1.);
#188 = DIRECTION('',(1.,0.,0.));
#189 = ORIENTED_EDGE('',*,*,#190,.F.);
#190 = EDGE_CURVE('',#151,#183,#191,.T.);
#191 = CIRCLE('',#192,4.E-02);
#192 = AXIS2_PLACEMENT_3D('',#193,#194,#195);
#193 = CARTESIAN_POINT('',(-0.6,-0.585,4.E-02));
#194 = DIRECTION('',(1.,0.,-0.));
#195 = DIRECTION('',(0.,0.,1.));
#196 = ORIENTED_EDGE('',*,*,#160,.F.);
#197 = CYLINDRICAL_SURFACE('',#198,4.E-02);
#198 = AXIS2_PLACEMENT_3D('',#199,#200,#201);
#199 = CARTESIAN_POINT('',(-1.,-0.585,4.E-02));
#200 = DIRECTION('',(1.,0.,0.));
#201 = DIRECTION('',(0.,-1.,0.));
#202 = ADVANCED_FACE('',(#203),#222,.T.);
#203 = FACE_BOUND('',#204,.T.);
#204 = EDGE_LOOP('',(#205,#206,#215,#221));
#205 = ORIENTED_EDGE('',*,*,#167,.T.);
#206 = ORIENTED_EDGE('',*,*,#207,.T.);
#207 = EDGE_CURVE('',#153,#208,#210,.T.);
#208 = VERTEX_POINT('',#209);
#209 = CARTESIAN_POINT('',(-0.6,-0.585,1.25));
#210 = CIRCLE('',#211,4.E-02);
#211 = AXIS2_PLACEMENT_3D('',#212,#213,#214);
#212 = CARTESIAN_POINT('',(-0.6,-0.585,1.21));
#213 = DIRECTION('',(-1.,0.,0.));
#214 = DIRECTION('',(0.,0.,1.));
#215 = ORIENTED_EDGE('',*,*,#216,.F.);
#216 = EDGE_CURVE('',#128,#208,#217,.T.);
#217 = LINE('',#218,#219);
#218 = CARTESIAN_POINT('',(-1.,-0.585,1.25));
#219 = VECTOR('',#220,1.);
#220 = DIRECTION('',(1.,0.,0.));
#221 = ORIENTED_EDGE('',*,*,#135,.F.);
#222 = CYLINDRICAL_SURFACE('',#223,4.E-02);
#223 = AXIS2_PLACEMENT_3D('',#224,#225,#226);
#224 = CARTESIAN_POINT('',(-1.,-0.585,1.21));
#225 = DIRECTION('',(1.,0.,0.));
#226 = DIRECTION('',(0.,-1.,0.));
#227 = ADVANCED_FACE('',(#228),#246,.F.);
#228 = FACE_BOUND('',#229,.F.);
#229 = EDGE_LOOP('',(#230,#231,#232,#240));
#230 = ORIENTED_EDGE('',*,*,#93,.F.);
#231 = ORIENTED_EDGE('',*,*,#182,.T.);
#232 = ORIENTED_EDGE('',*,*,#233,.T.);
#233 = EDGE_CURVE('',#183,#234,#236,.T.);
#234 = VERTEX_POINT('',#235);
#235 = CARTESIAN_POINT('',(-0.6,0.585,0.));
#236 = LINE('',#237,#238);
#237 = CARTESIAN_POINT('',(-0.6,-0.625,0.));
#238 = VECTOR('',#239,1.);
#239 = DIRECTION('',(0.,1.,0.));
#240 = ORIENTED_EDGE('',*,*,#241,.F.);
#241 = EDGE_CURVE('',#94,#234,#242,.T.);
#242 = LINE('',#243,#244);
#243 = CARTESIAN_POINT('',(-1.,0.585,0.));
#244 = VECTOR('',#245,1.);
#245 = DIRECTION('',(1.,0.,0.));
#246 = PLANE('',#247);
#247 = AXIS2_PLACEMENT_3D('',#248,#249,#250);
#248 = CARTESIAN_POINT('',(-1.,-0.625,0.));
#249 = DIRECTION('',(0.,0.,1.));
#250 = DIRECTION('',(1.,0.,-0.));
#251 = ADVANCED_FACE('',(#252),#270,.T.);
#252 = FACE_BOUND('',#253,.T.);
#253 = EDGE_LOOP('',(#254,#255,#256,#264));
#254 = ORIENTED_EDGE('',*,*,#127,.F.);
#255 = ORIENTED_EDGE('',*,*,#216,.T.);
#256 = ORIENTED_EDGE('',*,*,#257,.T.);
#257 = EDGE_CURVE('',#208,#258,#260,.T.);
#258 = VERTEX_POINT('',#259);
#259 = CARTESIAN_POINT('',(-0.6,0.585,1.25));
#260 = LINE('',#261,#262);
#261 = CARTESIAN_POINT('',(-0.6,-0.625,1.25));
#262 = VECTOR('',#263,1.);
#263 = DIRECTION('',(0.,1.,0.));
#264 = ORIENTED_EDGE('',*,*,#265,.F.);
#265 = EDGE_CURVE('',#119,#258,#266,.T.);
#266 = LINE('',#267,#268);
#267 = CARTESIAN_POINT('',(-1.,0.585,1.25));
#268 = VECTOR('',#269,1.);
#269 = DIRECTION('',(1.,0.,0.));
#270 = PLANE('',#271);
#271 = AXIS2_PLACEMENT_3D('',#272,#273,#274);
#272 = CARTESIAN_POINT('',(-1.,-0.625,1.25));
#273 = DIRECTION('',(0.,0.,1.));
#274 = DIRECTION('',(1.,0.,-0.));
#275 = ADVANCED_FACE('',(#276),#295,.T.);
#276 = FACE_BOUND('',#277,.T.);
#277 = EDGE_LOOP('',(#278,#286,#293,#294));
#278 = ORIENTED_EDGE('',*,*,#279,.T.);
#279 = EDGE_CURVE('',#102,#280,#282,.T.);
#280 = VERTEX_POINT('',#281);
#281 = CARTESIAN_POINT('',(-0.6,0.625,4.E-02));
#282 = LINE('',#283,#284);
#283 = CARTESIAN_POINT('',(-1.,0.625,4.E-02));
#284 = VECTOR('',#285,1.);
#285 = DIRECTION('',(1.,0.,0.));
#286 = ORIENTED_EDGE('',*,*,#287,.T.);
#287 = EDGE_CURVE('',#280,#234,#288,.T.);
#288 = CIRCLE('',#289,4.E-02);
#289 = AXIS2_PLACEMENT_3D('',#290,#291,#292);
#290 = CARTESIAN_POINT('',(-0.6,0.585,4.E-02));
#291 = DIRECTION('',(-1.,0.,0.));
#292 = DIRECTION('',(0.,0.,1.));
#293 = ORIENTED_EDGE('',*,*,#241,.F.);
#294 = ORIENTED_EDGE('',*,*,#101,.F.);
#295 = CYLINDRICAL_SURFACE('',#296,4.E-02);
#296 = AXIS2_PLACEMENT_3D('',#297,#298,#299);
#297 = CARTESIAN_POINT('',(-1.,0.585,4.E-02));
#298 = DIRECTION('',(1.,0.,0.));
#299 = DIRECTION('',(-0.,1.,0.));
#300 = ADVANCED_FACE('',(#301),#320,.T.);
#301 = FACE_BOUND('',#302,.T.);
#302 = EDGE_LOOP('',(#303,#304,#305,#314));
#303 = ORIENTED_EDGE('',*,*,#118,.T.);
#304 = ORIENTED_EDGE('',*,*,#265,.T.);
#305 = ORIENTED_EDGE('',*,*,#306,.F.);
#306 = EDGE_CURVE('',#307,#258,#309,.T.);
#307 = VERTEX_POINT('',#308);
#308 = CARTESIAN_POINT('',(-0.6,0.625,1.21));
#309 = CIRCLE('',#310,4.E-02);
#310 = AXIS2_PLACEMENT_3D('',#311,#312,#313);
#311 = CARTESIAN_POINT('',(-0.6,0.585,1.21));
#312 = DIRECTION('',(1.,0.,-0.));
#313 = DIRECTION('',(0.,0.,1.));
#314 = ORIENTED_EDGE('',*,*,#315,.F.);
#315 = EDGE_CURVE('',#111,#307,#316,.T.);
#316 = LINE('',#317,#318);
#317 = CARTESIAN_POINT('',(-1.,0.625,1.21));
#318 = VECTOR('',#319,1.);
#319 = DIRECTION('',(1.,0.,0.));
#320 = CYLINDRICAL_SURFACE('',#321,4.E-02);
#321 = AXIS2_PLACEMENT_3D('',#322,#323,#324);
#322 = CARTESIAN_POINT('',(-1.,0.585,1.21));
#323 = DIRECTION('',(1.,0.,0.));
#324 = DIRECTION('',(-0.,1.,0.));
#325 = ADVANCED_FACE('',(#326),#337,.T.);
#326 = FACE_BOUND('',#327,.T.);
#327 = EDGE_LOOP('',(#328,#334,#335,#336));
#328 = ORIENTED_EDGE('',*,*,#329,.F.);
#329 = EDGE_CURVE('',#280,#307,#330,.T.);
#330 = LINE('',#331,#332);
#331 = CARTESIAN_POINT('',(-0.6,0.625,0.));
#332 = VECTOR('',#333,1.);
#333 = DIRECTION('',(0.,0.,1.));
#334 = ORIENTED_EDGE('',*,*,#279,.F.);
#335 = ORIENTED_EDGE('',*,*,#110,.T.);
#336 = ORIENTED_EDGE('',*,*,#315,.T.);
#337 = PLANE('',#338);
#338 = AXIS2_PLACEMENT_3D('',#339,#340,#341);
#339 = CARTESIAN_POINT('',(-1.,0.625,0.));
#340 = DIRECTION('',(0.,1.,0.));
#341 = DIRECTION('',(0.,-0.,1.));
#342 = ADVANCED_FACE('',(#343,#353),#423,.T.);
#343 = FACE_BOUND('',#344,.T.);
#344 = EDGE_LOOP('',(#345,#346,#347,#348,#349,#350,#351,#352));
#345 = ORIENTED_EDGE('',*,*,#150,.F.);
#346 = ORIENTED_EDGE('',*,*,#190,.T.);
#347 = ORIENTED_EDGE('',*,*,#233,.T.);
#348 = ORIENTED_EDGE('',*,*,#287,.F.);
#349 = ORIENTED_EDGE('',*,*,#329,.T.);
#350 = ORIENTED_EDGE('',*,*,#306,.T.);
#351 = ORIENTED_EDGE('',*,*,#257,.F.);
#352 = ORIENTED_EDGE('',*,*,#207,.F.);
#353 = FACE_BOUND('',#354,.T.);
#354 = EDGE_LOOP('',(#355,#366,#374,#383,#391,#400,#408,#417));
#355 = ORIENTED_EDGE('',*,*,#356,.F.);
#356 = EDGE_CURVE('',#357,#359,#361,.T.);
#357 = VERTEX_POINT('',#358);
#358 = CARTESIAN_POINT('',(-0.6,-0.585,8.E-02));
#359 = VERTEX_POINT('',#360);
#360 = CARTESIAN_POINT('',(-0.6,-0.545,4.E-02));
#361 = CIRCLE('',#362,4.E-02);
#362 = AXIS2_PLACEMENT_3D('',#363,#364,#365);
#363 = CARTESIAN_POINT('',(-0.6,-0.545,8.E-02));
#364 = DIRECTION('',(1.,0.,-0.));
#365 = DIRECTION('',(0.,0.,1.));
#366 = ORIENTED_EDGE('',*,*,#367,.T.);
#367 = EDGE_CURVE('',#357,#368,#370,.T.);
#368 = VERTEX_POINT('',#369);
#369 = CARTESIAN_POINT('',(-0.6,-0.585,1.17));
#370 = LINE('',#371,#372);
#371 = CARTESIAN_POINT('',(-0.6,-0.585,4.E-02));
#372 = VECTOR('',#373,1.);
#373 = DIRECTION('',(0.,0.,1.));
#374 = ORIENTED_EDGE('',*,*,#375,.T.);
#375 = EDGE_CURVE('',#368,#376,#378,.T.);
#376 = VERTEX_POINT('',#377);
#377 = CARTESIAN_POINT('',(-0.6,-0.545,1.21));
#378 = CIRCLE('',#379,4.E-02);
#379 = AXIS2_PLACEMENT_3D('',#380,#381,#382);
#380 = CARTESIAN_POINT('',(-0.6,-0.545,1.17));
#381 = DIRECTION('',(-1.,0.,0.));
#382 = DIRECTION('',(0.,0.,1.));
#383 = ORIENTED_EDGE('',*,*,#384,.T.);
#384 = EDGE_CURVE('',#376,#385,#387,.T.);
#385 = VERTEX_POINT('',#386);
#386 = CARTESIAN_POINT('',(-0.6,0.545,1.21));
#387 = LINE('',#388,#389);
#388 = CARTESIAN_POINT('',(-0.6,-0.585,1.21));
#389 = VECTOR('',#390,1.);
#390 = DIRECTION('',(0.,1.,0.));
#391 = ORIENTED_EDGE('',*,*,#392,.F.);
#392 = EDGE_CURVE('',#393,#385,#395,.T.);
#393 = VERTEX_POINT('',#394);
#394 = CARTESIAN_POINT('',(-0.6,0.585,1.17));
#395 = CIRCLE('',#396,4.E-02);
#396 = AXIS2_PLACEMENT_3D('',#397,#398,#399);
#397 = CARTESIAN_POINT('',(-0.6,0.545,1.17));
#398 = DIRECTION('',(1.,0.,-0.));
#399 = DIRECTION('',(0.,0.,1.));
#400 = ORIENTED_EDGE('',*,*,#401,.F.);
#401 = EDGE_CURVE('',#402,#393,#404,.T.);
#402 = VERTEX_POINT('',#403);
#403 = CARTESIAN_POINT('',(-0.6,0.585,8.E-02));
#404 = LINE('',#405,#406);
#405 = CARTESIAN_POINT('',(-0.6,0.585,4.E-02));
#406 = VECTOR('',#407,1.);
#407 = DIRECTION('',(0.,0.,1.));
#408 = ORIENTED_EDGE('',*,*,#409,.T.);
#409 = EDGE_CURVE('',#402,#410,#412,.T.);
#410 = VERTEX_POINT('',#411);
#411 = CARTESIAN_POINT('',(-0.6,0.545,4.E-02));
#412 = CIRCLE('',#413,4.E-02);
#413 = AXIS2_PLACEMENT_3D('',#414,#415,#416);
#414 = CARTESIAN_POINT('',(-0.6,0.545,8.E-02));
#415 = DIRECTION('',(-1.,0.,0.));
#416 = DIRECTION('',(0.,0.,1.));
#417 = ORIENTED_EDGE('',*,*,#418,.F.);
#418 = EDGE_CURVE('',#359,#410,#419,.T.);
#419 = LINE('',#420,#421);
#420 = CARTESIAN_POINT('',(-0.6,-0.585,4.E-02));
#421 = VECTOR('',#422,1.);
#422 = DIRECTION('',(0.,1.,0.));
#423 = PLANE('',#424);
#424 = AXIS2_PLACEMENT_3D('',#425,#426,#427);
#425 = CARTESIAN_POINT('',(-0.6,-0.625,0.));
#426 = DIRECTION('',(1.,0.,0.));
#427 = DIRECTION('',(0.,0.,1.));
#428 = ADVANCED_FACE('',(#429),#455,.T.);
#429 = FACE_BOUND('',#430,.T.);
#430 = EDGE_LOOP('',(#431,#432,#440,#449));
#431 = ORIENTED_EDGE('',*,*,#356,.T.);
#432 = ORIENTED_EDGE('',*,*,#433,.T.);
#433 = EDGE_CURVE('',#359,#434,#436,.T.);
#434 = VERTEX_POINT('',#435);
#435 = CARTESIAN_POINT('',(0.6,-0.545,4.E-02));
#436 = LINE('',#437,#438);
#437 = CARTESIAN_POINT('',(-0.6,-0.545,4.E-02));
#438 = VECTOR('',#439,1.);
#439 = DIRECTION('',(1.,0.,0.));
#440 = ORIENTED_EDGE('',*,*,#441,.F.);
#441 = EDGE_CURVE('',#442,#434,#444,.T.);
#442 = VERTEX_POINT('',#443);
#443 = CARTESIAN_POINT('',(0.6,-0.585,8.E-02));
#444 = CIRCLE('',#445,4.E-02);
#445 = AXIS2_PLACEMENT_3D('',#446,#447,#448);
#446 = CARTESIAN_POINT('',(0.6,-0.545,8.E-02));
#447 = DIRECTION('',(1.,0.,-0.));
#448 = DIRECTION('',(0.,0.,1.));
#449 = ORIENTED_EDGE('',*,*,#450,.F.);
#450 = EDGE_CURVE('',#357,#442,#451,.T.);
#451 = LINE('',#452,#453);
#452 = CARTESIAN_POINT('',(-0.6,-0.585,8.E-02));
#453 = VECTOR('',#454,1.);
#454 = DIRECTION('',(1.,0.,0.));
#455 = CYLINDRICAL_SURFACE('',#456,4.E-02);
#456 = AXIS2_PLACEMENT_3D('',#457,#458,#459);
#457 = CARTESIAN_POINT('',(-0.6,-0.545,8.E-02));
#458 = DIRECTION('',(1.,0.,0.));
#459 = DIRECTION('',(0.,-1.,0.));
#460 = ADVANCED_FACE('',(#461),#479,.F.);
#461 = FACE_BOUND('',#462,.F.);
#462 = EDGE_LOOP('',(#463,#464,#465,#473));
#463 = ORIENTED_EDGE('',*,*,#418,.F.);
#464 = ORIENTED_EDGE('',*,*,#433,.T.);
#465 = ORIENTED_EDGE('',*,*,#466,.T.);
#466 = EDGE_CURVE('',#434,#467,#469,.T.);
#467 = VERTEX_POINT('',#468);
#468 = CARTESIAN_POINT('',(0.6,0.545,4.E-02));
#469 = LINE('',#470,#471);
#470 = CARTESIAN_POINT('',(0.6,-0.585,4.E-02));
#471 = VECTOR('',#472,1.);
#472 = DIRECTION('',(0.,1.,0.));
#473 = ORIENTED_EDGE('',*,*,#474,.F.);
#474 = EDGE_CURVE('',#410,#467,#475,.T.);
#475 = LINE('',#476,#477);
#476 = CARTESIAN_POINT('',(-0.6,0.545,4.E-02));
#477 = VECTOR('',#478,1.);
#478 = DIRECTION('',(1.,0.,0.));
#479 = PLANE('',#480);
#480 = AXIS2_PLACEMENT_3D('',#481,#482,#483);
#481 = CARTESIAN_POINT('',(-0.6,-0.585,4.E-02));
#482 = DIRECTION('',(0.,0.,1.));
#483 = DIRECTION('',(1.,0.,-0.));
#484 = ADVANCED_FACE('',(#485),#504,.T.);
#485 = FACE_BOUND('',#486,.T.);
#486 = EDGE_LOOP('',(#487,#495,#502,#503));
#487 = ORIENTED_EDGE('',*,*,#488,.T.);
#488 = EDGE_CURVE('',#402,#489,#491,.T.);
#489 = VERTEX_POINT('',#490);
#490 = CARTESIAN_POINT('',(0.6,0.585,8.E-02));
#491 = LINE('',#492,#493);
#492 = CARTESIAN_POINT('',(-0.6,0.585,8.E-02));
#493 = VECTOR('',#494,1.);
#494 = DIRECTION('',(1.,0.,0.));
#495 = ORIENTED_EDGE('',*,*,#496,.T.);
#496 = EDGE_CURVE('',#489,#467,#497,.T.);
#497 = CIRCLE('',#498,4.E-02);
#498 = AXIS2_PLACEMENT_3D('',#499,#500,#501);
#499 = CARTESIAN_POINT('',(0.6,0.545,8.E-02));
#500 = DIRECTION('',(-1.,0.,0.));
#501 = DIRECTION('',(0.,0.,1.));
#502 = ORIENTED_EDGE('',*,*,#474,.F.);
#503 = ORIENTED_EDGE('',*,*,#409,.F.);
#504 = CYLINDRICAL_SURFACE('',#505,4.E-02);
#505 = AXIS2_PLACEMENT_3D('',#506,#507,#508);
#506 = CARTESIAN_POINT('',(-0.6,0.545,8.E-02));
#507 = DIRECTION('',(1.,0.,0.));
#508 = DIRECTION('',(-0.,1.,0.));
#509 = ADVANCED_FACE('',(#510),#528,.T.);
#510 = FACE_BOUND('',#511,.T.);
#511 = EDGE_LOOP('',(#512,#520,#521,#522));
#512 = ORIENTED_EDGE('',*,*,#513,.F.);
#513 = EDGE_CURVE('',#489,#514,#516,.T.);
#514 = VERTEX_POINT('',#515);
#515 = CARTESIAN_POINT('',(0.6,0.585,1.17));
#516 = LINE('',#517,#518);
#517 = CARTESIAN_POINT('',(0.6,0.585,4.E-02));
#518 = VECTOR('',#519,1.);
#519 = DIRECTION('',(0.,0.,1.));
#520 = ORIENTED_EDGE('',*,*,#488,.F.);
#521 = ORIENTED_EDGE('',*,*,#401,.T.);
#522 = ORIENTED_EDGE('',*,*,#523,.T.);
#523 = EDGE_CURVE('',#393,#514,#524,.T.);
#524 = LINE('',#525,#526);
#525 = CARTESIAN_POINT('',(-0.6,0.585,1.17));
#526 = VECTOR('',#527,1.);
#527 = DIRECTION('',(1.,0.,0.));
#528 = PLANE('',#529);
#529 = AXIS2_PLACEMENT_3D('',#530,#531,#532);
#530 = CARTESIAN_POINT('',(-0.6,0.585,4.E-02));
#531 = DIRECTION('',(0.,1.,0.));
#532 = DIRECTION('',(0.,-0.,1.));
#533 = ADVANCED_FACE('',(#534),#553,.T.);
#534 = FACE_BOUND('',#535,.T.);
#535 = EDGE_LOOP('',(#536,#537,#545,#552));
#536 = ORIENTED_EDGE('',*,*,#392,.T.);
#537 = ORIENTED_EDGE('',*,*,#538,.T.);
#538 = EDGE_CURVE('',#385,#539,#541,.T.);
#539 = VERTEX_POINT('',#540);
#540 = CARTESIAN_POINT('',(0.6,0.545,1.21));
#541 = LINE('',#542,#543);
#542 = CARTESIAN_POINT('',(-0.6,0.545,1.21));
#543 = VECTOR('',#544,1.);
#544 = DIRECTION('',(1.,0.,0.));
#545 = ORIENTED_EDGE('',*,*,#546,.F.);
#546 = EDGE_CURVE('',#514,#539,#547,.T.);
#547 = CIRCLE('',#548,4.E-02);
#548 = AXIS2_PLACEMENT_3D('',#549,#550,#551);
#549 = CARTESIAN_POINT('',(0.6,0.545,1.17));
#550 = DIRECTION('',(1.,0.,-0.));
#551 = DIRECTION('',(0.,0.,1.));
#552 = ORIENTED_EDGE('',*,*,#523,.F.);
#553 = CYLINDRICAL_SURFACE('',#554,4.E-02);
#554 = AXIS2_PLACEMENT_3D('',#555,#556,#557);
#555 = CARTESIAN_POINT('',(-0.6,0.545,1.17));
#556 = DIRECTION('',(1.,0.,0.));
#557 = DIRECTION('',(-0.,1.,0.));
#558 = ADVANCED_FACE('',(#559),#577,.T.);
#559 = FACE_BOUND('',#560,.T.);
#560 = EDGE_LOOP('',(#561,#562,#570,#576));
#561 = ORIENTED_EDGE('',*,*,#384,.F.);
#562 = ORIENTED_EDGE('',*,*,#563,.T.);
#563 = EDGE_CURVE('',#376,#564,#566,.T.);
#564 = VERTEX_POINT('',#565);
#565 = CARTESIAN_POINT('',(0.6,-0.545,1.21));
#566 = LINE('',#567,#568);
#567 = CARTESIAN_POINT('',(-0.6,-0.545,1.21));
#568 = VECTOR('',#569,1.);
#569 = DIRECTION('',(1.,0.,0.));
#570 = ORIENTED_EDGE('',*,*,#571,.T.);
#571 = EDGE_CURVE('',#564,#539,#572,.T.);
#572 = LINE('',#573,#574);
#573 = CARTESIAN_POINT('',(0.6,-0.585,1.21));
#574 = VECTOR('',#575,1.);
#575 = DIRECTION('',(0.,1.,0.));
#576 = ORIENTED_EDGE('',*,*,#538,.F.);
#577 = PLANE('',#578);
#578 = AXIS2_PLACEMENT_3D('',#579,#580,#581);
#579 = CARTESIAN_POINT('',(-0.6,-0.585,1.21));
#580 = DIRECTION('',(0.,0.,1.));
#581 = DIRECTION('',(1.,0.,-0.));
#582 = ADVANCED_FACE('',(#583),#602,.T.);
#583 = FACE_BOUND('',#584,.T.);
#584 = EDGE_LOOP('',(#585,#593,#600,#601));
#585 = ORIENTED_EDGE('',*,*,#586,.T.);
#586 = EDGE_CURVE('',#368,#587,#589,.T.);
#587 = VERTEX_POINT('',#588);
#588 = CARTESIAN_POINT('',(0.6,-0.585,1.17));
#589 = LINE('',#590,#591);
#590 = CARTESIAN_POINT('',(-0.6,-0.585,1.17));
#591 = VECTOR('',#592,1.);
#592 = DIRECTION('',(1.,0.,0.));
#593 = ORIENTED_EDGE('',*,*,#594,.T.);
#594 = EDGE_CURVE('',#587,#564,#595,.T.);
#595 = CIRCLE('',#596,4.E-02);
#596 = AXIS2_PLACEMENT_3D('',#597,#598,#599);
#597 = CARTESIAN_POINT('',(0.6,-0.545,1.17));
#598 = DIRECTION('',(-1.,0.,0.));
#599 = DIRECTION('',(0.,0.,1.));
#600 = ORIENTED_EDGE('',*,*,#563,.F.);
#601 = ORIENTED_EDGE('',*,*,#375,.F.);
#602 = CYLINDRICAL_SURFACE('',#603,4.E-02);
#603 = AXIS2_PLACEMENT_3D('',#604,#605,#606);
#604 = CARTESIAN_POINT('',(-0.6,-0.545,1.17));
#605 = DIRECTION('',(1.,0.,0.));
#606 = DIRECTION('',(0.,-1.,0.));
#607 = ADVANCED_FACE('',(#608),#619,.F.);
#608 = FACE_BOUND('',#609,.F.);
#609 = EDGE_LOOP('',(#610,#616,#617,#618));
#610 = ORIENTED_EDGE('',*,*,#611,.F.);
#611 = EDGE_CURVE('',#442,#587,#612,.T.);
#612 = LINE('',#613,#614);
#613 = CARTESIAN_POINT('',(0.6,-0.585,4.E-02));
#614 = VECTOR('',#615,1.);
#615 = DIRECTION('',(0.,0.,1.));
#616 = ORIENTED_EDGE('',*,*,#450,.F.);
#617 = ORIENTED_EDGE('',*,*,#367,.T.);
#618 = ORIENTED_EDGE('',*,*,#586,.T.);
#619 = PLANE('',#620);
#620 = AXIS2_PLACEMENT_3D('',#621,#622,#623);
#621 = CARTESIAN_POINT('',(-0.6,-0.585,4.E-02));
#622 = DIRECTION('',(0.,1.,0.));
#623 = DIRECTION('',(0.,-0.,1.));
#624 = ADVANCED_FACE('',(#625,#695),#705,.F.);
#625 = FACE_BOUND('',#626,.F.);
#626 = EDGE_LOOP('',(#627,#637,#646,#654,#663,#671,#680,#688));
#627 = ORIENTED_EDGE('',*,*,#628,.F.);
#628 = EDGE_CURVE('',#629,#631,#633,.T.);
#629 = VERTEX_POINT('',#630);
#630 = CARTESIAN_POINT('',(0.6,-0.625,4.E-02));
#631 = VERTEX_POINT('',#632);
#632 = CARTESIAN_POINT('',(0.6,-0.625,1.21));
#633 = LINE('',#634,#635);
#634 = CARTESIAN_POINT('',(0.6,-0.625,0.));
#635 = VECTOR('',#636,1.);
#636 = DIRECTION('',(0.,0.,1.));
#637 = ORIENTED_EDGE('',*,*,#638,.T.);
#638 = EDGE_CURVE('',#629,#639,#641,.T.);
#639 = VERTEX_POINT('',#640);
#640 = CARTESIAN_POINT('',(0.6,-0.585,0.));
#641 = CIRCLE('',#642,4.E-02);
#642 = AXIS2_PLACEMENT_3D('',#643,#644,#645);
#643 = CARTESIAN_POINT('',(0.6,-0.585,4.E-02));
#644 = DIRECTION('',(1.,0.,-0.));
#645 = DIRECTION('',(0.,0.,1.));
#646 = ORIENTED_EDGE('',*,*,#647,.T.);
#647 = EDGE_CURVE('',#639,#648,#650,.T.);
#648 = VERTEX_POINT('',#649);
#649 = CARTESIAN_POINT('',(0.6,0.585,0.));
#650 = LINE('',#651,#652);
#651 = CARTESIAN_POINT('',(0.6,-0.625,0.));
#652 = VECTOR('',#653,1.);
#653 = DIRECTION('',(0.,1.,0.));
#654 = ORIENTED_EDGE('',*,*,#655,.F.);
#655 = EDGE_CURVE('',#656,#648,#658,.T.);
#656 = VERTEX_POINT('',#657);
#657 = CARTESIAN_POINT('',(0.6,0.625,4.E-02));
#658 = CIRCLE('',#659,4.E-02);
#659 = AXIS2_PLACEMENT_3D('',#660,#661,#662);
#660 = CARTESIAN_POINT('',(0.6,0.585,4.E-02));
#661 = DIRECTION('',(-1.,0.,0.));
#662 = DIRECTION('',(0.,0.,1.));
#663 = ORIENTED_EDGE('',*,*,#664,.T.);
#664 = EDGE_CURVE('',#656,#665,#667,.T.);
#665 = VERTEX_POINT('',#666);
#666 = CARTESIAN_POINT('',(0.6,0.625,1.21));
#667 = LINE('',#668,#669);
#668 = CARTESIAN_POINT('',(0.6,0.625,0.));
#669 = VECTOR('',#670,1.);
#670 = DIRECTION('',(0.,0.,1.));
#671 = ORIENTED_EDGE('',*,*,#672,.T.);
#672 = EDGE_CURVE('',#665,#673,#675,.T.);
#673 = VERTEX_POINT('',#674);
#674 = CARTESIAN_POINT('',(0.6,0.585,1.25));
#675 = CIRCLE('',#676,4.E-02);
#676 = AXIS2_PLACEMENT_3D('',#677,#678,#679);
#677 = CARTESIAN_POINT('',(0.6,0.585,1.21));
#678 = DIRECTION('',(1.,0.,-0.));
#679 = DIRECTION('',(0.,0.,1.));
#680 = ORIENTED_EDGE('',*,*,#681,.F.);
#681 = EDGE_CURVE('',#682,#673,#684,.T.);
#682 = VERTEX_POINT('',#683);
#683 = CARTESIAN_POINT('',(0.6,-0.585,1.25));
#684 = LINE('',#685,#686);
#685 = CARTESIAN_POINT('',(0.6,-0.625,1.25));
#686 = VECTOR('',#687,1.);
#687 = DIRECTION('',(0.,1.,0.));
#688 = ORIENTED_EDGE('',*,*,#689,.F.);
#689 = EDGE_CURVE('',#631,#682,#690,.T.);
#690 = CIRCLE('',#691,4.E-02);
#691 = AXIS2_PLACEMENT_3D('',#692,#693,#694);
#692 = CARTESIAN_POINT('',(0.6,-0.585,1.21));
#693 = DIRECTION('',(-1.,0.,0.));
#694 = DIRECTION('',(0.,0.,1.));
#695 = FACE_BOUND('',#696,.F.);
#696 = EDGE_LOOP('',(#697,#698,#699,#700,#701,#702,#703,#704));
#697 = ORIENTED_EDGE('',*,*,#441,.F.);
#698 = ORIENTED_EDGE('',*,*,#611,.T.);
#699 = ORIENTED_EDGE('',*,*,#594,.T.);
#700 = ORIENTED_EDGE('',*,*,#571,.T.);
#701 = ORIENTED_EDGE('',*,*,#546,.F.);
#702 = ORIENTED_EDGE('',*,*,#513,.F.);
#703 = ORIENTED_EDGE('',*,*,#496,.T.);
#704 = ORIENTED_EDGE('',*,*,#466,.F.);
#705 = PLANE('',#706);
#706 = AXIS2_PLACEMENT_3D('',#707,#708,#709);
#707 = CARTESIAN_POINT('',(0.6,-0.625,0.));
#708 = DIRECTION('',(1.,0.,0.));
#709 = DIRECTION('',(0.,0.,1.));
#710 = ADVANCED_FACE('',(#711),#736,.F.);
#711 = FACE_BOUND('',#712,.F.);
#712 = EDGE_LOOP('',(#713,#723,#729,#730));
#713 = ORIENTED_EDGE('',*,*,#714,.F.);
#714 = EDGE_CURVE('',#715,#717,#719,.T.);
#715 = VERTEX_POINT('',#716);
#716 = CARTESIAN_POINT('',(1.,-0.625,4.E-02));
#717 = VERTEX_POINT('',#718);
#718 = CARTESIAN_POINT('',(1.,-0.625,1.21));
#719 = LINE('',#720,#721);
#720 = CARTESIAN_POINT('',(1.,-0.625,0.));
#721 = VECTOR('',#722,1.);
#722 = DIRECTION('',(0.,0.,1.));
#723 = ORIENTED_EDGE('',*,*,#724,.F.);
#724 = EDGE_CURVE('',#629,#715,#725,.T.);
#725 = LINE('',#726,#727);
#726 = CARTESIAN_POINT('',(0.6,-0.625,4.E-02));
#727 = VECTOR('',#728,1.);
#728 = DIRECTION('',(1.,0.,0.));
#729 = ORIENTED_EDGE('',*,*,#628,.T.);
#730 = ORIENTED_EDGE('',*,*,#731,.T.);
#731 = EDGE_CURVE('',#631,#717,#732,.T.);
#732 = LINE('',#733,#734);
#733 = CARTESIAN_POINT('',(0.6,-0.625,1.21));
#734 = VECTOR('',#735,1.);
#735 = DIRECTION('',(1.,0.,0.));
#736 = PLANE('',#737);
#737 = AXIS2_PLACEMENT_3D('',#738,#739,#740);
#738 = CARTESIAN_POINT('',(0.6,-0.625,0.));
#739 = DIRECTION('',(0.,1.,0.));
#740 = DIRECTION('',(0.,-0.,1.));
#741 = ADVANCED_FACE('',(#742),#761,.T.);
#742 = FACE_BOUND('',#743,.T.);
#743 = EDGE_LOOP('',(#744,#745,#753,#760));
#744 = ORIENTED_EDGE('',*,*,#638,.T.);
#745 = ORIENTED_EDGE('',*,*,#746,.T.);
#746 = EDGE_CURVE('',#639,#747,#749,.T.);
#747 = VERTEX_POINT('',#748);
#748 = CARTESIAN_POINT('',(1.,-0.585,0.));
#749 = LINE('',#750,#751);
#750 = CARTESIAN_POINT('',(0.6,-0.585,0.));
#751 = VECTOR('',#752,1.);
#752 = DIRECTION('',(1.,0.,0.));
#753 = ORIENTED_EDGE('',*,*,#754,.F.);
#754 = EDGE_CURVE('',#715,#747,#755,.T.);
#755 = CIRCLE('',#756,4.E-02);
#756 = AXIS2_PLACEMENT_3D('',#757,#758,#759);
#757 = CARTESIAN_POINT('',(1.,-0.585,4.E-02));
#758 = DIRECTION('',(1.,0.,-0.));
#759 = DIRECTION('',(0.,0.,1.));
#760 = ORIENTED_EDGE('',*,*,#724,.F.);
#761 = CYLINDRICAL_SURFACE('',#762,4.E-02);
#762 = AXIS2_PLACEMENT_3D('',#763,#764,#765);
#763 = CARTESIAN_POINT('',(0.6,-0.585,4.E-02));
#764 = DIRECTION('',(1.,0.,0.));
#765 = DIRECTION('',(0.,-1.,0.));
#766 = ADVANCED_FACE('',(#767),#786,.T.);
#767 = FACE_BOUND('',#768,.T.);
#768 = EDGE_LOOP('',(#769,#770,#779,#785));
#769 = ORIENTED_EDGE('',*,*,#731,.T.);
#770 = ORIENTED_EDGE('',*,*,#771,.T.);
#771 = EDGE_CURVE('',#717,#772,#774,.T.);
#772 = VERTEX_POINT('',#773);
#773 = CARTESIAN_POINT('',(1.,-0.585,1.25));
#774 = CIRCLE('',#775,4.E-02);
#775 = AXIS2_PLACEMENT_3D('',#776,#777,#778);
#776 = CARTESIAN_POINT('',(1.,-0.585,1.21));
#777 = DIRECTION('',(-1.,0.,0.));
#778 = DIRECTION('',(0.,0.,1.));
#779 = ORIENTED_EDGE('',*,*,#780,.F.);
#780 = EDGE_CURVE('',#682,#772,#781,.T.);
#781 = LINE('',#782,#783);
#782 = CARTESIAN_POINT('',(0.6,-0.585,1.25));
#783 = VECTOR('',#784,1.);
#784 = DIRECTION('',(1.,0.,0.));
#785 = ORIENTED_EDGE('',*,*,#689,.F.);
#786 = CYLINDRICAL_SURFACE('',#787,4.E-02);
#787 = AXIS2_PLACEMENT_3D('',#788,#789,#790);
#788 = CARTESIAN_POINT('',(0.6,-0.585,1.21));
#789 = DIRECTION('',(1.,0.,0.));
#790 = DIRECTION('',(0.,-1.,0.));
#791 = ADVANCED_FACE('',(#792),#810,.F.);
#792 = FACE_BOUND('',#793,.F.);
#793 = EDGE_LOOP('',(#794,#795,#796,#804));
#794 = ORIENTED_EDGE('',*,*,#647,.F.);
#795 = ORIENTED_EDGE('',*,*,#746,.T.);
#796 = ORIENTED_EDGE('',*,*,#797,.T.);
#797 = EDGE_CURVE('',#747,#798,#800,.T.);
#798 = VERTEX_POINT('',#799);
#799 = CARTESIAN_POINT('',(1.,0.585,0.));
#800 = LINE('',#801,#802);
#801 = CARTESIAN_POINT('',(1.,-0.625,0.));
#802 = VECTOR('',#803,1.);
#803 = DIRECTION('',(0.,1.,0.));
#804 = ORIENTED_EDGE('',*,*,#805,.F.);
#805 = EDGE_CURVE('',#648,#798,#806,.T.);
#806 = LINE('',#807,#808);
#807 = CARTESIAN_POINT('',(0.6,0.585,0.));
#808 = VECTOR('',#809,1.);
#809 = DIRECTION('',(1.,0.,0.));
#810 = PLANE('',#811);
#811 = AXIS2_PLACEMENT_3D('',#812,#813,#814);
#812 = CARTESIAN_POINT('',(0.6,-0.625,0.));
#813 = DIRECTION('',(0.,0.,1.));
#814 = DIRECTION('',(1.,0.,-0.));
#815 = ADVANCED_FACE('',(#816),#834,.T.);
#816 = FACE_BOUND('',#817,.T.);
#817 = EDGE_LOOP('',(#818,#819,#820,#828));
#818 = ORIENTED_EDGE('',*,*,#681,.F.);
#819 = ORIENTED_EDGE('',*,*,#780,.T.);
#820 = ORIENTED_EDGE('',*,*,#821,.T.);
#821 = EDGE_CURVE('',#772,#822,#824,.T.);
#822 = VERTEX_POINT('',#823);
#823 = CARTESIAN_POINT('',(1.,0.585,1.25));
#824 = LINE('',#825,#826);
#825 = CARTESIAN_POINT('',(1.,-0.625,1.25));
#826 = VECTOR('',#827,1.);
#827 = DIRECTION('',(0.,1.,0.));
#828 = ORIENTED_EDGE('',*,*,#829,.F.);
#829 = EDGE_CURVE('',#673,#822,#830,.T.);
#830 = LINE('',#831,#832);
#831 = CARTESIAN_POINT('',(0.6,0.585,1.25));
#832 = VECTOR('',#833,1.);
#833 = DIRECTION('',(1.,0.,0.));
#834 = PLANE('',#835);
#835 = AXIS2_PLACEMENT_3D('',#836,#837,#838);
#836 = CARTESIAN_POINT('',(0.6,-0.625,1.25));
#837 = DIRECTION('',(0.,0.,1.));
#838 = DIRECTION('',(1.,0.,-0.));
#839 = ADVANCED_FACE('',(#840),#859,.T.);
#840 = FACE_BOUND('',#841,.T.);
#841 = EDGE_LOOP('',(#842,#850,#857,#858));
#842 = ORIENTED_EDGE('',*,*,#843,.T.);
#843 = EDGE_CURVE('',#656,#844,#846,.T.);
#844 = VERTEX_POINT('',#845);
#845 = CARTESIAN_POINT('',(1.,0.625,4.E-02));
#846 = LINE('',#847,#848);
#847 = CARTESIAN_POINT('',(0.6,0.625,4.E-02));
#848 = VECTOR('',#849,1.);
#849 = DIRECTION('',(1.,0.,0.));
#850 = ORIENTED_EDGE('',*,*,#851,.T.);
#851 = EDGE_CURVE('',#844,#798,#852,.T.);
#852 = CIRCLE('',#853,4.E-02);
#853 = AXIS2_PLACEMENT_3D('',#854,#855,#856);
#854 = CARTESIAN_POINT('',(1.,0.585,4.E-02));
#855 = DIRECTION('',(-1.,0.,0.));
#856 = DIRECTION('',(0.,0.,1.));
#857 = ORIENTED_EDGE('',*,*,#805,.F.);
#858 = ORIENTED_EDGE('',*,*,#655,.F.);
#859 = CYLINDRICAL_SURFACE('',#860,4.E-02);
#860 = AXIS2_PLACEMENT_3D('',#861,#862,#863);
#861 = CARTESIAN_POINT('',(0.6,0.585,4.E-02));
#862 = DIRECTION('',(1.,0.,0.));
#863 = DIRECTION('',(-0.,1.,0.));
#864 = ADVANCED_FACE('',(#865),#884,.T.);
#865 = FACE_BOUND('',#866,.T.);
#866 = EDGE_LOOP('',(#867,#868,#869,#878));
#867 = ORIENTED_EDGE('',*,*,#672,.T.);
#868 = ORIENTED_EDGE('',*,*,#829,.T.);
#869 = ORIENTED_EDGE('',*,*,#870,.F.);
#870 = EDGE_CURVE('',#871,#822,#873,.T.);
#871 = VERTEX_POINT('',#872);
#872 = CARTESIAN_POINT('',(1.,0.625,1.21));
#873 = CIRCLE('',#874,4.E-02);
#874 = AXIS2_PLACEMENT_3D('',#875,#876,#877);
#875 = CARTESIAN_POINT('',(1.,0.585,1.21));
#876 = DIRECTION('',(1.,0.,-0.));
#877 = DIRECTION('',(0.,0.,1.));
#878 = ORIENTED_EDGE('',*,*,#879,.F.);
#879 = EDGE_CURVE('',#665,#871,#880,.T.);
#880 = LINE('',#881,#882);
#881 = CARTESIAN_POINT('',(0.6,0.625,1.21));
#882 = VECTOR('',#883,1.);
#883 = DIRECTION('',(1.,0.,0.));
#884 = CYLINDRICAL_SURFACE('',#885,4.E-02);
#885 = AXIS2_PLACEMENT_3D('',#886,#887,#888);
#886 = CARTESIAN_POINT('',(0.6,0.585,1.21));
#887 = DIRECTION('',(1.,0.,0.));
#888 = DIRECTION('',(-0.,1.,0.));
#889 = ADVANCED_FACE('',(#890),#901,.T.);
#890 = FACE_BOUND('',#891,.T.);
#891 = EDGE_LOOP('',(#892,#898,#899,#900));
#892 = ORIENTED_EDGE('',*,*,#893,.F.);
#893 = EDGE_CURVE('',#844,#871,#894,.T.);
#894 = LINE('',#895,#896);
#895 = CARTESIAN_POINT('',(1.,0.625,0.));
#896 = VECTOR('',#897,1.);
#897 = DIRECTION('',(0.,0.,1.));
#898 = ORIENTED_EDGE('',*,*,#843,.F.);
#899 = ORIENTED_EDGE('',*,*,#664,.T.);
#900 = ORIENTED_EDGE('',*,*,#879,.T.);
#901 = PLANE('',#902);
#902 = AXIS2_PLACEMENT_3D('',#903,#904,#905);
#903 = CARTESIAN_POINT('',(0.6,0.625,0.));
#904 = DIRECTION('',(0.,1.,0.));
#905 = DIRECTION('',(0.,-0.,1.));
#906 = ADVANCED_FACE('',(#907),#917,.T.);
#907 = FACE_BOUND('',#908,.T.);
#908 = EDGE_LOOP('',(#909,#910,#911,#912,#913,#914,#915,#916));
#909 = ORIENTED_EDGE('',*,*,#714,.F.);
#910 = ORIENTED_EDGE('',*,*,#754,.T.);
#911 = ORIENTED_EDGE('',*,*,#797,.T.);
#912 = ORIENTED_EDGE('',*,*,#851,.F.);
#913 = ORIENTED_EDGE('',*,*,#893,.T.);
#914 = ORIENTED_EDGE('',*,*,#870,.T.);
#915 = ORIENTED_EDGE('',*,*,#821,.F.);
#916 = ORIENTED_EDGE('',*,*,#771,.F.);
#917 = PLANE('',#918);
#918 = AXIS2_PLACEMENT_3D('',#919,#920,#921);
#919 = CARTESIAN_POINT('',(1.,-0.625,0.));
#920 = DIRECTION('',(1.,0.,0.));
#921 = DIRECTION('',(0.,0.,1.));
#922 = ( GEOMETRIC_REPRESENTATION_CONTEXT(3) 
GLOBAL_UNCERTAINTY_ASSIGNED_CONTEXT((#926)) GLOBAL_UNIT_ASSIGNED_CONTEXT
((#923,#924,#925)) REPRESENTATION_CONTEXT('Context #1',
  '3D Context with UNIT and UNCERTAINTY') );
#923 = ( LENGTH_UNIT() NAMED_UNIT(*) SI_UNIT(.MILLI.,.METRE.) );
#924 = ( NAMED_UNIT(*) PLANE_ANGLE_UNIT() SI_UNIT($,.RADIAN.) );
#925 = ( NAMED_UNIT(*) SI_UNIT($,.STERADIAN.) SOLID_ANGLE_UNIT() );
#926 = UNCERTAINTY_MEASURE_WITH_UNIT(LENGTH_MEASURE(1.E-07),#923,
  'distance_accuracy_value','confusion accuracy');
#927 = CONTEXT_DEPENDENT_SHAPE_REPRESENTATION(#928,#930);
#928 = ( REPRESENTATION_RELATIONSHIP('','',#67,#44) 
REPRESENTATION_RELATIONSHIP_WITH_TRANSFORMATION(#929) 
SHAPE_REPRESENTATION_RELATIONSHIP() );
#929 = ITEM_DEFINED_TRANSFORMATION('','',#11,#45);
#930 = PRODUCT_DEFINITION_SHAPE('Placement','Placement of an item',#931
  );
#931 = NEXT_ASSEMBLY_USAGE_OCCURRENCE('1','=>[0:1:1:3]','',#39,#62,$);
#932 = PRODUCT_RELATED_PRODUCT_CATEGORY('part',$,(#64));
#933 = SHAPE_DEFINITION_REPRESENTATION(#934,#940);
#934 = PRODUCT_DEFINITION_SHAPE('','',#935);
#935 = PRODUCT_DEFINITION('design','',#936,#939);
#936 = PRODUCT_DEFINITION_FORMATION('','',#937);
#937 = PRODUCT('C_1206_3216Metric','C_1206_3216Metric','',(#938));
#938 = PRODUCT_CONTEXT('',#2,'mechanical');
#939 = PRODUCT_DEFINITION_CONTEXT('part definition',#2,'design');
#940 = SHAPE_REPRESENTATION('',(#11,#941),#945);
#941 = AXIS2_PLACEMENT_3D('',#942,#943,#944);
#942 = CARTESIAN_POINT('',(0.,0.,0.));
#943 = DIRECTION('',(0.,0.,1.));
#944 = DIRECTION('',(1.,0.,-0.));
#945 = ( GEOMETRIC_REPRESENTATION_CONTEXT(3) 
GLOBAL_UNCERTAINTY_ASSIGNED_CONTEXT((#949)) GLOBAL_UNIT_ASSIGNED_CONTEXT
((#946,#947,#948)) REPRESENTATION_CONTEXT('Context #1',
  '3D Context with UNIT and UNCERTAINTY') );
#946 = ( LENGTH_UNIT() NAMED_UNIT(*) SI_UNIT(.MILLI.,.METRE.) );
#947 = ( NAMED_UNIT(*) PLANE_ANGLE_UNIT() SI_UNIT($,.RADIAN.) );
#948 = ( NAMED_UNIT(*) SI_UNIT($,.STERADIAN.) SOLID_ANGLE_UNIT() );
#949 = UNCERTAINTY_MEASURE_WITH_UNIT(LENGTH_MEASURE(1.E-07),#946,
  'distance_accuracy_value','confusion accuracy');
#950 = CONTEXT_DEPENDENT_SHAPE_REPRESENTATION(#951,#953);
#951 = ( REPRESENTATION_RELATIONSHIP('','',#940,#10) 
REPRESENTATION_RELATIONSHIP_WITH_TRANSFORMATION(#952) 
SHAPE_REPRESENTATION_RELATIONSHIP() );
#952 = ITEM_DEFINED_TRANSFORMATION('','',#11,#19);
#953 = PRODUCT_DEFINITION_SHAPE('Placement','Placement of an item',#954
  );
#954 = NEXT_ASSEMBLY_USAGE_OCCURRENCE('4','C2','',#5,#935,$);
#955 = PRODUCT_RELATED_PRODUCT_CATEGORY('part',$,(#937));
#956 = SHAPE_DEFINITION_REPRESENTATION(#957,#963);
#957 = PRODUCT_DEFINITION_SHAPE('','',#958);
#958 = PRODUCT_DEFINITION('design','',#959,#962);
#959 = PRODUCT_DEFINITION_FORMATION('','',#960);
#960 = PRODUCT('C_1206_3216Metric','C_1206_3216Metric','',(#961));
#961 = PRODUCT_CONTEXT('',#2,'mechanical');
#962 = PRODUCT_DEFINITION_CONTEXT('part definition',#2,'design');
#963 = ADVANCED_BREP_SHAPE_REPRESENTATION('',(#11,#964),#1818);
#964 = MANIFOLD_SOLID_BREP('',#965);
#965 = CLOSED_SHELL('',(#966,#1042,#1073,#1098,#1123,#1147,#1171,#1196,
    #1221,#1238,#1324,#1356,#1380,#1405,#1429,#1454,#1478,#1503,#1520,
    #1606,#1637,#1662,#1687,#1711,#1735,#1760,#1785,#1802));
#966 = ADVANCED_FACE('',(#967),#1037,.F.);
#967 = FACE_BOUND('',#968,.F.);
#968 = EDGE_LOOP('',(#969,#979,#988,#996,#1005,#1013,#1022,#1030));
#969 = ORIENTED_EDGE('',*,*,#970,.F.);
#970 = EDGE_CURVE('',#971,#973,#975,.T.);
#971 = VERTEX_POINT('',#972);
#972 = CARTESIAN_POINT('',(-1.6,-0.8,4.E-02));
#973 = VERTEX_POINT('',#974);
#974 = CARTESIAN_POINT('',(-1.6,-0.8,1.56));
#975 = LINE('',#976,#977);
#976 = CARTESIAN_POINT('',(-1.6,-0.8,0.));
#977 = VECTOR('',#978,1.);
#978 = DIRECTION('',(0.,0.,1.));
#979 = ORIENTED_EDGE('',*,*,#980,.T.);
#980 = EDGE_CURVE('',#971,#981,#983,.T.);
#981 = VERTEX_POINT('',#982);
#982 = CARTESIAN_POINT('',(-1.6,-0.76,0.));
#983 = CIRCLE('',#984,4.E-02);
#984 = AXIS2_PLACEMENT_3D('',#985,#986,#987);
#985 = CARTESIAN_POINT('',(-1.6,-0.76,4.E-02));
#986 = DIRECTION('',(1.,0.,-0.));
#987 = DIRECTION('',(0.,0.,1.));
#988 = ORIENTED_EDGE('',*,*,#989,.T.);
#989 = EDGE_CURVE('',#981,#990,#992,.T.);
#990 = VERTEX_POINT('',#991);
#991 = CARTESIAN_POINT('',(-1.6,0.76,0.));
#992 = LINE('',#993,#994);
#993 = CARTESIAN_POINT('',(-1.6,-0.8,0.));
#994 = VECTOR('',#995,1.);
#995 = DIRECTION('',(0.,1.,0.));
#996 = ORIENTED_EDGE('',*,*,#997,.F.);
#997 = EDGE_CURVE('',#998,#990,#1000,.T.);
#998 = VERTEX_POINT('',#999);
#999 = CARTESIAN_POINT('',(-1.6,0.8,4.E-02));
#1000 = CIRCLE('',#1001,4.E-02);
#1001 = AXIS2_PLACEMENT_3D('',#1002,#1003,#1004);
#1002 = CARTESIAN_POINT('',(-1.6,0.76,4.E-02));
#1003 = DIRECTION('',(-1.,0.,0.));
#1004 = DIRECTION('',(0.,0.,1.));
#1005 = ORIENTED_EDGE('',*,*,#1006,.T.);
#1006 = EDGE_CURVE('',#998,#1007,#1009,.T.);
#1007 = VERTEX_POINT('',#1008);
#1008 = CARTESIAN_POINT('',(-1.6,0.8,1.56));
#1009 = LINE('',#1010,#1011);
#1010 = CARTESIAN_POINT('',(-1.6,0.8,0.));
#1011 = VECTOR('',#1012,1.);
#1012 = DIRECTION('',(0.,0.,1.));
#1013 = ORIENTED_EDGE('',*,*,#1014,.T.);
#1014 = EDGE_CURVE('',#1007,#1015,#1017,.T.);
#1015 = VERTEX_POINT('',#1016);
#1016 = CARTESIAN_POINT('',(-1.6,0.76,1.6));
#1017 = CIRCLE('',#1018,4.E-02);
#1018 = AXIS2_PLACEMENT_3D('',#1019,#1020,#1021);
#1019 = CARTESIAN_POINT('',(-1.6,0.76,1.56));
#1020 = DIRECTION('',(1.,0.,-0.));
#1021 = DIRECTION('',(0.,0.,1.));
#1022 = ORIENTED_EDGE('',*,*,#1023,.F.);
#1023 = EDGE_CURVE('',#1024,#1015,#1026,.T.);
#1024 = VERTEX_POINT('',#1025);
#1025 = CARTESIAN_POINT('',(-1.6,-0.76,1.6));
#1026 = LINE('',#1027,#1028);
#1027 = CARTESIAN_POINT('',(-1.6,-0.8,1.6));
#1028 = VECTOR('',#1029,1.);
#1029 = DIRECTION('',(0.,1.,0.));
#1030 = ORIENTED_EDGE('',*,*,#1031,.F.);
#1031 = EDGE_CURVE('',#973,#1024,#1032,.T.);
#1032 = CIRCLE('',#1033,4.E-02);
#1033 = AXIS2_PLACEMENT_3D('',#1034,#1035,#1036);
#1034 = CARTESIAN_POINT('',(-1.6,-0.76,1.56));
#1035 = DIRECTION('',(-1.,0.,0.));
#1036 = DIRECTION('',(0.,0.,1.));
#1037 = PLANE('',#1038);
#1038 = AXIS2_PLACEMENT_3D('',#1039,#1040,#1041);
#1039 = CARTESIAN_POINT('',(-1.6,-0.8,0.));
#1040 = DIRECTION('',(1.,0.,0.));
#1041 = DIRECTION('',(0.,0.,1.));
#1042 = ADVANCED_FACE('',(#1043),#1068,.F.);
#1043 = FACE_BOUND('',#1044,.F.);
#1044 = EDGE_LOOP('',(#1045,#1055,#1061,#1062));
#1045 = ORIENTED_EDGE('',*,*,#1046,.F.);
#1046 = EDGE_CURVE('',#1047,#1049,#1051,.T.);
#1047 = VERTEX_POINT('',#1048);
#1048 = CARTESIAN_POINT('',(-1.2,-0.8,4.E-02));
#1049 = VERTEX_POINT('',#1050);
#1050 = CARTESIAN_POINT('',(-1.2,-0.8,1.56));
#1051 = LINE('',#1052,#1053);
#1052 = CARTESIAN_POINT('',(-1.2,-0.8,0.));
#1053 = VECTOR('',#1054,1.);
#1054 = DIRECTION('',(0.,0.,1.));
#1055 = ORIENTED_EDGE('',*,*,#1056,.F.);
#1056 = EDGE_CURVE('',#971,#1047,#1057,.T.);
#1057 = LINE('',#1058,#1059);
#1058 = CARTESIAN_POINT('',(-1.6,-0.8,4.E-02));
#1059 = VECTOR('',#1060,1.);
#1060 = DIRECTION('',(1.,0.,0.));
#1061 = ORIENTED_EDGE('',*,*,#970,.T.);
#1062 = ORIENTED_EDGE('',*,*,#1063,.T.);
#1063 = EDGE_CURVE('',#973,#1049,#1064,.T.);
#1064 = LINE('',#1065,#1066);
#1065 = CARTESIAN_POINT('',(-1.6,-0.8,1.56));
#1066 = VECTOR('',#1067,1.);
#1067 = DIRECTION('',(1.,0.,0.));
#1068 = PLANE('',#1069);
#1069 = AXIS2_PLACEMENT_3D('',#1070,#1071,#1072);
#1070 = CARTESIAN_POINT('',(-1.6,-0.8,0.));
#1071 = DIRECTION('',(0.,1.,0.));
#1072 = DIRECTION('',(0.,-0.,1.));
#1073 = ADVANCED_FACE('',(#1074),#1093,.T.);
#1074 = FACE_BOUND('',#1075,.T.);
#1075 = EDGE_LOOP('',(#1076,#1077,#1085,#1092));
#1076 = ORIENTED_EDGE('',*,*,#980,.T.);
#1077 = ORIENTED_EDGE('',*,*,#1078,.T.);
#1078 = EDGE_CURVE('',#981,#1079,#1081,.T.);
#1079 = VERTEX_POINT('',#1080);
#1080 = CARTESIAN_POINT('',(-1.2,-0.76,0.));
#1081 = LINE('',#1082,#1083);
#1082 = CARTESIAN_POINT('',(-1.6,-0.76,0.));
#1083 = VECTOR('',#1084,1.);
#1084 = DIRECTION('',(1.,0.,0.));
#1085 = ORIENTED_EDGE('',*,*,#1086,.F.);
#1086 = EDGE_CURVE('',#1047,#1079,#1087,.T.);
#1087 = CIRCLE('',#1088,4.E-02);
#1088 = AXIS2_PLACEMENT_3D('',#1089,#1090,#1091);
#1089 = CARTESIAN_POINT('',(-1.2,-0.76,4.E-02));
#1090 = DIRECTION('',(1.,0.,-0.));
#1091 = DIRECTION('',(0.,0.,1.));
#1092 = ORIENTED_EDGE('',*,*,#1056,.F.);
#1093 = CYLINDRICAL_SURFACE('',#1094,4.E-02);
#1094 = AXIS2_PLACEMENT_3D('',#1095,#1096,#1097);
#1095 = CARTESIAN_POINT('',(-1.6,-0.76,4.E-02));
#1096 = DIRECTION('',(1.,0.,0.));
#1097 = DIRECTION('',(0.,-1.,0.));
#1098 = ADVANCED_FACE('',(#1099),#1118,.T.);
#1099 = FACE_BOUND('',#1100,.T.);
#1100 = EDGE_LOOP('',(#1101,#1102,#1111,#1117));
#1101 = ORIENTED_EDGE('',*,*,#1063,.T.);
#1102 = ORIENTED_EDGE('',*,*,#1103,.T.);
#1103 = EDGE_CURVE('',#1049,#1104,#1106,.T.);
#1104 = VERTEX_POINT('',#1105);
#1105 = CARTESIAN_POINT('',(-1.2,-0.76,1.6));
#1106 = CIRCLE('',#1107,4.E-02);
#1107 = AXIS2_PLACEMENT_3D('',#1108,#1109,#1110);
#1108 = CARTESIAN_POINT('',(-1.2,-0.76,1.56));
#1109 = DIRECTION('',(-1.,0.,0.));
#1110 = DIRECTION('',(0.,0.,1.));
#1111 = ORIENTED_EDGE('',*,*,#1112,.F.);
#1112 = EDGE_CURVE('',#1024,#1104,#1113,.T.);
#1113 = LINE('',#1114,#1115);
#1114 = CARTESIAN_POINT('',(-1.6,-0.76,1.6));
#1115 = VECTOR('',#1116,1.);
#1116 = DIRECTION('',(1.,0.,0.));
#1117 = ORIENTED_EDGE('',*,*,#1031,.F.);
#1118 = CYLINDRICAL_SURFACE('',#1119,4.E-02);
#1119 = AXIS2_PLACEMENT_3D('',#1120,#1121,#1122);
#1120 = CARTESIAN_POINT('',(-1.6,-0.76,1.56));
#1121 = DIRECTION('',(1.,0.,0.));
#1122 = DIRECTION('',(0.,-1.,0.));
#1123 = ADVANCED_FACE('',(#1124),#1142,.F.);
#1124 = FACE_BOUND('',#1125,.F.);
#1125 = EDGE_LOOP('',(#1126,#1127,#1128,#1136));
#1126 = ORIENTED_EDGE('',*,*,#989,.F.);
#1127 = ORIENTED_EDGE('',*,*,#1078,.T.);
#1128 = ORIENTED_EDGE('',*,*,#1129,.T.);
#1129 = EDGE_CURVE('',#1079,#1130,#1132,.T.);
#1130 = VERTEX_POINT('',#1131);
#1131 = CARTESIAN_POINT('',(-1.2,0.76,0.));
#1132 = LINE('',#1133,#1134);
#1133 = CARTESIAN_POINT('',(-1.2,-0.8,0.));
#1134 = VECTOR('',#1135,1.);
#1135 = DIRECTION('',(0.,1.,0.));
#1136 = ORIENTED_EDGE('',*,*,#1137,.F.);
#1137 = EDGE_CURVE('',#990,#1130,#1138,.T.);
#1138 = LINE('',#1139,#1140);
#1139 = CARTESIAN_POINT('',(-1.6,0.76,0.));
#1140 = VECTOR('',#1141,1.);
#1141 = DIRECTION('',(1.,0.,0.));
#1142 = PLANE('',#1143);
#1143 = AXIS2_PLACEMENT_3D('',#1144,#1145,#1146);
#1144 = CARTESIAN_POINT('',(-1.6,-0.8,0.));
#1145 = DIRECTION('',(0.,0.,1.));
#1146 = DIRECTION('',(1.,0.,-0.));
#1147 = ADVANCED_FACE('',(#1148),#1166,.T.);
#1148 = FACE_BOUND('',#1149,.T.);
#1149 = EDGE_LOOP('',(#1150,#1151,#1152,#1160));
#1150 = ORIENTED_EDGE('',*,*,#1023,.F.);
#1151 = ORIENTED_EDGE('',*,*,#1112,.T.);
#1152 = ORIENTED_EDGE('',*,*,#1153,.T.);
#1153 = EDGE_CURVE('',#1104,#1154,#1156,.T.);
#1154 = VERTEX_POINT('',#1155);
#1155 = CARTESIAN_POINT('',(-1.2,0.76,1.6));
#1156 = LINE('',#1157,#1158);
#1157 = CARTESIAN_POINT('',(-1.2,-0.8,1.6));
#1158 = VECTOR('',#1159,1.);
#1159 = DIRECTION('',(0.,1.,0.));
#1160 = ORIENTED_EDGE('',*,*,#1161,.F.);
#1161 = EDGE_CURVE('',#1015,#1154,#1162,.T.);
#1162 = LINE('',#1163,#1164);
#1163 = CARTESIAN_POINT('',(-1.6,0.76,1.6));
#1164 = VECTOR('',#1165,1.);
#1165 = DIRECTION('',(1.,0.,0.));
#1166 = PLANE('',#1167);
#1167 = AXIS2_PLACEMENT_3D('',#1168,#1169,#1170);
#1168 = CARTESIAN_POINT('',(-1.6,-0.8,1.6));
#1169 = DIRECTION('',(0.,0.,1.));
#1170 = DIRECTION('',(1.,0.,-0.));
#1171 = ADVANCED_FACE('',(#1172),#1191,.T.);
#1172 = FACE_BOUND('',#1173,.T.);
#1173 = EDGE_LOOP('',(#1174,#1182,#1189,#1190));
#1174 = ORIENTED_EDGE('',*,*,#1175,.T.);
#1175 = EDGE_CURVE('',#998,#1176,#1178,.T.);
#1176 = VERTEX_POINT('',#1177);
#1177 = CARTESIAN_POINT('',(-1.2,0.8,4.E-02));
#1178 = LINE('',#1179,#1180);
#1179 = CARTESIAN_POINT('',(-1.6,0.8,4.E-02));
#1180 = VECTOR('',#1181,1.);
#1181 = DIRECTION('',(1.,0.,0.));
#1182 = ORIENTED_EDGE('',*,*,#1183,.T.);
#1183 = EDGE_CURVE('',#1176,#1130,#1184,.T.);
#1184 = CIRCLE('',#1185,4.E-02);
#1185 = AXIS2_PLACEMENT_3D('',#1186,#1187,#1188);
#1186 = CARTESIAN_POINT('',(-1.2,0.76,4.E-02));
#1187 = DIRECTION('',(-1.,0.,0.));
#1188 = DIRECTION('',(0.,0.,1.));
#1189 = ORIENTED_EDGE('',*,*,#1137,.F.);
#1190 = ORIENTED_EDGE('',*,*,#997,.F.);
#1191 = CYLINDRICAL_SURFACE('',#1192,4.E-02);
#1192 = AXIS2_PLACEMENT_3D('',#1193,#1194,#1195);
#1193 = CARTESIAN_POINT('',(-1.6,0.76,4.E-02));
#1194 = DIRECTION('',(1.,0.,0.));
#1195 = DIRECTION('',(-0.,1.,0.));
#1196 = ADVANCED_FACE('',(#1197),#1216,.T.);
#1197 = FACE_BOUND('',#1198,.T.);
#1198 = EDGE_LOOP('',(#1199,#1200,#1201,#1210));
#1199 = ORIENTED_EDGE('',*,*,#1014,.T.);
#1200 = ORIENTED_EDGE('',*,*,#1161,.T.);
#1201 = ORIENTED_EDGE('',*,*,#1202,.F.);
#1202 = EDGE_CURVE('',#1203,#1154,#1205,.T.);
#1203 = VERTEX_POINT('',#1204);
#1204 = CARTESIAN_POINT('',(-1.2,0.8,1.56));
#1205 = CIRCLE('',#1206,4.E-02);
#1206 = AXIS2_PLACEMENT_3D('',#1207,#1208,#1209);
#1207 = CARTESIAN_POINT('',(-1.2,0.76,1.56));
#1208 = DIRECTION('',(1.,0.,-0.));
#1209 = DIRECTION('',(0.,0.,1.));
#1210 = ORIENTED_EDGE('',*,*,#1211,.F.);
#1211 = EDGE_CURVE('',#1007,#1203,#1212,.T.);
#1212 = LINE('',#1213,#1214);
#1213 = CARTESIAN_POINT('',(-1.6,0.8,1.56));
#1214 = VECTOR('',#1215,1.);
#1215 = DIRECTION('',(1.,0.,0.));
#1216 = CYLINDRICAL_SURFACE('',#1217,4.E-02);
#1217 = AXIS2_PLACEMENT_3D('',#1218,#1219,#1220);
#1218 = CARTESIAN_POINT('',(-1.6,0.76,1.56));
#1219 = DIRECTION('',(1.,0.,0.));
#1220 = DIRECTION('',(-0.,1.,0.));
#1221 = ADVANCED_FACE('',(#1222),#1233,.T.);
#1222 = FACE_BOUND('',#1223,.T.);
#1223 = EDGE_LOOP('',(#1224,#1230,#1231,#1232));
#1224 = ORIENTED_EDGE('',*,*,#1225,.F.);
#1225 = EDGE_CURVE('',#1176,#1203,#1226,.T.);
#1226 = LINE('',#1227,#1228);
#1227 = CARTESIAN_POINT('',(-1.2,0.8,0.));
#1228 = VECTOR('',#1229,1.);
#1229 = DIRECTION('',(0.,0.,1.));
#1230 = ORIENTED_EDGE('',*,*,#1175,.F.);
#1231 = ORIENTED_EDGE('',*,*,#1006,.T.);
#1232 = ORIENTED_EDGE('',*,*,#1211,.T.);
#1233 = PLANE('',#1234);
#1234 = AXIS2_PLACEMENT_3D('',#1235,#1236,#1237);
#1235 = CARTESIAN_POINT('',(-1.6,0.8,0.));
#1236 = DIRECTION('',(0.,1.,0.));
#1237 = DIRECTION('',(0.,-0.,1.));
#1238 = ADVANCED_FACE('',(#1239,#1249),#1319,.T.);
#1239 = FACE_BOUND('',#1240,.T.);
#1240 = EDGE_LOOP('',(#1241,#1242,#1243,#1244,#1245,#1246,#1247,#1248));
#1241 = ORIENTED_EDGE('',*,*,#1046,.F.);
#1242 = ORIENTED_EDGE('',*,*,#1086,.T.);
#1243 = ORIENTED_EDGE('',*,*,#1129,.T.);
#1244 = ORIENTED_EDGE('',*,*,#1183,.F.);
#1245 = ORIENTED_EDGE('',*,*,#1225,.T.);
#1246 = ORIENTED_EDGE('',*,*,#1202,.T.);
#1247 = ORIENTED_EDGE('',*,*,#1153,.F.);
#1248 = ORIENTED_EDGE('',*,*,#1103,.F.);
#1249 = FACE_BOUND('',#1250,.T.);
#1250 = EDGE_LOOP('',(#1251,#1262,#1270,#1279,#1287,#1296,#1304,#1313));
#1251 = ORIENTED_EDGE('',*,*,#1252,.F.);
#1252 = EDGE_CURVE('',#1253,#1255,#1257,.T.);
#1253 = VERTEX_POINT('',#1254);
#1254 = CARTESIAN_POINT('',(-1.2,-0.76,8.E-02));
#1255 = VERTEX_POINT('',#1256);
#1256 = CARTESIAN_POINT('',(-1.2,-0.72,4.E-02));
#1257 = CIRCLE('',#1258,4.E-02);
#1258 = AXIS2_PLACEMENT_3D('',#1259,#1260,#1261);
#1259 = CARTESIAN_POINT('',(-1.2,-0.72,8.E-02));
#1260 = DIRECTION('',(1.,0.,-0.));
#1261 = DIRECTION('',(0.,0.,1.));
#1262 = ORIENTED_EDGE('',*,*,#1263,.T.);
#1263 = EDGE_CURVE('',#1253,#1264,#1266,.T.);
#1264 = VERTEX_POINT('',#1265);
#1265 = CARTESIAN_POINT('',(-1.2,-0.76,1.52));
#1266 = LINE('',#1267,#1268);
#1267 = CARTESIAN_POINT('',(-1.2,-0.76,4.E-02));
#1268 = VECTOR('',#1269,1.);
#1269 = DIRECTION('',(0.,0.,1.));
#1270 = ORIENTED_EDGE('',*,*,#1271,.T.);
#1271 = EDGE_CURVE('',#1264,#1272,#1274,.T.);
#1272 = VERTEX_POINT('',#1273);
#1273 = CARTESIAN_POINT('',(-1.2,-0.72,1.56));
#1274 = CIRCLE('',#1275,4.E-02);
#1275 = AXIS2_PLACEMENT_3D('',#1276,#1277,#1278);
#1276 = CARTESIAN_POINT('',(-1.2,-0.72,1.52));
#1277 = DIRECTION('',(-1.,0.,0.));
#1278 = DIRECTION('',(0.,0.,1.));
#1279 = ORIENTED_EDGE('',*,*,#1280,.T.);
#1280 = EDGE_CURVE('',#1272,#1281,#1283,.T.);
#1281 = VERTEX_POINT('',#1282);
#1282 = CARTESIAN_POINT('',(-1.2,0.72,1.56));
#1283 = LINE('',#1284,#1285);
#1284 = CARTESIAN_POINT('',(-1.2,-0.76,1.56));
#1285 = VECTOR('',#1286,1.);
#1286 = DIRECTION('',(0.,1.,0.));
#1287 = ORIENTED_EDGE('',*,*,#1288,.F.);
#1288 = EDGE_CURVE('',#1289,#1281,#1291,.T.);
#1289 = VERTEX_POINT('',#1290);
#1290 = CARTESIAN_POINT('',(-1.2,0.76,1.52));
#1291 = CIRCLE('',#1292,4.E-02);
#1292 = AXIS2_PLACEMENT_3D('',#1293,#1294,#1295);
#1293 = CARTESIAN_POINT('',(-1.2,0.72,1.52));
#1294 = DIRECTION('',(1.,0.,-0.));
#1295 = DIRECTION('',(0.,0.,1.));
#1296 = ORIENTED_EDGE('',*,*,#1297,.F.);
#1297 = EDGE_CURVE('',#1298,#1289,#1300,.T.);
#1298 = VERTEX_POINT('',#1299);
#1299 = CARTESIAN_POINT('',(-1.2,0.76,8.E-02));
#1300 = LINE('',#1301,#1302);
#1301 = CARTESIAN_POINT('',(-1.2,0.76,4.E-02));
#1302 = VECTOR('',#1303,1.);
#1303 = DIRECTION('',(0.,0.,1.));
#1304 = ORIENTED_EDGE('',*,*,#1305,.T.);
#1305 = EDGE_CURVE('',#1298,#1306,#1308,.T.);
#1306 = VERTEX_POINT('',#1307);
#1307 = CARTESIAN_POINT('',(-1.2,0.72,4.E-02));
#1308 = CIRCLE('',#1309,4.E-02);
#1309 = AXIS2_PLACEMENT_3D('',#1310,#1311,#1312);
#1310 = CARTESIAN_POINT('',(-1.2,0.72,8.E-02));
#1311 = DIRECTION('',(-1.,0.,0.));
#1312 = DIRECTION('',(0.,0.,1.));
#1313 = ORIENTED_EDGE('',*,*,#1314,.F.);
#1314 = EDGE_CURVE('',#1255,#1306,#1315,.T.);
#1315 = LINE('',#1316,#1317);
#1316 = CARTESIAN_POINT('',(-1.2,-0.76,4.E-02));
#1317 = VECTOR('',#1318,1.);
#1318 = DIRECTION('',(0.,1.,0.));
#1319 = PLANE('',#1320);
#1320 = AXIS2_PLACEMENT_3D('',#1321,#1322,#1323);
#1321 = CARTESIAN_POINT('',(-1.2,-0.8,0.));
#1322 = DIRECTION('',(1.,0.,0.));
#1323 = DIRECTION('',(0.,0.,1.));
#1324 = ADVANCED_FACE('',(#1325),#1351,.T.);
#1325 = FACE_BOUND('',#1326,.T.);
#1326 = EDGE_LOOP('',(#1327,#1328,#1336,#1345));
#1327 = ORIENTED_EDGE('',*,*,#1252,.T.);
#1328 = ORIENTED_EDGE('',*,*,#1329,.T.);
#1329 = EDGE_CURVE('',#1255,#1330,#1332,.T.);
#1330 = VERTEX_POINT('',#1331);
#1331 = CARTESIAN_POINT('',(1.2,-0.72,4.E-02));
#1332 = LINE('',#1333,#1334);
#1333 = CARTESIAN_POINT('',(-1.2,-0.72,4.E-02));
#1334 = VECTOR('',#1335,1.);
#1335 = DIRECTION('',(1.,0.,0.));
#1336 = ORIENTED_EDGE('',*,*,#1337,.F.);
#1337 = EDGE_CURVE('',#1338,#1330,#1340,.T.);
#1338 = VERTEX_POINT('',#1339);
#1339 = CARTESIAN_POINT('',(1.2,-0.76,8.E-02));
#1340 = CIRCLE('',#1341,4.E-02);
#1341 = AXIS2_PLACEMENT_3D('',#1342,#1343,#1344);
#1342 = CARTESIAN_POINT('',(1.2,-0.72,8.E-02));
#1343 = DIRECTION('',(1.,0.,-0.));
#1344 = DIRECTION('',(0.,0.,1.));
#1345 = ORIENTED_EDGE('',*,*,#1346,.F.);
#1346 = EDGE_CURVE('',#1253,#1338,#1347,.T.);
#1347 = LINE('',#1348,#1349);
#1348 = CARTESIAN_POINT('',(-1.2,-0.76,8.E-02));
#1349 = VECTOR('',#1350,1.);
#1350 = DIRECTION('',(1.,0.,0.));
#1351 = CYLINDRICAL_SURFACE('',#1352,4.E-02);
#1352 = AXIS2_PLACEMENT_3D('',#1353,#1354,#1355);
#1353 = CARTESIAN_POINT('',(-1.2,-0.72,8.E-02));
#1354 = DIRECTION('',(1.,0.,0.));
#1355 = DIRECTION('',(0.,-1.,0.));
#1356 = ADVANCED_FACE('',(#1357),#1375,.F.);
#1357 = FACE_BOUND('',#1358,.F.);
#1358 = EDGE_LOOP('',(#1359,#1360,#1361,#1369));
#1359 = ORIENTED_EDGE('',*,*,#1314,.F.);
#1360 = ORIENTED_EDGE('',*,*,#1329,.T.);
#1361 = ORIENTED_EDGE('',*,*,#1362,.T.);
#1362 = EDGE_CURVE('',#1330,#1363,#1365,.T.);
#1363 = VERTEX_POINT('',#1364);
#1364 = CARTESIAN_POINT('',(1.2,0.72,4.E-02));
#1365 = LINE('',#1366,#1367);
#1366 = CARTESIAN_POINT('',(1.2,-0.76,4.E-02));
#1367 = VECTOR('',#1368,1.);
#1368 = DIRECTION('',(0.,1.,0.));
#1369 = ORIENTED_EDGE('',*,*,#1370,.F.);
#1370 = EDGE_CURVE('',#1306,#1363,#1371,.T.);
#1371 = LINE('',#1372,#1373);
#1372 = CARTESIAN_POINT('',(-1.2,0.72,4.E-02));
#1373 = VECTOR('',#1374,1.);
#1374 = DIRECTION('',(1.,0.,0.));
#1375 = PLANE('',#1376);
#1376 = AXIS2_PLACEMENT_3D('',#1377,#1378,#1379);
#1377 = CARTESIAN_POINT('',(-1.2,-0.76,4.E-02));
#1378 = DIRECTION('',(0.,0.,1.));
#1379 = DIRECTION('',(1.,0.,-0.));
#1380 = ADVANCED_FACE('',(#1381),#1400,.T.);
#1381 = FACE_BOUND('',#1382,.T.);
#1382 = EDGE_LOOP('',(#1383,#1391,#1398,#1399));
#1383 = ORIENTED_EDGE('',*,*,#1384,.T.);
#1384 = EDGE_CURVE('',#1298,#1385,#1387,.T.);
#1385 = VERTEX_POINT('',#1386);
#1386 = CARTESIAN_POINT('',(1.2,0.76,8.E-02));
#1387 = LINE('',#1388,#1389);
#1388 = CARTESIAN_POINT('',(-1.2,0.76,8.E-02));
#1389 = VECTOR('',#1390,1.);
#1390 = DIRECTION('',(1.,0.,0.));
#1391 = ORIENTED_EDGE('',*,*,#1392,.T.);
#1392 = EDGE_CURVE('',#1385,#1363,#1393,.T.);
#1393 = CIRCLE('',#1394,4.E-02);
#1394 = AXIS2_PLACEMENT_3D('',#1395,#1396,#1397);
#1395 = CARTESIAN_POINT('',(1.2,0.72,8.E-02));
#1396 = DIRECTION('',(-1.,0.,0.));
#1397 = DIRECTION('',(0.,0.,1.));
#1398 = ORIENTED_EDGE('',*,*,#1370,.F.);
#1399 = ORIENTED_EDGE('',*,*,#1305,.F.);
#1400 = CYLINDRICAL_SURFACE('',#1401,4.E-02);
#1401 = AXIS2_PLACEMENT_3D('',#1402,#1403,#1404);
#1402 = CARTESIAN_POINT('',(-1.2,0.72,8.E-02));
#1403 = DIRECTION('',(1.,0.,0.));
#1404 = DIRECTION('',(-0.,1.,0.));
#1405 = ADVANCED_FACE('',(#1406),#1424,.T.);
#1406 = FACE_BOUND('',#1407,.T.);
#1407 = EDGE_LOOP('',(#1408,#1416,#1417,#1418));
#1408 = ORIENTED_EDGE('',*,*,#1409,.F.);
#1409 = EDGE_CURVE('',#1385,#1410,#1412,.T.);
#1410 = VERTEX_POINT('',#1411);
#1411 = CARTESIAN_POINT('',(1.2,0.76,1.52));
#1412 = LINE('',#1413,#1414);
#1413 = CARTESIAN_POINT('',(1.2,0.76,4.E-02));
#1414 = VECTOR('',#1415,1.);
#1415 = DIRECTION('',(0.,0.,1.));
#1416 = ORIENTED_EDGE('',*,*,#1384,.F.);
#1417 = ORIENTED_EDGE('',*,*,#1297,.T.);
#1418 = ORIENTED_EDGE('',*,*,#1419,.T.);
#1419 = EDGE_CURVE('',#1289,#1410,#1420,.T.);
#1420 = LINE('',#1421,#1422);
#1421 = CARTESIAN_POINT('',(-1.2,0.76,1.52));
#1422 = VECTOR('',#1423,1.);
#1423 = DIRECTION('',(1.,0.,0.));
#1424 = PLANE('',#1425);
#1425 = AXIS2_PLACEMENT_3D('',#1426,#1427,#1428);
#1426 = CARTESIAN_POINT('',(-1.2,0.76,4.E-02));
#1427 = DIRECTION('',(0.,1.,0.));
#1428 = DIRECTION('',(0.,-0.,1.));
#1429 = ADVANCED_FACE('',(#1430),#1449,.T.);
#1430 = FACE_BOUND('',#1431,.T.);
#1431 = EDGE_LOOP('',(#1432,#1433,#1441,#1448));
#1432 = ORIENTED_EDGE('',*,*,#1288,.T.);
#1433 = ORIENTED_EDGE('',*,*,#1434,.T.);
#1434 = EDGE_CURVE('',#1281,#1435,#1437,.T.);
#1435 = VERTEX_POINT('',#1436);
#1436 = CARTESIAN_POINT('',(1.2,0.72,1.56));
#1437 = LINE('',#1438,#1439);
#1438 = CARTESIAN_POINT('',(-1.2,0.72,1.56));
#1439 = VECTOR('',#1440,1.);
#1440 = DIRECTION('',(1.,0.,0.));
#1441 = ORIENTED_EDGE('',*,*,#1442,.F.);
#1442 = EDGE_CURVE('',#1410,#1435,#1443,.T.);
#1443 = CIRCLE('',#1444,4.E-02);
#1444 = AXIS2_PLACEMENT_3D('',#1445,#1446,#1447);
#1445 = CARTESIAN_POINT('',(1.2,0.72,1.52));
#1446 = DIRECTION('',(1.,0.,-0.));
#1447 = DIRECTION('',(0.,0.,1.));
#1448 = ORIENTED_EDGE('',*,*,#1419,.F.);
#1449 = CYLINDRICAL_SURFACE('',#1450,4.E-02);
#1450 = AXIS2_PLACEMENT_3D('',#1451,#1452,#1453);
#1451 = CARTESIAN_POINT('',(-1.2,0.72,1.52));
#1452 = DIRECTION('',(1.,0.,0.));
#1453 = DIRECTION('',(-0.,1.,0.));
#1454 = ADVANCED_FACE('',(#1455),#1473,.T.);
#1455 = FACE_BOUND('',#1456,.T.);
#1456 = EDGE_LOOP('',(#1457,#1458,#1466,#1472));
#1457 = ORIENTED_EDGE('',*,*,#1280,.F.);
#1458 = ORIENTED_EDGE('',*,*,#1459,.T.);
#1459 = EDGE_CURVE('',#1272,#1460,#1462,.T.);
#1460 = VERTEX_POINT('',#1461);
#1461 = CARTESIAN_POINT('',(1.2,-0.72,1.56));
#1462 = LINE('',#1463,#1464);
#1463 = CARTESIAN_POINT('',(-1.2,-0.72,1.56));
#1464 = VECTOR('',#1465,1.);
#1465 = DIRECTION('',(1.,0.,0.));
#1466 = ORIENTED_EDGE('',*,*,#1467,.T.);
#1467 = EDGE_CURVE('',#1460,#1435,#1468,.T.);
#1468 = LINE('',#1469,#1470);
#1469 = CARTESIAN_POINT('',(1.2,-0.76,1.56));
#1470 = VECTOR('',#1471,1.);
#1471 = DIRECTION('',(0.,1.,0.));
#1472 = ORIENTED_EDGE('',*,*,#1434,.F.);
#1473 = PLANE('',#1474);
#1474 = AXIS2_PLACEMENT_3D('',#1475,#1476,#1477);
#1475 = CARTESIAN_POINT('',(-1.2,-0.76,1.56));
#1476 = DIRECTION('',(0.,0.,1.));
#1477 = DIRECTION('',(1.,0.,-0.));
#1478 = ADVANCED_FACE('',(#1479),#1498,.T.);
#1479 = FACE_BOUND('',#1480,.T.);
#1480 = EDGE_LOOP('',(#1481,#1489,#1496,#1497));
#1481 = ORIENTED_EDGE('',*,*,#1482,.T.);
#1482 = EDGE_CURVE('',#1264,#1483,#1485,.T.);
#1483 = VERTEX_POINT('',#1484);
#1484 = CARTESIAN_POINT('',(1.2,-0.76,1.52));
#1485 = LINE('',#1486,#1487);
#1486 = CARTESIAN_POINT('',(-1.2,-0.76,1.52));
#1487 = VECTOR('',#1488,1.);
#1488 = DIRECTION('',(1.,0.,0.));
#1489 = ORIENTED_EDGE('',*,*,#1490,.T.);
#1490 = EDGE_CURVE('',#1483,#1460,#1491,.T.);
#1491 = CIRCLE('',#1492,4.E-02);
#1492 = AXIS2_PLACEMENT_3D('',#1493,#1494,#1495);
#1493 = CARTESIAN_POINT('',(1.2,-0.72,1.52));
#1494 = DIRECTION('',(-1.,0.,0.));
#1495 = DIRECTION('',(0.,0.,1.));
#1496 = ORIENTED_EDGE('',*,*,#1459,.F.);
#1497 = ORIENTED_EDGE('',*,*,#1271,.F.);
#1498 = CYLINDRICAL_SURFACE('',#1499,4.E-02);
#1499 = AXIS2_PLACEMENT_3D('',#1500,#1501,#1502);
#1500 = CARTESIAN_POINT('',(-1.2,-0.72,1.52));
#1501 = DIRECTION('',(1.,0.,0.));
#1502 = DIRECTION('',(0.,-1.,0.));
#1503 = ADVANCED_FACE('',(#1504),#1515,.F.);
#1504 = FACE_BOUND('',#1505,.F.);
#1505 = EDGE_LOOP('',(#1506,#1512,#1513,#1514));
#1506 = ORIENTED_EDGE('',*,*,#1507,.F.);
#1507 = EDGE_CURVE('',#1338,#1483,#1508,.T.);
#1508 = LINE('',#1509,#1510);
#1509 = CARTESIAN_POINT('',(1.2,-0.76,4.E-02));
#1510 = VECTOR('',#1511,1.);
#1511 = DIRECTION('',(0.,0.,1.));
#1512 = ORIENTED_EDGE('',*,*,#1346,.F.);
#1513 = ORIENTED_EDGE('',*,*,#1263,.T.);
#1514 = ORIENTED_EDGE('',*,*,#1482,.T.);
#1515 = PLANE('',#1516);
#1516 = AXIS2_PLACEMENT_3D('',#1517,#1518,#1519);
#1517 = CARTESIAN_POINT('',(-1.2,-0.76,4.E-02));
#1518 = DIRECTION('',(0.,1.,0.));
#1519 = DIRECTION('',(0.,-0.,1.));
#1520 = ADVANCED_FACE('',(#1521,#1591),#1601,.F.);
#1521 = FACE_BOUND('',#1522,.F.);
#1522 = EDGE_LOOP('',(#1523,#1533,#1542,#1550,#1559,#1567,#1576,#1584));
#1523 = ORIENTED_EDGE('',*,*,#1524,.F.);
#1524 = EDGE_CURVE('',#1525,#1527,#1529,.T.);
#1525 = VERTEX_POINT('',#1526);
#1526 = CARTESIAN_POINT('',(1.2,-0.8,4.E-02));
#1527 = VERTEX_POINT('',#1528);
#1528 = CARTESIAN_POINT('',(1.2,-0.8,1.56));
#1529 = LINE('',#1530,#1531);
#1530 = CARTESIAN_POINT('',(1.2,-0.8,0.));
#1531 = VECTOR('',#1532,1.);
#1532 = DIRECTION('',(0.,0.,1.));
#1533 = ORIENTED_EDGE('',*,*,#1534,.T.);
#1534 = EDGE_CURVE('',#1525,#1535,#1537,.T.);
#1535 = VERTEX_POINT('',#1536);
#1536 = CARTESIAN_POINT('',(1.2,-0.76,0.));
#1537 = CIRCLE('',#1538,4.E-02);
#1538 = AXIS2_PLACEMENT_3D('',#1539,#1540,#1541);
#1539 = CARTESIAN_POINT('',(1.2,-0.76,4.E-02));
#1540 = DIRECTION('',(1.,0.,-0.));
#1541 = DIRECTION('',(0.,0.,1.));
#1542 = ORIENTED_EDGE('',*,*,#1543,.T.);
#1543 = EDGE_CURVE('',#1535,#1544,#1546,.T.);
#1544 = VERTEX_POINT('',#1545);
#1545 = CARTESIAN_POINT('',(1.2,0.76,0.));
#1546 = LINE('',#1547,#1548);
#1547 = CARTESIAN_POINT('',(1.2,-0.8,0.));
#1548 = VECTOR('',#1549,1.);
#1549 = DIRECTION('',(0.,1.,0.));
#1550 = ORIENTED_EDGE('',*,*,#1551,.F.);
#1551 = EDGE_CURVE('',#1552,#1544,#1554,.T.);
#1552 = VERTEX_POINT('',#1553);
#1553 = CARTESIAN_POINT('',(1.2,0.8,4.E-02));
#1554 = CIRCLE('',#1555,4.E-02);
#1555 = AXIS2_PLACEMENT_3D('',#1556,#1557,#1558);
#1556 = CARTESIAN_POINT('',(1.2,0.76,4.E-02));
#1557 = DIRECTION('',(-1.,0.,0.));
#1558 = DIRECTION('',(0.,0.,1.));
#1559 = ORIENTED_EDGE('',*,*,#1560,.T.);
#1560 = EDGE_CURVE('',#1552,#1561,#1563,.T.);
#1561 = VERTEX_POINT('',#1562);
#1562 = CARTESIAN_POINT('',(1.2,0.8,1.56));
#1563 = LINE('',#1564,#1565);
#1564 = CARTESIAN_POINT('',(1.2,0.8,0.));
#1565 = VECTOR('',#1566,1.);
#1566 = DIRECTION('',(0.,0.,1.));
#1567 = ORIENTED_EDGE('',*,*,#1568,.T.);
#1568 = EDGE_CURVE('',#1561,#1569,#1571,.T.);
#1569 = VERTEX_POINT('',#1570);
#1570 = CARTESIAN_POINT('',(1.2,0.76,1.6));
#1571 = CIRCLE('',#1572,4.E-02);
#1572 = AXIS2_PLACEMENT_3D('',#1573,#1574,#1575);
#1573 = CARTESIAN_POINT('',(1.2,0.76,1.56));
#1574 = DIRECTION('',(1.,0.,-0.));
#1575 = DIRECTION('',(0.,0.,1.));
#1576 = ORIENTED_EDGE('',*,*,#1577,.F.);
#1577 = EDGE_CURVE('',#1578,#1569,#1580,.T.);
#1578 = VERTEX_POINT('',#1579);
#1579 = CARTESIAN_POINT('',(1.2,-0.76,1.6));
#1580 = LINE('',#1581,#1582);
#1581 = CARTESIAN_POINT('',(1.2,-0.8,1.6));
#1582 = VECTOR('',#1583,1.);
#1583 = DIRECTION('',(0.,1.,0.));
#1584 = ORIENTED_EDGE('',*,*,#1585,.F.);
#1585 = EDGE_CURVE('',#1527,#1578,#1586,.T.);
#1586 = CIRCLE('',#1587,4.E-02);
#1587 = AXIS2_PLACEMENT_3D('',#1588,#1589,#1590);
#1588 = CARTESIAN_POINT('',(1.2,-0.76,1.56));
#1589 = DIRECTION('',(-1.,0.,0.));
#1590 = DIRECTION('',(0.,0.,1.));
#1591 = FACE_BOUND('',#1592,.F.);
#1592 = EDGE_LOOP('',(#1593,#1594,#1595,#1596,#1597,#1598,#1599,#1600));
#1593 = ORIENTED_EDGE('',*,*,#1337,.F.);
#1594 = ORIENTED_EDGE('',*,*,#1507,.T.);
#1595 = ORIENTED_EDGE('',*,*,#1490,.T.);
#1596 = ORIENTED_EDGE('',*,*,#1467,.T.);
#1597 = ORIENTED_EDGE('',*,*,#1442,.F.);
#1598 = ORIENTED_EDGE('',*,*,#1409,.F.);
#1599 = ORIENTED_EDGE('',*,*,#1392,.T.);
#1600 = ORIENTED_EDGE('',*,*,#1362,.F.);
#1601 = PLANE('',#1602);
#1602 = AXIS2_PLACEMENT_3D('',#1603,#1604,#1605);
#1603 = CARTESIAN_POINT('',(1.2,-0.8,0.));
#1604 = DIRECTION('',(1.,0.,0.));
#1605 = DIRECTION('',(0.,0.,1.));
#1606 = ADVANCED_FACE('',(#1607),#1632,.F.);
#1607 = FACE_BOUND('',#1608,.F.);
#1608 = EDGE_LOOP('',(#1609,#1619,#1625,#1626));
#1609 = ORIENTED_EDGE('',*,*,#1610,.F.);
#1610 = EDGE_CURVE('',#1611,#1613,#1615,.T.);
#1611 = VERTEX_POINT('',#1612);
#1612 = CARTESIAN_POINT('',(1.6,-0.8,4.E-02));
#1613 = VERTEX_POINT('',#1614);
#1614 = CARTESIAN_POINT('',(1.6,-0.8,1.56));
#1615 = LINE('',#1616,#1617);
#1616 = CARTESIAN_POINT('',(1.6,-0.8,0.));
#1617 = VECTOR('',#1618,1.);
#1618 = DIRECTION('',(0.,0.,1.));
#1619 = ORIENTED_EDGE('',*,*,#1620,.F.);
#1620 = EDGE_CURVE('',#1525,#1611,#1621,.T.);
#1621 = LINE('',#1622,#1623);
#1622 = CARTESIAN_POINT('',(1.2,-0.8,4.E-02));
#1623 = VECTOR('',#1624,1.);
#1624 = DIRECTION('',(1.,0.,0.));
#1625 = ORIENTED_EDGE('',*,*,#1524,.T.);
#1626 = ORIENTED_EDGE('',*,*,#1627,.T.);
#1627 = EDGE_CURVE('',#1527,#1613,#1628,.T.);
#1628 = LINE('',#1629,#1630);
#1629 = CARTESIAN_POINT('',(1.2,-0.8,1.56));
#1630 = VECTOR('',#1631,1.);
#1631 = DIRECTION('',(1.,0.,0.));
#1632 = PLANE('',#1633);
#1633 = AXIS2_PLACEMENT_3D('',#1634,#1635,#1636);
#1634 = CARTESIAN_POINT('',(1.2,-0.8,0.));
#1635 = DIRECTION('',(0.,1.,0.));
#1636 = DIRECTION('',(0.,-0.,1.));
#1637 = ADVANCED_FACE('',(#1638),#1657,.T.);
#1638 = FACE_BOUND('',#1639,.T.);
#1639 = EDGE_LOOP('',(#1640,#1641,#1649,#1656));
#1640 = ORIENTED_EDGE('',*,*,#1534,.T.);
#1641 = ORIENTED_EDGE('',*,*,#1642,.T.);
#1642 = EDGE_CURVE('',#1535,#1643,#1645,.T.);
#1643 = VERTEX_POINT('',#1644);
#1644 = CARTESIAN_POINT('',(1.6,-0.76,0.));
#1645 = LINE('',#1646,#1647);
#1646 = CARTESIAN_POINT('',(1.2,-0.76,0.));
#1647 = VECTOR('',#1648,1.);
#1648 = DIRECTION('',(1.,0.,0.));
#1649 = ORIENTED_EDGE('',*,*,#1650,.F.);
#1650 = EDGE_CURVE('',#1611,#1643,#1651,.T.);
#1651 = CIRCLE('',#1652,4.E-02);
#1652 = AXIS2_PLACEMENT_3D('',#1653,#1654,#1655);
#1653 = CARTESIAN_POINT('',(1.6,-0.76,4.E-02));
#1654 = DIRECTION('',(1.,0.,-0.));
#1655 = DIRECTION('',(0.,0.,1.));
#1656 = ORIENTED_EDGE('',*,*,#1620,.F.);
#1657 = CYLINDRICAL_SURFACE('',#1658,4.E-02);
#1658 = AXIS2_PLACEMENT_3D('',#1659,#1660,#1661);
#1659 = CARTESIAN_POINT('',(1.2,-0.76,4.E-02));
#1660 = DIRECTION('',(1.,0.,0.));
#1661 = DIRECTION('',(0.,-1.,0.));
#1662 = ADVANCED_FACE('',(#1663),#1682,.T.);
#1663 = FACE_BOUND('',#1664,.T.);
#1664 = EDGE_LOOP('',(#1665,#1666,#1675,#1681));
#1665 = ORIENTED_EDGE('',*,*,#1627,.T.);
#1666 = ORIENTED_EDGE('',*,*,#1667,.T.);
#1667 = EDGE_CURVE('',#1613,#1668,#1670,.T.);
#1668 = VERTEX_POINT('',#1669);
#1669 = CARTESIAN_POINT('',(1.6,-0.76,1.6));
#1670 = CIRCLE('',#1671,4.E-02);
#1671 = AXIS2_PLACEMENT_3D('',#1672,#1673,#1674);
#1672 = CARTESIAN_POINT('',(1.6,-0.76,1.56));
#1673 = DIRECTION('',(-1.,0.,0.));
#1674 = DIRECTION('',(0.,0.,1.));
#1675 = ORIENTED_EDGE('',*,*,#1676,.F.);
#1676 = EDGE_CURVE('',#1578,#1668,#1677,.T.);
#1677 = LINE('',#1678,#1679);
#1678 = CARTESIAN_POINT('',(1.2,-0.76,1.6));
#1679 = VECTOR('',#1680,1.);
#1680 = DIRECTION('',(1.,0.,0.));
#1681 = ORIENTED_EDGE('',*,*,#1585,.F.);
#1682 = CYLINDRICAL_SURFACE('',#1683,4.E-02);
#1683 = AXIS2_PLACEMENT_3D('',#1684,#1685,#1686);
#1684 = CARTESIAN_POINT('',(1.2,-0.76,1.56));
#1685 = DIRECTION('',(1.,0.,0.));
#1686 = DIRECTION('',(0.,-1.,0.));
#1687 = ADVANCED_FACE('',(#1688),#1706,.F.);
#1688 = FACE_BOUND('',#1689,.F.);
#1689 = EDGE_LOOP('',(#1690,#1691,#1692,#1700));
#1690 = ORIENTED_EDGE('',*,*,#1543,.F.);
#1691 = ORIENTED_EDGE('',*,*,#1642,.T.);
#1692 = ORIENTED_EDGE('',*,*,#1693,.T.);
#1693 = EDGE_CURVE('',#1643,#1694,#1696,.T.);
#1694 = VERTEX_POINT('',#1695);
#1695 = CARTESIAN_POINT('',(1.6,0.76,0.));
#1696 = LINE('',#1697,#1698);
#1697 = CARTESIAN_POINT('',(1.6,-0.8,0.));
#1698 = VECTOR('',#1699,1.);
#1699 = DIRECTION('',(0.,1.,0.));
#1700 = ORIENTED_EDGE('',*,*,#1701,.F.);
#1701 = EDGE_CURVE('',#1544,#1694,#1702,.T.);
#1702 = LINE('',#1703,#1704);
#1703 = CARTESIAN_POINT('',(1.2,0.76,0.));
#1704 = VECTOR('',#1705,1.);
#1705 = DIRECTION('',(1.,0.,0.));
#1706 = PLANE('',#1707);
#1707 = AXIS2_PLACEMENT_3D('',#1708,#1709,#1710);
#1708 = CARTESIAN_POINT('',(1.2,-0.8,0.));
#1709 = DIRECTION('',(0.,0.,1.));
#1710 = DIRECTION('',(1.,0.,-0.));
#1711 = ADVANCED_FACE('',(#1712),#1730,.T.);
#1712 = FACE_BOUND('',#1713,.T.);
#1713 = EDGE_LOOP('',(#1714,#1715,#1716,#1724));
#1714 = ORIENTED_EDGE('',*,*,#1577,.F.);
#1715 = ORIENTED_EDGE('',*,*,#1676,.T.);
#1716 = ORIENTED_EDGE('',*,*,#1717,.T.);
#1717 = EDGE_CURVE('',#1668,#1718,#1720,.T.);
#1718 = VERTEX_POINT('',#1719);
#1719 = CARTESIAN_POINT('',(1.6,0.76,1.6));
#1720 = LINE('',#1721,#1722);
#1721 = CARTESIAN_POINT('',(1.6,-0.8,1.6));
#1722 = VECTOR('',#1723,1.);
#1723 = DIRECTION('',(0.,1.,0.));
#1724 = ORIENTED_EDGE('',*,*,#1725,.F.);
#1725 = EDGE_CURVE('',#1569,#1718,#1726,.T.);
#1726 = LINE('',#1727,#1728);
#1727 = CARTESIAN_POINT('',(1.2,0.76,1.6));
#1728 = VECTOR('',#1729,1.);
#1729 = DIRECTION('',(1.,0.,0.));
#1730 = PLANE('',#1731);
#1731 = AXIS2_PLACEMENT_3D('',#1732,#1733,#1734);
#1732 = CARTESIAN_POINT('',(1.2,-0.8,1.6));
#1733 = DIRECTION('',(0.,0.,1.));
#1734 = DIRECTION('',(1.,0.,-0.));
#1735 = ADVANCED_FACE('',(#1736),#1755,.T.);
#1736 = FACE_BOUND('',#1737,.T.);
#1737 = EDGE_LOOP('',(#1738,#1746,#1753,#1754));
#1738 = ORIENTED_EDGE('',*,*,#1739,.T.);
#1739 = EDGE_CURVE('',#1552,#1740,#1742,.T.);
#1740 = VERTEX_POINT('',#1741);
#1741 = CARTESIAN_POINT('',(1.6,0.8,4.E-02));
#1742 = LINE('',#1743,#1744);
#1743 = CARTESIAN_POINT('',(1.2,0.8,4.E-02));
#1744 = VECTOR('',#1745,1.);
#1745 = DIRECTION('',(1.,0.,0.));
#1746 = ORIENTED_EDGE('',*,*,#1747,.T.);
#1747 = EDGE_CURVE('',#1740,#1694,#1748,.T.);
#1748 = CIRCLE('',#1749,4.E-02);
#1749 = AXIS2_PLACEMENT_3D('',#1750,#1751,#1752);
#1750 = CARTESIAN_POINT('',(1.6,0.76,4.E-02));
#1751 = DIRECTION('',(-1.,0.,0.));
#1752 = DIRECTION('',(0.,0.,1.));
#1753 = ORIENTED_EDGE('',*,*,#1701,.F.);
#1754 = ORIENTED_EDGE('',*,*,#1551,.F.);
#1755 = CYLINDRICAL_SURFACE('',#1756,4.E-02);
#1756 = AXIS2_PLACEMENT_3D('',#1757,#1758,#1759);
#1757 = CARTESIAN_POINT('',(1.2,0.76,4.E-02));
#1758 = DIRECTION('',(1.,0.,0.));
#1759 = DIRECTION('',(-0.,1.,0.));
#1760 = ADVANCED_FACE('',(#1761),#1780,.T.);
#1761 = FACE_BOUND('',#1762,.T.);
#1762 = EDGE_LOOP('',(#1763,#1764,#1765,#1774));
#1763 = ORIENTED_EDGE('',*,*,#1568,.T.);
#1764 = ORIENTED_EDGE('',*,*,#1725,.T.);
#1765 = ORIENTED_EDGE('',*,*,#1766,.F.);
#1766 = EDGE_CURVE('',#1767,#1718,#1769,.T.);
#1767 = VERTEX_POINT('',#1768);
#1768 = CARTESIAN_POINT('',(1.6,0.8,1.56));
#1769 = CIRCLE('',#1770,4.E-02);
#1770 = AXIS2_PLACEMENT_3D('',#1771,#1772,#1773);
#1771 = CARTESIAN_POINT('',(1.6,0.76,1.56));
#1772 = DIRECTION('',(1.,0.,-0.));
#1773 = DIRECTION('',(0.,0.,1.));
#1774 = ORIENTED_EDGE('',*,*,#1775,.F.);
#1775 = EDGE_CURVE('',#1561,#1767,#1776,.T.);
#1776 = LINE('',#1777,#1778);
#1777 = CARTESIAN_POINT('',(1.2,0.8,1.56));
#1778 = VECTOR('',#1779,1.);
#1779 = DIRECTION('',(1.,0.,0.));
#1780 = CYLINDRICAL_SURFACE('',#1781,4.E-02);
#1781 = AXIS2_PLACEMENT_3D('',#1782,#1783,#1784);
#1782 = CARTESIAN_POINT('',(1.2,0.76,1.56));
#1783 = DIRECTION('',(1.,0.,0.));
#1784 = DIRECTION('',(-0.,1.,0.));
#1785 = ADVANCED_FACE('',(#1786),#1797,.T.);
#1786 = FACE_BOUND('',#1787,.T.);
#1787 = EDGE_LOOP('',(#1788,#1794,#1795,#1796));
#1788 = ORIENTED_EDGE('',*,*,#1789,.F.);
#1789 = EDGE_CURVE('',#1740,#1767,#1790,.T.);
#1790 = LINE('',#1791,#1792);
#1791 = CARTESIAN_POINT('',(1.6,0.8,0.));
#1792 = VECTOR('',#1793,1.);
#1793 = DIRECTION('',(0.,0.,1.));
#1794 = ORIENTED_EDGE('',*,*,#1739,.F.);
#1795 = ORIENTED_EDGE('',*,*,#1560,.T.);
#1796 = ORIENTED_EDGE('',*,*,#1775,.T.);
#1797 = PLANE('',#1798);
#1798 = AXIS2_PLACEMENT_3D('',#1799,#1800,#1801);
#1799 = CARTESIAN_POINT('',(1.2,0.8,0.));
#1800 = DIRECTION('',(0.,1.,0.));
#1801 = DIRECTION('',(0.,-0.,1.));
#1802 = ADVANCED_FACE('',(#1803),#1813,.T.);
#1803 = FACE_BOUND('',#1804,.T.);
#1804 = EDGE_LOOP('',(#1805,#1806,#1807,#1808,#1809,#1810,#1811,#1812));
#1805 = ORIENTED_EDGE('',*,*,#1610,.F.);
#1806 = ORIENTED_EDGE('',*,*,#1650,.T.);
#1807 = ORIENTED_EDGE('',*,*,#1693,.T.);
#1808 = ORIENTED_EDGE('',*,*,#1747,.F.);
#1809 = ORIENTED_EDGE('',*,*,#1789,.T.);
#1810 = ORIENTED_EDGE('',*,*,#1766,.T.);
#1811 = ORIENTED_EDGE('',*,*,#1717,.F.);
#1812 = ORIENTED_EDGE('',*,*,#1667,.F.);
#1813 = PLANE('',#1814);
#1814 = AXIS2_PLACEMENT_3D('',#1815,#1816,#1817);
#1815 = CARTESIAN_POINT('',(1.6,-0.8,0.));
#1816 = DIRECTION('',(1.,0.,0.));
#1817 = DIRECTION('',(0.,0.,1.));
#1818 = ( GEOMETRIC_REPRESENTATION_CONTEXT(3) 
GLOBAL_UNCERTAINTY_ASSIGNED_CONTEXT((#1822)) 
GLOBAL_UNIT_ASSIGNED_CONTEXT((#1819,#1820,#1821)) REPRESENTATION_CONTEXT
('Context #1','3D Context with UNIT and UNCERTAINTY') );
#1819 = ( LENGTH_UNIT() NAMED_UNIT(*) SI_UNIT(.MILLI.,.METRE.) );
#1820 = ( NAMED_UNIT(*) PLANE_ANGLE_UNIT() SI_UNIT($,.RADIAN.) );
#1821 = ( NAMED_UNIT(*) SI_UNIT($,.STERADIAN.) SOLID_ANGLE_UNIT() );
#1822 = UNCERTAINTY_MEASURE_WITH_UNIT(LENGTH_MEASURE(1.E-07),#1819,
  'distance_accuracy_value','confusion accuracy');
#1823 = CONTEXT_DEPENDENT_SHAPE_REPRESENTATION(#1824,#1826);
#1824 = ( REPRESENTATION_RELATIONSHIP('','',#963,#940) 
REPRESENTATION_RELATIONSHIP_WITH_TRANSFORMATION(#1825) 
SHAPE_REPRESENTATION_RELATIONSHIP() );
#1825 = ITEM_DEFINED_TRANSFORMATION('','',#11,#941);
#1826 = PRODUCT_DEFINITION_SHAPE('Placement','Placement of an item',
  #1827);
#1827 = NEXT_ASSEMBLY_USAGE_OCCURRENCE('3','=>[0:1:1:5]','',#935,#958,$
  );
#1828 = PRODUCT_RELATED_PRODUCT_CATEGORY('part',$,(#960));
#1829 = SHAPE_DEFINITION_REPRESENTATION(#1830,#1836);
#1830 = PRODUCT_DEFINITION_SHAPE('','',#1831);
#1831 = PRODUCT_DEFINITION('design','',#1832,#1835);
#1832 = PRODUCT_DEFINITION_FORMATION('','',#1833);
#1833 = PRODUCT('PinHeader_2x04_P2.00mm_Vertical',
  'PinHeader_2x04_P2.00mm_Vertical','',(#1834));
#1834 = PRODUCT_CONTEXT('',#2,'mechanical');
#1835 = PRODUCT_DEFINITION_CONTEXT('part definition',#2,'design');
#1836 = SHAPE_REPRESENTATION('',(#11,#1837),#1841);
#1837 = AXIS2_PLACEMENT_3D('',#1838,#1839,#1840);
#1838 = CARTESIAN_POINT('',(0.,0.,0.));
#1839 = DIRECTION('',(0.,0.,1.));
#1840 = DIRECTION('',(1.,0.,-0.));
#1841 = ( GEOMETRIC_REPRESENTATION_CONTEXT(3) 
GLOBAL_UNCERTAINTY_ASSIGNED_CONTEXT((#1845)) 
GLOBAL_UNIT_ASSIGNED_CONTEXT((#1842,#1843,#1844)) REPRESENTATION_CONTEXT
('Context #1','3D Context with UNIT and UNCERTAINTY') );
#1842 = ( LENGTH_UNIT() NAMED_UNIT(*) SI_UNIT(.MILLI.,.METRE.) );
#1843 = ( NAMED_UNIT(*) PLANE_ANGLE_UNIT() SI_UNIT($,.RADIAN.) );
#1844 = ( NAMED_UNIT(*) SI_UNIT($,.STERADIAN.) SOLID_ANGLE_UNIT() );
#1845 = UNCERTAINTY_MEASURE_WITH_UNIT(LENGTH_MEASURE(1.E-07),#1842,
  'distance_accuracy_value','confusion accuracy');
#1846 = CONTEXT_DEPENDENT_SHAPE_REPRESENTATION(#1847,#1849);
#1847 = ( REPRESENTATION_RELATIONSHIP('','',#1836,#10) 
REPRESENTATION_RELATIONSHIP_WITH_TRANSFORMATION(#1848) 
SHAPE_REPRESENTATION_RELATIONSHIP() );
#1848 = ITEM_DEFINED_TRANSFORMATION('','',#11,#23);
#1849 = PRODUCT_DEFINITION_SHAPE('Placement','Placement of an item',
  #1850);
#1850 = NEXT_ASSEMBLY_USAGE_OCCURRENCE('6','U2','',#5,#1831,$);
#1851 = PRODUCT_RELATED_PRODUCT_CATEGORY('part',$,(#1833));
#1852 = SHAPE_DEFINITION_REPRESENTATION(#1853,#1859);
#1853 = PRODUCT_DEFINITION_SHAPE('','',#1854);
#1854 = PRODUCT_DEFINITION('design','',#1855,#1858);
#1855 = PRODUCT_DEFINITION_FORMATION('','',#1856);
#1856 = PRODUCT('PinHeader_2x04_P200mm_Vertical',
  'PinHeader_2x04_P200mm_Vertical','',(#1857));
#1857 = PRODUCT_CONTEXT('',#2,'mechanical');
#1858 = PRODUCT_DEFINITION_CONTEXT('part definition',#2,'design');
#1859 = ADVANCED_BREP_SHAPE_REPRESENTATION('',(#11,#1860),#6544);
#1860 = MANIFOLD_SOLID_BREP('',#1861);
#1861 = CLOSED_SHELL('',(#1862,#1902,#1933,#1964,#2429,#2894,#2911,#2928
    ,#2945,#2962,#2979,#2996,#3013,#3030,#3047,#3064,#3081,#3098,#3115,
    #3132,#3149,#3166,#3183,#3200,#3217,#3234,#3251,#3268,#3280,#3311,
    #3335,#3359,#3376,#3407,#3431,#3455,#3472,#3503,#3527,#3551,#3568,
    #3599,#3623,#3647,#3664,#3695,#3719,#3743,#3760,#3791,#3815,#3839,
    #3856,#3887,#3911,#3935,#3952,#3983,#4007,#4031,#4048,#4079,#4103,
    #4127,#4144,#4175,#4199,#4223,#4240,#4271,#4295,#4319,#4336,#4367,
    #4391,#4415,#4432,#4463,#4487,#4511,#4528,#4559,#4583,#4607,#4624,
    #4655,#4679,#4703,#4720,#4751,#4775,#4799,#4816,#4847,#4871,#4895,
    #4912,#4943,#4967,#4991,#5008,#5039,#5063,#5087,#5104,#5135,#5159,
    #5183,#5200,#5231,#5255,#5279,#5296,#5327,#5351,#5375,#5392,#5423,
    #5447,#5471,#5488,#5519,#5543,#5567,#5584,#5615,#5639,#5663,#5680,
    #5711,#5735,#5759,#5776,#5807,#5831,#5855,#5872,#5903,#5927,#5951,
    #5968,#5999,#6023,#6047,#6064,#6095,#6119,#6143,#6160,#6191,#6215,
    #6239,#6256,#6287,#6311,#6335,#6352,#6364,#6376,#6388,#6400,#6412,
    #6424,#6436,#6448,#6460,#6472,#6484,#6496,#6508,#6520,#6532));
#1862 = ADVANCED_FACE('',(#1863),#1897,.F.);
#1863 = FACE_BOUND('',#1864,.F.);
#1864 = EDGE_LOOP('',(#1865,#1875,#1883,#1891));
#1865 = ORIENTED_EDGE('',*,*,#1866,.T.);
#1866 = EDGE_CURVE('',#1867,#1869,#1871,.T.);
#1867 = VERTEX_POINT('',#1868);
#1868 = CARTESIAN_POINT('',(-0.8,1.,0.));
#1869 = VERTEX_POINT('',#1870);
#1870 = CARTESIAN_POINT('',(-0.8,1.,2.));
#1871 = LINE('',#1872,#1873);
#1872 = CARTESIAN_POINT('',(-0.8,1.,0.));
#1873 = VECTOR('',#1874,1.);
#1874 = DIRECTION('',(0.,0.,1.));
#1875 = ORIENTED_EDGE('',*,*,#1876,.T.);
#1876 = EDGE_CURVE('',#1869,#1877,#1879,.T.);
#1877 = VERTEX_POINT('',#1878);
#1878 = CARTESIAN_POINT('',(-1.,0.8,2.));
#1879 = LINE('',#1880,#1881);
#1880 = CARTESIAN_POINT('',(-0.8,1.,2.));
#1881 = VECTOR('',#1882,1.);
#1882 = DIRECTION('',(-0.707106781187,-0.707106781187,0.));
#1883 = ORIENTED_EDGE('',*,*,#1884,.F.);
#1884 = EDGE_CURVE('',#1885,#1877,#1887,.T.);
#1885 = VERTEX_POINT('',#1886);
#1886 = CARTESIAN_POINT('',(-1.,0.8,0.));
#1887 = LINE('',#1888,#1889);
#1888 = CARTESIAN_POINT('',(-1.,0.8,0.));
#1889 = VECTOR('',#1890,1.);
#1890 = DIRECTION('',(0.,0.,1.));
#1891 = ORIENTED_EDGE('',*,*,#1892,.F.);
#1892 = EDGE_CURVE('',#1867,#1885,#1893,.T.);
#1893 = LINE('',#1894,#1895);
#1894 = CARTESIAN_POINT('',(-0.8,1.,0.));
#1895 = VECTOR('',#1896,1.);
#1896 = DIRECTION('',(-0.707106781187,-0.707106781187,0.));
#1897 = PLANE('',#1898);
#1898 = AXIS2_PLACEMENT_3D('',#1899,#1900,#1901);
#1899 = CARTESIAN_POINT('',(-0.8,1.,0.));
#1900 = DIRECTION('',(0.707106781187,-0.707106781187,0.));
#1901 = DIRECTION('',(-0.707106781187,-0.707106781187,0.));
#1902 = ADVANCED_FACE('',(#1903),#1928,.F.);
#1903 = FACE_BOUND('',#1904,.F.);
#1904 = EDGE_LOOP('',(#1905,#1915,#1921,#1922));
#1905 = ORIENTED_EDGE('',*,*,#1906,.T.);
#1906 = EDGE_CURVE('',#1907,#1909,#1911,.T.);
#1907 = VERTEX_POINT('',#1908);
#1908 = CARTESIAN_POINT('',(2.8,1.,0.));
#1909 = VERTEX_POINT('',#1910);
#1910 = CARTESIAN_POINT('',(2.8,1.,2.));
#1911 = LINE('',#1912,#1913);
#1912 = CARTESIAN_POINT('',(2.8,1.,0.));
#1913 = VECTOR('',#1914,1.);
#1914 = DIRECTION('',(0.,0.,1.));
#1915 = ORIENTED_EDGE('',*,*,#1916,.T.);
#1916 = EDGE_CURVE('',#1909,#1869,#1917,.T.);
#1917 = LINE('',#1918,#1919);
#1918 = CARTESIAN_POINT('',(2.8,1.,2.));
#1919 = VECTOR('',#1920,1.);
#1920 = DIRECTION('',(-1.,6.167905692362E-17,0.));
#1921 = ORIENTED_EDGE('',*,*,#1866,.F.);
#1922 = ORIENTED_EDGE('',*,*,#1923,.F.);
#1923 = EDGE_CURVE('',#1907,#1867,#1924,.T.);
#1924 = LINE('',#1925,#1926);
#1925 = CARTESIAN_POINT('',(2.8,1.,0.));
#1926 = VECTOR('',#1927,1.);
#1927 = DIRECTION('',(-1.,6.167905692362E-17,0.));
#1928 = PLANE('',#1929);
#1929 = AXIS2_PLACEMENT_3D('',#1930,#1931,#1932);
#1930 = CARTESIAN_POINT('',(2.8,1.,0.));
#1931 = DIRECTION('',(-6.167905692362E-17,-1.,0.));
#1932 = DIRECTION('',(-1.,6.167905692362E-17,0.));
#1933 = ADVANCED_FACE('',(#1934),#1959,.F.);
#1934 = FACE_BOUND('',#1935,.F.);
#1935 = EDGE_LOOP('',(#1936,#1937,#1945,#1953));
#1936 = ORIENTED_EDGE('',*,*,#1884,.T.);
#1937 = ORIENTED_EDGE('',*,*,#1938,.T.);
#1938 = EDGE_CURVE('',#1877,#1939,#1941,.T.);
#1939 = VERTEX_POINT('',#1940);
#1940 = CARTESIAN_POINT('',(-1.,-0.8,2.));
#1941 = LINE('',#1942,#1943);
#1942 = CARTESIAN_POINT('',(-1.,0.8,2.));
#1943 = VECTOR('',#1944,1.);
#1944 = DIRECTION('',(0.,-1.,0.));
#1945 = ORIENTED_EDGE('',*,*,#1946,.F.);
#1946 = EDGE_CURVE('',#1947,#1939,#1949,.T.);
#1947 = VERTEX_POINT('',#1948);
#1948 = CARTESIAN_POINT('',(-1.,-0.8,0.));
#1949 = LINE('',#1950,#1951);
#1950 = CARTESIAN_POINT('',(-1.,-0.8,0.));
#1951 = VECTOR('',#1952,1.);
#1952 = DIRECTION('',(0.,0.,1.));
#1953 = ORIENTED_EDGE('',*,*,#1954,.F.);
#1954 = EDGE_CURVE('',#1885,#1947,#1955,.T.);
#1955 = LINE('',#1956,#1957);
#1956 = CARTESIAN_POINT('',(-1.,0.8,0.));
#1957 = VECTOR('',#1958,1.);
#1958 = DIRECTION('',(0.,-1.,0.));
#1959 = PLANE('',#1960);
#1960 = AXIS2_PLACEMENT_3D('',#1961,#1962,#1963);
#1961 = CARTESIAN_POINT('',(-1.,0.8,0.));
#1962 = DIRECTION('',(1.,0.,0.));
#1963 = DIRECTION('',(0.,-1.,0.));
#1964 = ADVANCED_FACE('',(#1965,#2152,#2186,#2220,#2254,#2288,#2322,
    #2356,#2390),#2424,.F.);
#1965 = FACE_BOUND('',#1966,.F.);
#1966 = EDGE_LOOP('',(#1967,#1968,#1969,#1977,#1985,#1993,#2001,#2009,
    #2017,#2025,#2033,#2041,#2049,#2057,#2065,#2073,#2081,#2089,#2097,
    #2105,#2113,#2121,#2129,#2137,#2145,#2151));
#1967 = ORIENTED_EDGE('',*,*,#1892,.T.);
#1968 = ORIENTED_EDGE('',*,*,#1954,.T.);
#1969 = ORIENTED_EDGE('',*,*,#1970,.T.);
#1970 = EDGE_CURVE('',#1947,#1971,#1973,.T.);
#1971 = VERTEX_POINT('',#1972);
#1972 = CARTESIAN_POINT('',(-0.8,-1.,0.));
#1973 = LINE('',#1974,#1975);
#1974 = CARTESIAN_POINT('',(-1.,-0.8,0.));
#1975 = VECTOR('',#1976,1.);
#1976 = DIRECTION('',(0.707106781187,-0.707106781187,0.));
#1977 = ORIENTED_EDGE('',*,*,#1978,.T.);
#1978 = EDGE_CURVE('',#1971,#1979,#1981,.T.);
#1979 = VERTEX_POINT('',#1980);
#1980 = CARTESIAN_POINT('',(-1.,-1.2,0.));
#1981 = LINE('',#1982,#1983);
#1982 = CARTESIAN_POINT('',(-0.8,-1.,0.));
#1983 = VECTOR('',#1984,1.);
#1984 = DIRECTION('',(-0.707106781187,-0.707106781187,0.));
#1985 = ORIENTED_EDGE('',*,*,#1986,.T.);
#1986 = EDGE_CURVE('',#1979,#1987,#1989,.T.);
#1987 = VERTEX_POINT('',#1988);
#1988 = CARTESIAN_POINT('',(-1.,-2.8,0.));
#1989 = LINE('',#1990,#1991);
#1990 = CARTESIAN_POINT('',(-1.,-1.2,0.));
#1991 = VECTOR('',#1992,1.);
#1992 = DIRECTION('',(0.,-1.,0.));
#1993 = ORIENTED_EDGE('',*,*,#1994,.T.);
#1994 = EDGE_CURVE('',#1987,#1995,#1997,.T.);
#1995 = VERTEX_POINT('',#1996);
#1996 = CARTESIAN_POINT('',(-0.8,-3.,0.));
#1997 = LINE('',#1998,#1999);
#1998 = CARTESIAN_POINT('',(-1.,-2.8,0.));
#1999 = VECTOR('',#2000,1.);
#2000 = DIRECTION('',(0.707106781187,-0.707106781187,0.));
#2001 = ORIENTED_EDGE('',*,*,#2002,.T.);
#2002 = EDGE_CURVE('',#1995,#2003,#2005,.T.);
#2003 = VERTEX_POINT('',#2004);
#2004 = CARTESIAN_POINT('',(-1.,-3.2,0.));
#2005 = LINE('',#2006,#2007);
#2006 = CARTESIAN_POINT('',(-0.8,-3.,0.));
#2007 = VECTOR('',#2008,1.);
#2008 = DIRECTION('',(-0.707106781187,-0.707106781187,0.));
#2009 = ORIENTED_EDGE('',*,*,#2010,.T.);
#2010 = EDGE_CURVE('',#2003,#2011,#2013,.T.);
#2011 = VERTEX_POINT('',#2012);
#2012 = CARTESIAN_POINT('',(-1.,-4.8,0.));
#2013 = LINE('',#2014,#2015);
#2014 = CARTESIAN_POINT('',(-1.,-3.2,0.));
#2015 = VECTOR('',#2016,1.);
#2016 = DIRECTION('',(0.,-1.,0.));
#2017 = ORIENTED_EDGE('',*,*,#2018,.T.);
#2018 = EDGE_CURVE('',#2011,#2019,#2021,.T.);
#2019 = VERTEX_POINT('',#2020);
#2020 = CARTESIAN_POINT('',(-0.8,-5.,0.));
#2021 = LINE('',#2022,#2023);
#2022 = CARTESIAN_POINT('',(-1.,-4.8,0.));
#2023 = VECTOR('',#2024,1.);
#2024 = DIRECTION('',(0.707106781187,-0.707106781187,0.));
#2025 = ORIENTED_EDGE('',*,*,#2026,.T.);
#2026 = EDGE_CURVE('',#2019,#2027,#2029,.T.);
#2027 = VERTEX_POINT('',#2028);
#2028 = CARTESIAN_POINT('',(-1.,-5.2,0.));
#2029 = LINE('',#2030,#2031);
#2030 = CARTESIAN_POINT('',(-0.8,-5.,0.));
#2031 = VECTOR('',#2032,1.);
#2032 = DIRECTION('',(-0.707106781187,-0.707106781187,0.));
#2033 = ORIENTED_EDGE('',*,*,#2034,.T.);
#2034 = EDGE_CURVE('',#2027,#2035,#2037,.T.);
#2035 = VERTEX_POINT('',#2036);
#2036 = CARTESIAN_POINT('',(-1.,-6.8,0.));
#2037 = LINE('',#2038,#2039);
#2038 = CARTESIAN_POINT('',(-1.,-5.2,0.));
#2039 = VECTOR('',#2040,1.);
#2040 = DIRECTION('',(0.,-1.,0.));
#2041 = ORIENTED_EDGE('',*,*,#2042,.T.);
#2042 = EDGE_CURVE('',#2035,#2043,#2045,.T.);
#2043 = VERTEX_POINT('',#2044);
#2044 = CARTESIAN_POINT('',(-0.8,-7.,0.));
#2045 = LINE('',#2046,#2047);
#2046 = CARTESIAN_POINT('',(-1.,-6.8,0.));
#2047 = VECTOR('',#2048,1.);
#2048 = DIRECTION('',(0.707106781187,-0.707106781187,0.));
#2049 = ORIENTED_EDGE('',*,*,#2050,.T.);
#2050 = EDGE_CURVE('',#2043,#2051,#2053,.T.);
#2051 = VERTEX_POINT('',#2052);
#2052 = CARTESIAN_POINT('',(2.8,-7.,0.));
#2053 = LINE('',#2054,#2055);
#2054 = CARTESIAN_POINT('',(-0.8,-7.,0.));
#2055 = VECTOR('',#2056,1.);
#2056 = DIRECTION('',(1.,0.,0.));
#2057 = ORIENTED_EDGE('',*,*,#2058,.T.);
#2058 = EDGE_CURVE('',#2051,#2059,#2061,.T.);
#2059 = VERTEX_POINT('',#2060);
#2060 = CARTESIAN_POINT('',(3.,-6.8,0.));
#2061 = LINE('',#2062,#2063);
#2062 = CARTESIAN_POINT('',(2.8,-7.,0.));
#2063 = VECTOR('',#2064,1.);
#2064 = DIRECTION('',(0.707106781187,0.707106781187,0.));
#2065 = ORIENTED_EDGE('',*,*,#2066,.T.);
#2066 = EDGE_CURVE('',#2059,#2067,#2069,.T.);
#2067 = VERTEX_POINT('',#2068);
#2068 = CARTESIAN_POINT('',(3.,-5.2,0.));
#2069 = LINE('',#2070,#2071);
#2070 = CARTESIAN_POINT('',(3.,-6.8,0.));
#2071 = VECTOR('',#2072,1.);
#2072 = DIRECTION('',(0.,1.,0.));
#2073 = ORIENTED_EDGE('',*,*,#2074,.T.);
#2074 = EDGE_CURVE('',#2067,#2075,#2077,.T.);
#2075 = VERTEX_POINT('',#2076);
#2076 = CARTESIAN_POINT('',(2.8,-5.,0.));
#2077 = LINE('',#2078,#2079);
#2078 = CARTESIAN_POINT('',(3.,-5.2,0.));
#2079 = VECTOR('',#2080,1.);
#2080 = DIRECTION('',(-0.707106781187,0.707106781187,0.));
#2081 = ORIENTED_EDGE('',*,*,#2082,.T.);
#2082 = EDGE_CURVE('',#2075,#2083,#2085,.T.);
#2083 = VERTEX_POINT('',#2084);
#2084 = CARTESIAN_POINT('',(3.,-4.8,0.));
#2085 = LINE('',#2086,#2087);
#2086 = CARTESIAN_POINT('',(2.8,-5.,0.));
#2087 = VECTOR('',#2088,1.);
#2088 = DIRECTION('',(0.707106781187,0.707106781187,0.));
#2089 = ORIENTED_EDGE('',*,*,#2090,.T.);
#2090 = EDGE_CURVE('',#2083,#2091,#2093,.T.);
#2091 = VERTEX_POINT('',#2092);
#2092 = CARTESIAN_POINT('',(3.,-3.2,0.));
#2093 = LINE('',#2094,#2095);
#2094 = CARTESIAN_POINT('',(3.,-4.8,0.));
#2095 = VECTOR('',#2096,1.);
#2096 = DIRECTION('',(0.,1.,0.));
#2097 = ORIENTED_EDGE('',*,*,#2098,.T.);
#2098 = EDGE_CURVE('',#2091,#2099,#2101,.T.);
#2099 = VERTEX_POINT('',#2100);
#2100 = CARTESIAN_POINT('',(2.8,-3.,0.));
#2101 = LINE('',#2102,#2103);
#2102 = CARTESIAN_POINT('',(3.,-3.2,0.));
#2103 = VECTOR('',#2104,1.);
#2104 = DIRECTION('',(-0.707106781187,0.707106781187,0.));
#2105 = ORIENTED_EDGE('',*,*,#2106,.T.);
#2106 = EDGE_CURVE('',#2099,#2107,#2109,.T.);
#2107 = VERTEX_POINT('',#2108);
#2108 = CARTESIAN_POINT('',(3.,-2.8,0.));
#2109 = LINE('',#2110,#2111);
#2110 = CARTESIAN_POINT('',(2.8,-3.,0.));
#2111 = VECTOR('',#2112,1.);
#2112 = DIRECTION('',(0.707106781187,0.707106781187,0.));
#2113 = ORIENTED_EDGE('',*,*,#2114,.T.);
#2114 = EDGE_CURVE('',#2107,#2115,#2117,.T.);
#2115 = VERTEX_POINT('',#2116);
#2116 = CARTESIAN_POINT('',(3.,-1.2,0.));
#2117 = LINE('',#2118,#2119);
#2118 = CARTESIAN_POINT('',(3.,-2.8,0.));
#2119 = VECTOR('',#2120,1.);
#2120 = DIRECTION('',(0.,1.,0.));
#2121 = ORIENTED_EDGE('',*,*,#2122,.T.);
#2122 = EDGE_CURVE('',#2115,#2123,#2125,.T.);
#2123 = VERTEX_POINT('',#2124);
#2124 = CARTESIAN_POINT('',(2.8,-1.,0.));
#2125 = LINE('',#2126,#2127);
#2126 = CARTESIAN_POINT('',(3.,-1.2,0.));
#2127 = VECTOR('',#2128,1.);
#2128 = DIRECTION('',(-0.707106781187,0.707106781187,0.));
#2129 = ORIENTED_EDGE('',*,*,#2130,.T.);
#2130 = EDGE_CURVE('',#2123,#2131,#2133,.T.);
#2131 = VERTEX_POINT('',#2132);
#2132 = CARTESIAN_POINT('',(3.,-0.8,0.));
#2133 = LINE('',#2134,#2135);
#2134 = CARTESIAN_POINT('',(2.8,-1.,0.));
#2135 = VECTOR('',#2136,1.);
#2136 = DIRECTION('',(0.707106781187,0.707106781187,0.));
#2137 = ORIENTED_EDGE('',*,*,#2138,.T.);
#2138 = EDGE_CURVE('',#2131,#2139,#2141,.T.);
#2139 = VERTEX_POINT('',#2140);
#2140 = CARTESIAN_POINT('',(3.,0.8,0.));
#2141 = LINE('',#2142,#2143);
#2142 = CARTESIAN_POINT('',(3.,-0.8,0.));
#2143 = VECTOR('',#2144,1.);
#2144 = DIRECTION('',(0.,1.,0.));
#2145 = ORIENTED_EDGE('',*,*,#2146,.T.);
#2146 = EDGE_CURVE('',#2139,#1907,#2147,.T.);
#2147 = LINE('',#2148,#2149);
#2148 = CARTESIAN_POINT('',(3.,0.8,0.));
#2149 = VECTOR('',#2150,1.);
#2150 = DIRECTION('',(-0.707106781187,0.707106781187,0.));
#2151 = ORIENTED_EDGE('',*,*,#1923,.T.);
#2152 = FACE_BOUND('',#2153,.F.);
#2153 = EDGE_LOOP('',(#2154,#2164,#2172,#2180));
#2154 = ORIENTED_EDGE('',*,*,#2155,.F.);
#2155 = EDGE_CURVE('',#2156,#2158,#2160,.T.);
#2156 = VERTEX_POINT('',#2157);
#2157 = CARTESIAN_POINT('',(2.25,-3.75,0.));
#2158 = VERTEX_POINT('',#2159);
#2159 = CARTESIAN_POINT('',(1.75,-3.75,0.));
#2160 = LINE('',#2161,#2162);
#2161 = CARTESIAN_POINT('',(1.375,-3.75,0.));
#2162 = VECTOR('',#2163,1.);
#2163 = DIRECTION('',(-1.,0.,0.));
#2164 = ORIENTED_EDGE('',*,*,#2165,.F.);
#2165 = EDGE_CURVE('',#2166,#2156,#2168,.T.);
#2166 = VERTEX_POINT('',#2167);
#2167 = CARTESIAN_POINT('',(2.25,-4.25,0.));
#2168 = LINE('',#2169,#2170);
#2169 = CARTESIAN_POINT('',(2.25,-3.625,0.));
#2170 = VECTOR('',#2171,1.);
#2171 = DIRECTION('',(0.,1.,0.));
#2172 = ORIENTED_EDGE('',*,*,#2173,.T.);
#2173 = EDGE_CURVE('',#2166,#2174,#2176,.T.);
#2174 = VERTEX_POINT('',#2175);
#2175 = CARTESIAN_POINT('',(1.75,-4.25,0.));
#2176 = LINE('',#2177,#2178);
#2177 = CARTESIAN_POINT('',(1.375,-4.25,0.));
#2178 = VECTOR('',#2179,1.);
#2179 = DIRECTION('',(-1.,0.,0.));
#2180 = ORIENTED_EDGE('',*,*,#2181,.T.);
#2181 = EDGE_CURVE('',#2174,#2158,#2182,.T.);
#2182 = LINE('',#2183,#2184);
#2183 = CARTESIAN_POINT('',(1.75,-3.625,0.));
#2184 = VECTOR('',#2185,1.);
#2185 = DIRECTION('',(0.,1.,0.));
#2186 = FACE_BOUND('',#2187,.F.);
#2187 = EDGE_LOOP('',(#2188,#2198,#2206,#2214));
#2188 = ORIENTED_EDGE('',*,*,#2189,.F.);
#2189 = EDGE_CURVE('',#2190,#2192,#2194,.T.);
#2190 = VERTEX_POINT('',#2191);
#2191 = CARTESIAN_POINT('',(0.25,-4.25,0.));
#2192 = VERTEX_POINT('',#2193);
#2193 = CARTESIAN_POINT('',(0.25,-3.75,0.));
#2194 = LINE('',#2195,#2196);
#2195 = CARTESIAN_POINT('',(0.25,-3.625,0.));
#2196 = VECTOR('',#2197,1.);
#2197 = DIRECTION('',(0.,1.,0.));
#2198 = ORIENTED_EDGE('',*,*,#2199,.T.);
#2199 = EDGE_CURVE('',#2190,#2200,#2202,.T.);
#2200 = VERTEX_POINT('',#2201);
#2201 = CARTESIAN_POINT('',(-0.25,-4.25,0.));
#2202 = LINE('',#2203,#2204);
#2203 = CARTESIAN_POINT('',(0.375,-4.25,0.));
#2204 = VECTOR('',#2205,1.);
#2205 = DIRECTION('',(-1.,0.,0.));
#2206 = ORIENTED_EDGE('',*,*,#2207,.T.);
#2207 = EDGE_CURVE('',#2200,#2208,#2210,.T.);
#2208 = VERTEX_POINT('',#2209);
#2209 = CARTESIAN_POINT('',(-0.25,-3.75,0.));
#2210 = LINE('',#2211,#2212);
#2211 = CARTESIAN_POINT('',(-0.25,-3.625,0.));
#2212 = VECTOR('',#2213,1.);
#2213 = DIRECTION('',(0.,1.,0.));
#2214 = ORIENTED_EDGE('',*,*,#2215,.F.);
#2215 = EDGE_CURVE('',#2192,#2208,#2216,.T.);
#2216 = LINE('',#2217,#2218);
#2217 = CARTESIAN_POINT('',(0.375,-3.75,0.));
#2218 = VECTOR('',#2219,1.);
#2219 = DIRECTION('',(-1.,0.,0.));
#2220 = FACE_BOUND('',#2221,.F.);
#2221 = EDGE_LOOP('',(#2222,#2232,#2240,#2248));
#2222 = ORIENTED_EDGE('',*,*,#2223,.F.);
#2223 = EDGE_CURVE('',#2224,#2226,#2228,.T.);
#2224 = VERTEX_POINT('',#2225);
#2225 = CARTESIAN_POINT('',(0.25,0.25,0.));
#2226 = VERTEX_POINT('',#2227);
#2227 = CARTESIAN_POINT('',(-0.25,0.25,0.));
#2228 = LINE('',#2229,#2230);
#2229 = CARTESIAN_POINT('',(0.375,0.25,0.));
#2230 = VECTOR('',#2231,1.);
#2231 = DIRECTION('',(-1.,0.,0.));
#2232 = ORIENTED_EDGE('',*,*,#2233,.F.);
#2233 = EDGE_CURVE('',#2234,#2224,#2236,.T.);
#2234 = VERTEX_POINT('',#2235);
#2235 = CARTESIAN_POINT('',(0.25,-0.25,0.));
#2236 = LINE('',#2237,#2238);
#2237 = CARTESIAN_POINT('',(0.25,-1.625,0.));
#2238 = VECTOR('',#2239,1.);
#2239 = DIRECTION('',(0.,1.,0.));
#2240 = ORIENTED_EDGE('',*,*,#2241,.T.);
#2241 = EDGE_CURVE('',#2234,#2242,#2244,.T.);
#2242 = VERTEX_POINT('',#2243);
#2243 = CARTESIAN_POINT('',(-0.25,-0.25,0.));
#2244 = LINE('',#2245,#2246);
#2245 = CARTESIAN_POINT('',(0.375,-0.25,0.));
#2246 = VECTOR('',#2247,1.);
#2247 = DIRECTION('',(-1.,0.,0.));
#2248 = ORIENTED_EDGE('',*,*,#2249,.T.);
#2249 = EDGE_CURVE('',#2242,#2226,#2250,.T.);
#2250 = LINE('',#2251,#2252);
#2251 = CARTESIAN_POINT('',(-0.25,-1.625,0.));
#2252 = VECTOR('',#2253,1.);
#2253 = DIRECTION('',(0.,1.,0.));
#2254 = FACE_BOUND('',#2255,.F.);
#2255 = EDGE_LOOP('',(#2256,#2266,#2274,#2282));
#2256 = ORIENTED_EDGE('',*,*,#2257,.F.);
#2257 = EDGE_CURVE('',#2258,#2260,#2262,.T.);
#2258 = VERTEX_POINT('',#2259);
#2259 = CARTESIAN_POINT('',(0.25,-2.25,0.));
#2260 = VERTEX_POINT('',#2261);
#2261 = CARTESIAN_POINT('',(0.25,-1.75,0.));
#2262 = LINE('',#2263,#2264);
#2263 = CARTESIAN_POINT('',(0.25,-2.625,0.));
#2264 = VECTOR('',#2265,1.);
#2265 = DIRECTION('',(0.,1.,0.));
#2266 = ORIENTED_EDGE('',*,*,#2267,.T.);
#2267 = EDGE_CURVE('',#2258,#2268,#2270,.T.);
#2268 = VERTEX_POINT('',#2269);
#2269 = CARTESIAN_POINT('',(-0.25,-2.25,0.));
#2270 = LINE('',#2271,#2272);
#2271 = CARTESIAN_POINT('',(0.375,-2.25,0.));
#2272 = VECTOR('',#2273,1.);
#2273 = DIRECTION('',(-1.,0.,0.));
#2274 = ORIENTED_EDGE('',*,*,#2275,.T.);
#2275 = EDGE_CURVE('',#2268,#2276,#2278,.T.);
#2276 = VERTEX_POINT('',#2277);
#2277 = CARTESIAN_POINT('',(-0.25,-1.75,0.));
#2278 = LINE('',#2279,#2280);
#2279 = CARTESIAN_POINT('',(-0.25,-2.625,0.));
#2280 = VECTOR('',#2281,1.);
#2281 = DIRECTION('',(0.,1.,0.));
#2282 = ORIENTED_EDGE('',*,*,#2283,.F.);
#2283 = EDGE_CURVE('',#2260,#2276,#2284,.T.);
#2284 = LINE('',#2285,#2286);
#2285 = CARTESIAN_POINT('',(0.375,-1.75,0.));
#2286 = VECTOR('',#2287,1.);
#2287 = DIRECTION('',(-1.,0.,0.));
#2288 = FACE_BOUND('',#2289,.F.);
#2289 = EDGE_LOOP('',(#2290,#2300,#2308,#2316));
#2290 = ORIENTED_EDGE('',*,*,#2291,.F.);
#2291 = EDGE_CURVE('',#2292,#2294,#2296,.T.);
#2292 = VERTEX_POINT('',#2293);
#2293 = CARTESIAN_POINT('',(2.25,0.25,0.));
#2294 = VERTEX_POINT('',#2295);
#2295 = CARTESIAN_POINT('',(1.75,0.25,0.));
#2296 = LINE('',#2297,#2298);
#2297 = CARTESIAN_POINT('',(1.375,0.25,0.));
#2298 = VECTOR('',#2299,1.);
#2299 = DIRECTION('',(-1.,0.,0.));
#2300 = ORIENTED_EDGE('',*,*,#2301,.F.);
#2301 = EDGE_CURVE('',#2302,#2292,#2304,.T.);
#2302 = VERTEX_POINT('',#2303);
#2303 = CARTESIAN_POINT('',(2.25,-0.25,0.));
#2304 = LINE('',#2305,#2306);
#2305 = CARTESIAN_POINT('',(2.25,-1.625,0.));
#2306 = VECTOR('',#2307,1.);
#2307 = DIRECTION('',(0.,1.,0.));
#2308 = ORIENTED_EDGE('',*,*,#2309,.T.);
#2309 = EDGE_CURVE('',#2302,#2310,#2312,.T.);
#2310 = VERTEX_POINT('',#2311);
#2311 = CARTESIAN_POINT('',(1.75,-0.25,0.));
#2312 = LINE('',#2313,#2314);
#2313 = CARTESIAN_POINT('',(1.375,-0.25,0.));
#2314 = VECTOR('',#2315,1.);
#2315 = DIRECTION('',(-1.,0.,0.));
#2316 = ORIENTED_EDGE('',*,*,#2317,.T.);
#2317 = EDGE_CURVE('',#2310,#2294,#2318,.T.);
#2318 = LINE('',#2319,#2320);
#2319 = CARTESIAN_POINT('',(1.75,-1.625,0.));
#2320 = VECTOR('',#2321,1.);
#2321 = DIRECTION('',(0.,1.,0.));
#2322 = FACE_BOUND('',#2323,.F.);
#2323 = EDGE_LOOP('',(#2324,#2334,#2342,#2350));
#2324 = ORIENTED_EDGE('',*,*,#2325,.F.);
#2325 = EDGE_CURVE('',#2326,#2328,#2330,.T.);
#2326 = VERTEX_POINT('',#2327);
#2327 = CARTESIAN_POINT('',(2.25,-1.75,0.));
#2328 = VERTEX_POINT('',#2329);
#2329 = CARTESIAN_POINT('',(1.75,-1.75,0.));
#2330 = LINE('',#2331,#2332);
#2331 = CARTESIAN_POINT('',(1.375,-1.75,0.));
#2332 = VECTOR('',#2333,1.);
#2333 = DIRECTION('',(-1.,0.,0.));
#2334 = ORIENTED_EDGE('',*,*,#2335,.F.);
#2335 = EDGE_CURVE('',#2336,#2326,#2338,.T.);
#2336 = VERTEX_POINT('',#2337);
#2337 = CARTESIAN_POINT('',(2.25,-2.25,0.));
#2338 = LINE('',#2339,#2340);
#2339 = CARTESIAN_POINT('',(2.25,-2.625,0.));
#2340 = VECTOR('',#2341,1.);
#2341 = DIRECTION('',(0.,1.,0.));
#2342 = ORIENTED_EDGE('',*,*,#2343,.T.);
#2343 = EDGE_CURVE('',#2336,#2344,#2346,.T.);
#2344 = VERTEX_POINT('',#2345);
#2345 = CARTESIAN_POINT('',(1.75,-2.25,0.));
#2346 = LINE('',#2347,#2348);
#2347 = CARTESIAN_POINT('',(1.375,-2.25,0.));
#2348 = VECTOR('',#2349,1.);
#2349 = DIRECTION('',(-1.,0.,0.));
#2350 = ORIENTED_EDGE('',*,*,#2351,.T.);
#2351 = EDGE_CURVE('',#2344,#2328,#2352,.T.);
#2352 = LINE('',#2353,#2354);
#2353 = CARTESIAN_POINT('',(1.75,-2.625,0.));
#2354 = VECTOR('',#2355,1.);
#2355 = DIRECTION('',(0.,1.,0.));
#2356 = FACE_BOUND('',#2357,.F.);
#2357 = EDGE_LOOP('',(#2358,#2368,#2376,#2384));
#2358 = ORIENTED_EDGE('',*,*,#2359,.T.);
#2359 = EDGE_CURVE('',#2360,#2362,#2364,.T.);
#2360 = VERTEX_POINT('',#2361);
#2361 = CARTESIAN_POINT('',(0.25,-6.25,0.));
#2362 = VERTEX_POINT('',#2363);
#2363 = CARTESIAN_POINT('',(-0.25,-6.25,0.));
#2364 = LINE('',#2365,#2366);
#2365 = CARTESIAN_POINT('',(0.375,-6.25,0.));
#2366 = VECTOR('',#2367,1.);
#2367 = DIRECTION('',(-1.,0.,0.));
#2368 = ORIENTED_EDGE('',*,*,#2369,.T.);
#2369 = EDGE_CURVE('',#2362,#2370,#2372,.T.);
#2370 = VERTEX_POINT('',#2371);
#2371 = CARTESIAN_POINT('',(-0.25,-5.75,0.));
#2372 = LINE('',#2373,#2374);
#2373 = CARTESIAN_POINT('',(-0.25,-4.625,0.));
#2374 = VECTOR('',#2375,1.);
#2375 = DIRECTION('',(0.,1.,0.));
#2376 = ORIENTED_EDGE('',*,*,#2377,.F.);
#2377 = EDGE_CURVE('',#2378,#2370,#2380,.T.);
#2378 = VERTEX_POINT('',#2379);
#2379 = CARTESIAN_POINT('',(0.25,-5.75,0.));
#2380 = LINE('',#2381,#2382);
#2381 = CARTESIAN_POINT('',(0.375,-5.75,0.));
#2382 = VECTOR('',#2383,1.);
#2383 = DIRECTION('',(-1.,0.,0.));
#2384 = ORIENTED_EDGE('',*,*,#2385,.F.);
#2385 = EDGE_CURVE('',#2360,#2378,#2386,.T.);
#2386 = LINE('',#2387,#2388);
#2387 = CARTESIAN_POINT('',(0.25,-4.625,0.));
#2388 = VECTOR('',#2389,1.);
#2389 = DIRECTION('',(0.,1.,0.));
#2390 = FACE_BOUND('',#2391,.F.);
#2391 = EDGE_LOOP('',(#2392,#2402,#2410,#2418));
#2392 = ORIENTED_EDGE('',*,*,#2393,.F.);
#2393 = EDGE_CURVE('',#2394,#2396,#2398,.T.);
#2394 = VERTEX_POINT('',#2395);
#2395 = CARTESIAN_POINT('',(2.25,-5.75,0.));
#2396 = VERTEX_POINT('',#2397);
#2397 = CARTESIAN_POINT('',(1.75,-5.75,0.));
#2398 = LINE('',#2399,#2400);
#2399 = CARTESIAN_POINT('',(1.375,-5.75,0.));
#2400 = VECTOR('',#2401,1.);
#2401 = DIRECTION('',(-1.,0.,0.));
#2402 = ORIENTED_EDGE('',*,*,#2403,.F.);
#2403 = EDGE_CURVE('',#2404,#2394,#2406,.T.);
#2404 = VERTEX_POINT('',#2405);
#2405 = CARTESIAN_POINT('',(2.25,-6.25,0.));
#2406 = LINE('',#2407,#2408);
#2407 = CARTESIAN_POINT('',(2.25,-4.625,0.));
#2408 = VECTOR('',#2409,1.);
#2409 = DIRECTION('',(0.,1.,0.));
#2410 = ORIENTED_EDGE('',*,*,#2411,.T.);
#2411 = EDGE_CURVE('',#2404,#2412,#2414,.T.);
#2412 = VERTEX_POINT('',#2413);
#2413 = CARTESIAN_POINT('',(1.75,-6.25,0.));
#2414 = LINE('',#2415,#2416);
#2415 = CARTESIAN_POINT('',(1.375,-6.25,0.));
#2416 = VECTOR('',#2417,1.);
#2417 = DIRECTION('',(-1.,0.,0.));
#2418 = ORIENTED_EDGE('',*,*,#2419,.T.);
#2419 = EDGE_CURVE('',#2412,#2396,#2420,.T.);
#2420 = LINE('',#2421,#2422);
#2421 = CARTESIAN_POINT('',(1.75,-4.625,0.));
#2422 = VECTOR('',#2423,1.);
#2423 = DIRECTION('',(0.,1.,0.));
#2424 = PLANE('',#2425);
#2425 = AXIS2_PLACEMENT_3D('',#2426,#2427,#2428);
#2426 = CARTESIAN_POINT('',(1.,-3.,0.));
#2427 = DIRECTION('',(0.,0.,1.));
#2428 = DIRECTION('',(1.,0.,-0.));
#2429 = ADVANCED_FACE('',(#2430,#2617,#2651,#2685,#2719,#2753,#2787,
    #2821,#2855),#2889,.T.);
#2430 = FACE_BOUND('',#2431,.T.);
#2431 = EDGE_LOOP('',(#2432,#2433,#2434,#2442,#2450,#2458,#2466,#2474,
    #2482,#2490,#2498,#2506,#2514,#2522,#2530,#2538,#2546,#2554,#2562,
    #2570,#2578,#2586,#2594,#2602,#2610,#2616));
#2432 = ORIENTED_EDGE('',*,*,#1876,.T.);
#2433 = ORIENTED_EDGE('',*,*,#1938,.T.);
#2434 = ORIENTED_EDGE('',*,*,#2435,.T.);
#2435 = EDGE_CURVE('',#1939,#2436,#2438,.T.);
#2436 = VERTEX_POINT('',#2437);
#2437 = CARTESIAN_POINT('',(-0.8,-1.,2.));
#2438 = LINE('',#2439,#2440);
#2439 = CARTESIAN_POINT('',(-1.,-0.8,2.));
#2440 = VECTOR('',#2441,1.);
#2441 = DIRECTION('',(0.707106781187,-0.707106781187,0.));
#2442 = ORIENTED_EDGE('',*,*,#2443,.T.);
#2443 = EDGE_CURVE('',#2436,#2444,#2446,.T.);
#2444 = VERTEX_POINT('',#2445);
#2445 = CARTESIAN_POINT('',(-1.,-1.2,2.));
#2446 = LINE('',#2447,#2448);
#2447 = CARTESIAN_POINT('',(-0.8,-1.,2.));
#2448 = VECTOR('',#2449,1.);
#2449 = DIRECTION('',(-0.707106781187,-0.707106781187,0.));
#2450 = ORIENTED_EDGE('',*,*,#2451,.T.);
#2451 = EDGE_CURVE('',#2444,#2452,#2454,.T.);
#2452 = VERTEX_POINT('',#2453);
#2453 = CARTESIAN_POINT('',(-1.,-2.8,2.));
#2454 = LINE('',#2455,#2456);
#2455 = CARTESIAN_POINT('',(-1.,-1.2,2.));
#2456 = VECTOR('',#2457,1.);
#2457 = DIRECTION('',(0.,-1.,0.));
#2458 = ORIENTED_EDGE('',*,*,#2459,.T.);
#2459 = EDGE_CURVE('',#2452,#2460,#2462,.T.);
#2460 = VERTEX_POINT('',#2461);
#2461 = CARTESIAN_POINT('',(-0.8,-3.,2.));
#2462 = LINE('',#2463,#2464);
#2463 = CARTESIAN_POINT('',(-1.,-2.8,2.));
#2464 = VECTOR('',#2465,1.);
#2465 = DIRECTION('',(0.707106781187,-0.707106781187,0.));
#2466 = ORIENTED_EDGE('',*,*,#2467,.T.);
#2467 = EDGE_CURVE('',#2460,#2468,#2470,.T.);
#2468 = VERTEX_POINT('',#2469);
#2469 = CARTESIAN_POINT('',(-1.,-3.2,2.));
#2470 = LINE('',#2471,#2472);
#2471 = CARTESIAN_POINT('',(-0.8,-3.,2.));
#2472 = VECTOR('',#2473,1.);
#2473 = DIRECTION('',(-0.707106781187,-0.707106781187,0.));
#2474 = ORIENTED_EDGE('',*,*,#2475,.T.);
#2475 = EDGE_CURVE('',#2468,#2476,#2478,.T.);
#2476 = VERTEX_POINT('',#2477);
#2477 = CARTESIAN_POINT('',(-1.,-4.8,2.));
#2478 = LINE('',#2479,#2480);
#2479 = CARTESIAN_POINT('',(-1.,-3.2,2.));
#2480 = VECTOR('',#2481,1.);
#2481 = DIRECTION('',(0.,-1.,0.));
#2482 = ORIENTED_EDGE('',*,*,#2483,.T.);
#2483 = EDGE_CURVE('',#2476,#2484,#2486,.T.);
#2484 = VERTEX_POINT('',#2485);
#2485 = CARTESIAN_POINT('',(-0.8,-5.,2.));
#2486 = LINE('',#2487,#2488);
#2487 = CARTESIAN_POINT('',(-1.,-4.8,2.));
#2488 = VECTOR('',#2489,1.);
#2489 = DIRECTION('',(0.707106781187,-0.707106781187,0.));
#2490 = ORIENTED_EDGE('',*,*,#2491,.T.);
#2491 = EDGE_CURVE('',#2484,#2492,#2494,.T.);
#2492 = VERTEX_POINT('',#2493);
#2493 = CARTESIAN_POINT('',(-1.,-5.2,2.));
#2494 = LINE('',#2495,#2496);
#2495 = CARTESIAN_POINT('',(-0.8,-5.,2.));
#2496 = VECTOR('',#2497,1.);
#2497 = DIRECTION('',(-0.707106781187,-0.707106781187,0.));
#2498 = ORIENTED_EDGE('',*,*,#2499,.T.);
#2499 = EDGE_CURVE('',#2492,#2500,#2502,.T.);
#2500 = VERTEX_POINT('',#2501);
#2501 = CARTESIAN_POINT('',(-1.,-6.8,2.));
#2502 = LINE('',#2503,#2504);
#2503 = CARTESIAN_POINT('',(-1.,-5.2,2.));
#2504 = VECTOR('',#2505,1.);
#2505 = DIRECTION('',(0.,-1.,0.));
#2506 = ORIENTED_EDGE('',*,*,#2507,.T.);
#2507 = EDGE_CURVE('',#2500,#2508,#2510,.T.);
#2508 = VERTEX_POINT('',#2509);
#2509 = CARTESIAN_POINT('',(-0.8,-7.,2.));
#2510 = LINE('',#2511,#2512);
#2511 = CARTESIAN_POINT('',(-1.,-6.8,2.));
#2512 = VECTOR('',#2513,1.);
#2513 = DIRECTION('',(0.707106781187,-0.707106781187,0.));
#2514 = ORIENTED_EDGE('',*,*,#2515,.T.);
#2515 = EDGE_CURVE('',#2508,#2516,#2518,.T.);
#2516 = VERTEX_POINT('',#2517);
#2517 = CARTESIAN_POINT('',(2.8,-7.,2.));
#2518 = LINE('',#2519,#2520);
#2519 = CARTESIAN_POINT('',(-0.8,-7.,2.));
#2520 = VECTOR('',#2521,1.);
#2521 = DIRECTION('',(1.,0.,0.));
#2522 = ORIENTED_EDGE('',*,*,#2523,.T.);
#2523 = EDGE_CURVE('',#2516,#2524,#2526,.T.);
#2524 = VERTEX_POINT('',#2525);
#2525 = CARTESIAN_POINT('',(3.,-6.8,2.));
#2526 = LINE('',#2527,#2528);
#2527 = CARTESIAN_POINT('',(2.8,-7.,2.));
#2528 = VECTOR('',#2529,1.);
#2529 = DIRECTION('',(0.707106781187,0.707106781187,0.));
#2530 = ORIENTED_EDGE('',*,*,#2531,.T.);
#2531 = EDGE_CURVE('',#2524,#2532,#2534,.T.);
#2532 = VERTEX_POINT('',#2533);
#2533 = CARTESIAN_POINT('',(3.,-5.2,2.));
#2534 = LINE('',#2535,#2536);
#2535 = CARTESIAN_POINT('',(3.,-6.8,2.));
#2536 = VECTOR('',#2537,1.);
#2537 = DIRECTION('',(0.,1.,0.));
#2538 = ORIENTED_EDGE('',*,*,#2539,.T.);
#2539 = EDGE_CURVE('',#2532,#2540,#2542,.T.);
#2540 = VERTEX_POINT('',#2541);
#2541 = CARTESIAN_POINT('',(2.8,-5.,2.));
#2542 = LINE('',#2543,#2544);
#2543 = CARTESIAN_POINT('',(3.,-5.2,2.));
#2544 = VECTOR('',#2545,1.);
#2545 = DIRECTION('',(-0.707106781187,0.707106781187,0.));
#2546 = ORIENTED_EDGE('',*,*,#2547,.T.);
#2547 = EDGE_CURVE('',#2540,#2548,#2550,.T.);
#2548 = VERTEX_POINT('',#2549);
#2549 = CARTESIAN_POINT('',(3.,-4.8,2.));
#2550 = LINE('',#2551,#2552);
#2551 = CARTESIAN_POINT('',(2.8,-5.,2.));
#2552 = VECTOR('',#2553,1.);
#2553 = DIRECTION('',(0.707106781187,0.707106781187,0.));
#2554 = ORIENTED_EDGE('',*,*,#2555,.T.);
#2555 = EDGE_CURVE('',#2548,#2556,#2558,.T.);
#2556 = VERTEX_POINT('',#2557);
#2557 = CARTESIAN_POINT('',(3.,-3.2,2.));
#2558 = LINE('',#2559,#2560);
#2559 = CARTESIAN_POINT('',(3.,-4.8,2.));
#2560 = VECTOR('',#2561,1.);
#2561 = DIRECTION('',(0.,1.,0.));
#2562 = ORIENTED_EDGE('',*,*,#2563,.T.);
#2563 = EDGE_CURVE('',#2556,#2564,#2566,.T.);
#2564 = VERTEX_POINT('',#2565);
#2565 = CARTESIAN_POINT('',(2.8,-3.,2.));
#2566 = LINE('',#2567,#2568);
#2567 = CARTESIAN_POINT('',(3.,-3.2,2.));
#2568 = VECTOR('',#2569,1.);
#2569 = DIRECTION('',(-0.707106781187,0.707106781187,0.));
#2570 = ORIENTED_EDGE('',*,*,#2571,.T.);
#2571 = EDGE_CURVE('',#2564,#2572,#2574,.T.);
#2572 = VERTEX_POINT('',#2573);
#2573 = CARTESIAN_POINT('',(3.,-2.8,2.));
#2574 = LINE('',#2575,#2576);
#2575 = CARTESIAN_POINT('',(2.8,-3.,2.));
#2576 = VECTOR('',#2577,1.);
#2577 = DIRECTION('',(0.707106781187,0.707106781187,0.));
#2578 = ORIENTED_EDGE('',*,*,#2579,.T.);
#2579 = EDGE_CURVE('',#2572,#2580,#2582,.T.);
#2580 = VERTEX_POINT('',#2581);
#2581 = CARTESIAN_POINT('',(3.,-1.2,2.));
#2582 = LINE('',#2583,#2584);
#2583 = CARTESIAN_POINT('',(3.,-2.8,2.));
#2584 = VECTOR('',#2585,1.);
#2585 = DIRECTION('',(0.,1.,0.));
#2586 = ORIENTED_EDGE('',*,*,#2587,.T.);
#2587 = EDGE_CURVE('',#2580,#2588,#2590,.T.);
#2588 = VERTEX_POINT('',#2589);
#2589 = CARTESIAN_POINT('',(2.8,-1.,2.));
#2590 = LINE('',#2591,#2592);
#2591 = CARTESIAN_POINT('',(3.,-1.2,2.));
#2592 = VECTOR('',#2593,1.);
#2593 = DIRECTION('',(-0.707106781187,0.707106781187,0.));
#2594 = ORIENTED_EDGE('',*,*,#2595,.T.);
#2595 = EDGE_CURVE('',#2588,#2596,#2598,.T.);
#2596 = VERTEX_POINT('',#2597);
#2597 = CARTESIAN_POINT('',(3.,-0.8,2.));
#2598 = LINE('',#2599,#2600);
#2599 = CARTESIAN_POINT('',(2.8,-1.,2.));
#2600 = VECTOR('',#2601,1.);
#2601 = DIRECTION('',(0.707106781187,0.707106781187,0.));
#2602 = ORIENTED_EDGE('',*,*,#2603,.T.);
#2603 = EDGE_CURVE('',#2596,#2604,#2606,.T.);
#2604 = VERTEX_POINT('',#2605);
#2605 = CARTESIAN_POINT('',(3.,0.8,2.));
#2606 = LINE('',#2607,#2608);
#2607 = CARTESIAN_POINT('',(3.,-0.8,2.));
#2608 = VECTOR('',#2609,1.);
#2609 = DIRECTION('',(0.,1.,0.));
#2610 = ORIENTED_EDGE('',*,*,#2611,.T.);
#2611 = EDGE_CURVE('',#2604,#1909,#2612,.T.);
#2612 = LINE('',#2613,#2614);
#2613 = CARTESIAN_POINT('',(3.,0.8,2.));
#2614 = VECTOR('',#2615,1.);
#2615 = DIRECTION('',(-0.707106781187,0.707106781187,0.));
#2616 = ORIENTED_EDGE('',*,*,#1916,.T.);
#2617 = FACE_BOUND('',#2618,.T.);
#2618 = EDGE_LOOP('',(#2619,#2629,#2637,#2645));
#2619 = ORIENTED_EDGE('',*,*,#2620,.F.);
#2620 = EDGE_CURVE('',#2621,#2623,#2625,.T.);
#2621 = VERTEX_POINT('',#2622);
#2622 = CARTESIAN_POINT('',(2.25,-3.75,2.));
#2623 = VERTEX_POINT('',#2624);
#2624 = CARTESIAN_POINT('',(1.75,-3.75,2.));
#2625 = LINE('',#2626,#2627);
#2626 = CARTESIAN_POINT('',(1.375,-3.75,2.));
#2627 = VECTOR('',#2628,1.);
#2628 = DIRECTION('',(-1.,0.,0.));
#2629 = ORIENTED_EDGE('',*,*,#2630,.F.);
#2630 = EDGE_CURVE('',#2631,#2621,#2633,.T.);
#2631 = VERTEX_POINT('',#2632);
#2632 = CARTESIAN_POINT('',(2.25,-4.25,2.));
#2633 = LINE('',#2634,#2635);
#2634 = CARTESIAN_POINT('',(2.25,-3.625,2.));
#2635 = VECTOR('',#2636,1.);
#2636 = DIRECTION('',(0.,1.,0.));
#2637 = ORIENTED_EDGE('',*,*,#2638,.T.);
#2638 = EDGE_CURVE('',#2631,#2639,#2641,.T.);
#2639 = VERTEX_POINT('',#2640);
#2640 = CARTESIAN_POINT('',(1.75,-4.25,2.));
#2641 = LINE('',#2642,#2643);
#2642 = CARTESIAN_POINT('',(1.375,-4.25,2.));
#2643 = VECTOR('',#2644,1.);
#2644 = DIRECTION('',(-1.,0.,0.));
#2645 = ORIENTED_EDGE('',*,*,#2646,.T.);
#2646 = EDGE_CURVE('',#2639,#2623,#2647,.T.);
#2647 = LINE('',#2648,#2649);
#2648 = CARTESIAN_POINT('',(1.75,-3.625,2.));
#2649 = VECTOR('',#2650,1.);
#2650 = DIRECTION('',(0.,1.,0.));
#2651 = FACE_BOUND('',#2652,.T.);
#2652 = EDGE_LOOP('',(#2653,#2663,#2671,#2679));
#2653 = ORIENTED_EDGE('',*,*,#2654,.F.);
#2654 = EDGE_CURVE('',#2655,#2657,#2659,.T.);
#2655 = VERTEX_POINT('',#2656);
#2656 = CARTESIAN_POINT('',(0.25,-4.25,2.));
#2657 = VERTEX_POINT('',#2658);
#2658 = CARTESIAN_POINT('',(0.25,-3.75,2.));
#2659 = LINE('',#2660,#2661);
#2660 = CARTESIAN_POINT('',(0.25,-3.625,2.));
#2661 = VECTOR('',#2662,1.);
#2662 = DIRECTION('',(0.,1.,0.));
#2663 = ORIENTED_EDGE('',*,*,#2664,.T.);
#2664 = EDGE_CURVE('',#2655,#2665,#2667,.T.);
#2665 = VERTEX_POINT('',#2666);
#2666 = CARTESIAN_POINT('',(-0.25,-4.25,2.));
#2667 = LINE('',#2668,#2669);
#2668 = CARTESIAN_POINT('',(0.375,-4.25,2.));
#2669 = VECTOR('',#2670,1.);
#2670 = DIRECTION('',(-1.,0.,0.));
#2671 = ORIENTED_EDGE('',*,*,#2672,.T.);
#2672 = EDGE_CURVE('',#2665,#2673,#2675,.T.);
#2673 = VERTEX_POINT('',#2674);
#2674 = CARTESIAN_POINT('',(-0.25,-3.75,2.));
#2675 = LINE('',#2676,#2677);
#2676 = CARTESIAN_POINT('',(-0.25,-3.625,2.));
#2677 = VECTOR('',#2678,1.);
#2678 = DIRECTION('',(0.,1.,0.));
#2679 = ORIENTED_EDGE('',*,*,#2680,.F.);
#2680 = EDGE_CURVE('',#2657,#2673,#2681,.T.);
#2681 = LINE('',#2682,#2683);
#2682 = CARTESIAN_POINT('',(0.375,-3.75,2.));
#2683 = VECTOR('',#2684,1.);
#2684 = DIRECTION('',(-1.,0.,0.));
#2685 = FACE_BOUND('',#2686,.T.);
#2686 = EDGE_LOOP('',(#2687,#2697,#2705,#2713));
#2687 = ORIENTED_EDGE('',*,*,#2688,.F.);
#2688 = EDGE_CURVE('',#2689,#2691,#2693,.T.);
#2689 = VERTEX_POINT('',#2690);
#2690 = CARTESIAN_POINT('',(0.25,0.25,2.));
#2691 = VERTEX_POINT('',#2692);
#2692 = CARTESIAN_POINT('',(-0.25,0.25,2.));
#2693 = LINE('',#2694,#2695);
#2694 = CARTESIAN_POINT('',(0.375,0.25,2.));
#2695 = VECTOR('',#2696,1.);
#2696 = DIRECTION('',(-1.,0.,0.));
#2697 = ORIENTED_EDGE('',*,*,#2698,.F.);
#2698 = EDGE_CURVE('',#2699,#2689,#2701,.T.);
#2699 = VERTEX_POINT('',#2700);
#2700 = CARTESIAN_POINT('',(0.25,-0.25,2.));
#2701 = LINE('',#2702,#2703);
#2702 = CARTESIAN_POINT('',(0.25,-1.625,2.));
#2703 = VECTOR('',#2704,1.);
#2704 = DIRECTION('',(0.,1.,0.));
#2705 = ORIENTED_EDGE('',*,*,#2706,.T.);
#2706 = EDGE_CURVE('',#2699,#2707,#2709,.T.);
#2707 = VERTEX_POINT('',#2708);
#2708 = CARTESIAN_POINT('',(-0.25,-0.25,2.));
#2709 = LINE('',#2710,#2711);
#2710 = CARTESIAN_POINT('',(0.375,-0.25,2.));
#2711 = VECTOR('',#2712,1.);
#2712 = DIRECTION('',(-1.,0.,0.));
#2713 = ORIENTED_EDGE('',*,*,#2714,.T.);
#2714 = EDGE_CURVE('',#2707,#2691,#2715,.T.);
#2715 = LINE('',#2716,#2717);
#2716 = CARTESIAN_POINT('',(-0.25,-1.625,2.));
#2717 = VECTOR('',#2718,1.);
#2718 = DIRECTION('',(0.,1.,0.));
#2719 = FACE_BOUND('',#2720,.T.);
#2720 = EDGE_LOOP('',(#2721,#2731,#2739,#2747));
#2721 = ORIENTED_EDGE('',*,*,#2722,.F.);
#2722 = EDGE_CURVE('',#2723,#2725,#2727,.T.);
#2723 = VERTEX_POINT('',#2724);
#2724 = CARTESIAN_POINT('',(0.25,-2.25,2.));
#2725 = VERTEX_POINT('',#2726);
#2726 = CARTESIAN_POINT('',(0.25,-1.75,2.));
#2727 = LINE('',#2728,#2729);
#2728 = CARTESIAN_POINT('',(0.25,-2.625,2.));
#2729 = VECTOR('',#2730,1.);
#2730 = DIRECTION('',(0.,1.,0.));
#2731 = ORIENTED_EDGE('',*,*,#2732,.T.);
#2732 = EDGE_CURVE('',#2723,#2733,#2735,.T.);
#2733 = VERTEX_POINT('',#2734);
#2734 = CARTESIAN_POINT('',(-0.25,-2.25,2.));
#2735 = LINE('',#2736,#2737);
#2736 = CARTESIAN_POINT('',(0.375,-2.25,2.));
#2737 = VECTOR('',#2738,1.);
#2738 = DIRECTION('',(-1.,0.,0.));
#2739 = ORIENTED_EDGE('',*,*,#2740,.T.);
#2740 = EDGE_CURVE('',#2733,#2741,#2743,.T.);
#2741 = VERTEX_POINT('',#2742);
#2742 = CARTESIAN_POINT('',(-0.25,-1.75,2.));
#2743 = LINE('',#2744,#2745);
#2744 = CARTESIAN_POINT('',(-0.25,-2.625,2.));
#2745 = VECTOR('',#2746,1.);
#2746 = DIRECTION('',(0.,1.,0.));
#2747 = ORIENTED_EDGE('',*,*,#2748,.F.);
#2748 = EDGE_CURVE('',#2725,#2741,#2749,.T.);
#2749 = LINE('',#2750,#2751);
#2750 = CARTESIAN_POINT('',(0.375,-1.75,2.));
#2751 = VECTOR('',#2752,1.);
#2752 = DIRECTION('',(-1.,0.,0.));
#2753 = FACE_BOUND('',#2754,.T.);
#2754 = EDGE_LOOP('',(#2755,#2765,#2773,#2781));
#2755 = ORIENTED_EDGE('',*,*,#2756,.F.);
#2756 = EDGE_CURVE('',#2757,#2759,#2761,.T.);
#2757 = VERTEX_POINT('',#2758);
#2758 = CARTESIAN_POINT('',(2.25,0.25,2.));
#2759 = VERTEX_POINT('',#2760);
#2760 = CARTESIAN_POINT('',(1.75,0.25,2.));
#2761 = LINE('',#2762,#2763);
#2762 = CARTESIAN_POINT('',(1.375,0.25,2.));
#2763 = VECTOR('',#2764,1.);
#2764 = DIRECTION('',(-1.,0.,0.));
#2765 = ORIENTED_EDGE('',*,*,#2766,.F.);
#2766 = EDGE_CURVE('',#2767,#2757,#2769,.T.);
#2767 = VERTEX_POINT('',#2768);
#2768 = CARTESIAN_POINT('',(2.25,-0.25,2.));
#2769 = LINE('',#2770,#2771);
#2770 = CARTESIAN_POINT('',(2.25,-1.625,2.));
#2771 = VECTOR('',#2772,1.);
#2772 = DIRECTION('',(0.,1.,0.));
#2773 = ORIENTED_EDGE('',*,*,#2774,.T.);
#2774 = EDGE_CURVE('',#2767,#2775,#2777,.T.);
#2775 = VERTEX_POINT('',#2776);
#2776 = CARTESIAN_POINT('',(1.75,-0.25,2.));
#2777 = LINE('',#2778,#2779);
#2778 = CARTESIAN_POINT('',(1.375,-0.25,2.));
#2779 = VECTOR('',#2780,1.);
#2780 = DIRECTION('',(-1.,0.,0.));
#2781 = ORIENTED_EDGE('',*,*,#2782,.T.);
#2782 = EDGE_CURVE('',#2775,#2759,#2783,.T.);
#2783 = LINE('',#2784,#2785);
#2784 = CARTESIAN_POINT('',(1.75,-1.625,2.));
#2785 = VECTOR('',#2786,1.);
#2786 = DIRECTION('',(0.,1.,0.));
#2787 = FACE_BOUND('',#2788,.T.);
#2788 = EDGE_LOOP('',(#2789,#2799,#2807,#2815));
#2789 = ORIENTED_EDGE('',*,*,#2790,.F.);
#2790 = EDGE_CURVE('',#2791,#2793,#2795,.T.);
#2791 = VERTEX_POINT('',#2792);
#2792 = CARTESIAN_POINT('',(2.25,-1.75,2.));
#2793 = VERTEX_POINT('',#2794);
#2794 = CARTESIAN_POINT('',(1.75,-1.75,2.));
#2795 = LINE('',#2796,#2797);
#2796 = CARTESIAN_POINT('',(1.375,-1.75,2.));
#2797 = VECTOR('',#2798,1.);
#2798 = DIRECTION('',(-1.,0.,0.));
#2799 = ORIENTED_EDGE('',*,*,#2800,.F.);
#2800 = EDGE_CURVE('',#2801,#2791,#2803,.T.);
#2801 = VERTEX_POINT('',#2802);
#2802 = CARTESIAN_POINT('',(2.25,-2.25,2.));
#2803 = LINE('',#2804,#2805);
#2804 = CARTESIAN_POINT('',(2.25,-2.625,2.));
#2805 = VECTOR('',#2806,1.);
#2806 = DIRECTION('',(0.,1.,0.));
#2807 = ORIENTED_EDGE('',*,*,#2808,.T.);
#2808 = EDGE_CURVE('',#2801,#2809,#2811,.T.);
#2809 = VERTEX_POINT('',#2810);
#2810 = CARTESIAN_POINT('',(1.75,-2.25,2.));
#2811 = LINE('',#2812,#2813);
#2812 = CARTESIAN_POINT('',(1.375,-2.25,2.));
#2813 = VECTOR('',#2814,1.);
#2814 = DIRECTION('',(-1.,0.,0.));
#2815 = ORIENTED_EDGE('',*,*,#2816,.T.);
#2816 = EDGE_CURVE('',#2809,#2793,#2817,.T.);
#2817 = LINE('',#2818,#2819);
#2818 = CARTESIAN_POINT('',(1.75,-2.625,2.));
#2819 = VECTOR('',#2820,1.);
#2820 = DIRECTION('',(0.,1.,0.));
#2821 = FACE_BOUND('',#2822,.T.);
#2822 = EDGE_LOOP('',(#2823,#2833,#2841,#2849));
#2823 = ORIENTED_EDGE('',*,*,#2824,.T.);
#2824 = EDGE_CURVE('',#2825,#2827,#2829,.T.);
#2825 = VERTEX_POINT('',#2826);
#2826 = CARTESIAN_POINT('',(0.25,-6.25,2.));
#2827 = VERTEX_POINT('',#2828);
#2828 = CARTESIAN_POINT('',(-0.25,-6.25,2.));
#2829 = LINE('',#2830,#2831);
#2830 = CARTESIAN_POINT('',(0.375,-6.25,2.));
#2831 = VECTOR('',#2832,1.);
#2832 = DIRECTION('',(-1.,0.,0.));
#2833 = ORIENTED_EDGE('',*,*,#2834,.T.);
#2834 = EDGE_CURVE('',#2827,#2835,#2837,.T.);
#2835 = VERTEX_POINT('',#2836);
#2836 = CARTESIAN_POINT('',(-0.25,-5.75,2.));
#2837 = LINE('',#2838,#2839);
#2838 = CARTESIAN_POINT('',(-0.25,-4.625,2.));
#2839 = VECTOR('',#2840,1.);
#2840 = DIRECTION('',(0.,1.,0.));
#2841 = ORIENTED_EDGE('',*,*,#2842,.F.);
#2842 = EDGE_CURVE('',#2843,#2835,#2845,.T.);
#2843 = VERTEX_POINT('',#2844);
#2844 = CARTESIAN_POINT('',(0.25,-5.75,2.));
#2845 = LINE('',#2846,#2847);
#2846 = CARTESIAN_POINT('',(0.375,-5.75,2.));
#2847 = VECTOR('',#2848,1.);
#2848 = DIRECTION('',(-1.,0.,0.));
#2849 = ORIENTED_EDGE('',*,*,#2850,.F.);
#2850 = EDGE_CURVE('',#2825,#2843,#2851,.T.);
#2851 = LINE('',#2852,#2853);
#2852 = CARTESIAN_POINT('',(0.25,-4.625,2.));
#2853 = VECTOR('',#2854,1.);
#2854 = DIRECTION('',(0.,1.,0.));
#2855 = FACE_BOUND('',#2856,.T.);
#2856 = EDGE_LOOP('',(#2857,#2867,#2875,#2883));
#2857 = ORIENTED_EDGE('',*,*,#2858,.F.);
#2858 = EDGE_CURVE('',#2859,#2861,#2863,.T.);
#2859 = VERTEX_POINT('',#2860);
#2860 = CARTESIAN_POINT('',(2.25,-5.75,2.));
#2861 = VERTEX_POINT('',#2862);
#2862 = CARTESIAN_POINT('',(1.75,-5.75,2.));
#2863 = LINE('',#2864,#2865);
#2864 = CARTESIAN_POINT('',(1.375,-5.75,2.));
#2865 = VECTOR('',#2866,1.);
#2866 = DIRECTION('',(-1.,0.,0.));
#2867 = ORIENTED_EDGE('',*,*,#2868,.F.);
#2868 = EDGE_CURVE('',#2869,#2859,#2871,.T.);
#2869 = VERTEX_POINT('',#2870);
#2870 = CARTESIAN_POINT('',(2.25,-6.25,2.));
#2871 = LINE('',#2872,#2873);
#2872 = CARTESIAN_POINT('',(2.25,-4.625,2.));
#2873 = VECTOR('',#2874,1.);
#2874 = DIRECTION('',(0.,1.,0.));
#2875 = ORIENTED_EDGE('',*,*,#2876,.T.);
#2876 = EDGE_CURVE('',#2869,#2877,#2879,.T.);
#2877 = VERTEX_POINT('',#2878);
#2878 = CARTESIAN_POINT('',(1.75,-6.25,2.));
#2879 = LINE('',#2880,#2881);
#2880 = CARTESIAN_POINT('',(1.375,-6.25,2.));
#2881 = VECTOR('',#2882,1.);
#2882 = DIRECTION('',(-1.,0.,0.));
#2883 = ORIENTED_EDGE('',*,*,#2884,.T.);
#2884 = EDGE_CURVE('',#2877,#2861,#2885,.T.);
#2885 = LINE('',#2886,#2887);
#2886 = CARTESIAN_POINT('',(1.75,-4.625,2.));
#2887 = VECTOR('',#2888,1.);
#2888 = DIRECTION('',(0.,1.,0.));
#2889 = PLANE('',#2890);
#2890 = AXIS2_PLACEMENT_3D('',#2891,#2892,#2893);
#2891 = CARTESIAN_POINT('',(1.,-3.,2.));
#2892 = DIRECTION('',(0.,0.,1.));
#2893 = DIRECTION('',(1.,0.,-0.));
#2894 = ADVANCED_FACE('',(#2895),#2906,.F.);
#2895 = FACE_BOUND('',#2896,.F.);
#2896 = EDGE_LOOP('',(#2897,#2903,#2904,#2905));
#2897 = ORIENTED_EDGE('',*,*,#2898,.T.);
#2898 = EDGE_CURVE('',#2139,#2604,#2899,.T.);
#2899 = LINE('',#2900,#2901);
#2900 = CARTESIAN_POINT('',(3.,0.8,0.));
#2901 = VECTOR('',#2902,1.);
#2902 = DIRECTION('',(0.,0.,1.));
#2903 = ORIENTED_EDGE('',*,*,#2611,.T.);
#2904 = ORIENTED_EDGE('',*,*,#1906,.F.);
#2905 = ORIENTED_EDGE('',*,*,#2146,.F.);
#2906 = PLANE('',#2907);
#2907 = AXIS2_PLACEMENT_3D('',#2908,#2909,#2910);
#2908 = CARTESIAN_POINT('',(3.,0.8,0.));
#2909 = DIRECTION('',(-0.707106781187,-0.707106781187,0.));
#2910 = DIRECTION('',(-0.707106781187,0.707106781187,0.));
#2911 = ADVANCED_FACE('',(#2912),#2923,.F.);
#2912 = FACE_BOUND('',#2913,.F.);
#2913 = EDGE_LOOP('',(#2914,#2915,#2916,#2922));
#2914 = ORIENTED_EDGE('',*,*,#1946,.T.);
#2915 = ORIENTED_EDGE('',*,*,#2435,.T.);
#2916 = ORIENTED_EDGE('',*,*,#2917,.F.);
#2917 = EDGE_CURVE('',#1971,#2436,#2918,.T.);
#2918 = LINE('',#2919,#2920);
#2919 = CARTESIAN_POINT('',(-0.8,-1.,0.));
#2920 = VECTOR('',#2921,1.);
#2921 = DIRECTION('',(0.,0.,1.));
#2922 = ORIENTED_EDGE('',*,*,#1970,.F.);
#2923 = PLANE('',#2924);
#2924 = AXIS2_PLACEMENT_3D('',#2925,#2926,#2927);
#2925 = CARTESIAN_POINT('',(-1.,-0.8,0.));
#2926 = DIRECTION('',(0.707106781187,0.707106781187,0.));
#2927 = DIRECTION('',(0.707106781187,-0.707106781187,0.));
#2928 = ADVANCED_FACE('',(#2929),#2940,.F.);
#2929 = FACE_BOUND('',#2930,.F.);
#2930 = EDGE_LOOP('',(#2931,#2937,#2938,#2939));
#2931 = ORIENTED_EDGE('',*,*,#2932,.T.);
#2932 = EDGE_CURVE('',#2131,#2596,#2933,.T.);
#2933 = LINE('',#2934,#2935);
#2934 = CARTESIAN_POINT('',(3.,-0.8,0.));
#2935 = VECTOR('',#2936,1.);
#2936 = DIRECTION('',(0.,0.,1.));
#2937 = ORIENTED_EDGE('',*,*,#2603,.T.);
#2938 = ORIENTED_EDGE('',*,*,#2898,.F.);
#2939 = ORIENTED_EDGE('',*,*,#2138,.F.);
#2940 = PLANE('',#2941);
#2941 = AXIS2_PLACEMENT_3D('',#2942,#2943,#2944);
#2942 = CARTESIAN_POINT('',(3.,-0.8,0.));
#2943 = DIRECTION('',(-1.,0.,0.));
#2944 = DIRECTION('',(0.,1.,0.));
#2945 = ADVANCED_FACE('',(#2946),#2957,.F.);
#2946 = FACE_BOUND('',#2947,.F.);
#2947 = EDGE_LOOP('',(#2948,#2949,#2950,#2956));
#2948 = ORIENTED_EDGE('',*,*,#2917,.T.);
#2949 = ORIENTED_EDGE('',*,*,#2443,.T.);
#2950 = ORIENTED_EDGE('',*,*,#2951,.F.);
#2951 = EDGE_CURVE('',#1979,#2444,#2952,.T.);
#2952 = LINE('',#2953,#2954);
#2953 = CARTESIAN_POINT('',(-1.,-1.2,0.));
#2954 = VECTOR('',#2955,1.);
#2955 = DIRECTION('',(0.,0.,1.));
#2956 = ORIENTED_EDGE('',*,*,#1978,.F.);
#2957 = PLANE('',#2958);
#2958 = AXIS2_PLACEMENT_3D('',#2959,#2960,#2961);
#2959 = CARTESIAN_POINT('',(-0.8,-1.,0.));
#2960 = DIRECTION('',(0.707106781187,-0.707106781187,0.));
#2961 = DIRECTION('',(-0.707106781187,-0.707106781187,0.));
#2962 = ADVANCED_FACE('',(#2963),#2974,.F.);
#2963 = FACE_BOUND('',#2964,.F.);
#2964 = EDGE_LOOP('',(#2965,#2971,#2972,#2973));
#2965 = ORIENTED_EDGE('',*,*,#2966,.T.);
#2966 = EDGE_CURVE('',#2123,#2588,#2967,.T.);
#2967 = LINE('',#2968,#2969);
#2968 = CARTESIAN_POINT('',(2.8,-1.,0.));
#2969 = VECTOR('',#2970,1.);
#2970 = DIRECTION('',(0.,0.,1.));
#2971 = ORIENTED_EDGE('',*,*,#2595,.T.);
#2972 = ORIENTED_EDGE('',*,*,#2932,.F.);
#2973 = ORIENTED_EDGE('',*,*,#2130,.F.);
#2974 = PLANE('',#2975);
#2975 = AXIS2_PLACEMENT_3D('',#2976,#2977,#2978);
#2976 = CARTESIAN_POINT('',(2.8,-1.,0.));
#2977 = DIRECTION('',(-0.707106781187,0.707106781187,0.));
#2978 = DIRECTION('',(0.707106781187,0.707106781187,0.));
#2979 = ADVANCED_FACE('',(#2980),#2991,.F.);
#2980 = FACE_BOUND('',#2981,.F.);
#2981 = EDGE_LOOP('',(#2982,#2983,#2984,#2990));
#2982 = ORIENTED_EDGE('',*,*,#2951,.T.);
#2983 = ORIENTED_EDGE('',*,*,#2451,.T.);
#2984 = ORIENTED_EDGE('',*,*,#2985,.F.);
#2985 = EDGE_CURVE('',#1987,#2452,#2986,.T.);
#2986 = LINE('',#2987,#2988);
#2987 = CARTESIAN_POINT('',(-1.,-2.8,0.));
#2988 = VECTOR('',#2989,1.);
#2989 = DIRECTION('',(0.,0.,1.));
#2990 = ORIENTED_EDGE('',*,*,#1986,.F.);
#2991 = PLANE('',#2992);
#2992 = AXIS2_PLACEMENT_3D('',#2993,#2994,#2995);
#2993 = CARTESIAN_POINT('',(-1.,-1.2,0.));
#2994 = DIRECTION('',(1.,0.,0.));
#2995 = DIRECTION('',(0.,-1.,0.));
#2996 = ADVANCED_FACE('',(#2997),#3008,.F.);
#2997 = FACE_BOUND('',#2998,.F.);
#2998 = EDGE_LOOP('',(#2999,#3005,#3006,#3007));
#2999 = ORIENTED_EDGE('',*,*,#3000,.T.);
#3000 = EDGE_CURVE('',#2115,#2580,#3001,.T.);
#3001 = LINE('',#3002,#3003);
#3002 = CARTESIAN_POINT('',(3.,-1.2,0.));
#3003 = VECTOR('',#3004,1.);
#3004 = DIRECTION('',(0.,0.,1.));
#3005 = ORIENTED_EDGE('',*,*,#2587,.T.);
#3006 = ORIENTED_EDGE('',*,*,#2966,.F.);
#3007 = ORIENTED_EDGE('',*,*,#2122,.F.);
#3008 = PLANE('',#3009);
#3009 = AXIS2_PLACEMENT_3D('',#3010,#3011,#3012);
#3010 = CARTESIAN_POINT('',(3.,-1.2,0.));
#3011 = DIRECTION('',(-0.707106781187,-0.707106781187,0.));
#3012 = DIRECTION('',(-0.707106781187,0.707106781187,0.));
#3013 = ADVANCED_FACE('',(#3014),#3025,.F.);
#3014 = FACE_BOUND('',#3015,.F.);
#3015 = EDGE_LOOP('',(#3016,#3017,#3018,#3024));
#3016 = ORIENTED_EDGE('',*,*,#2985,.T.);
#3017 = ORIENTED_EDGE('',*,*,#2459,.T.);
#3018 = ORIENTED_EDGE('',*,*,#3019,.F.);
#3019 = EDGE_CURVE('',#1995,#2460,#3020,.T.);
#3020 = LINE('',#3021,#3022);
#3021 = CARTESIAN_POINT('',(-0.8,-3.,0.));
#3022 = VECTOR('',#3023,1.);
#3023 = DIRECTION('',(0.,0.,1.));
#3024 = ORIENTED_EDGE('',*,*,#1994,.F.);
#3025 = PLANE('',#3026);
#3026 = AXIS2_PLACEMENT_3D('',#3027,#3028,#3029);
#3027 = CARTESIAN_POINT('',(-1.,-2.8,0.));
#3028 = DIRECTION('',(0.707106781187,0.707106781187,0.));
#3029 = DIRECTION('',(0.707106781187,-0.707106781187,0.));
#3030 = ADVANCED_FACE('',(#3031),#3042,.F.);
#3031 = FACE_BOUND('',#3032,.F.);
#3032 = EDGE_LOOP('',(#3033,#3039,#3040,#3041));
#3033 = ORIENTED_EDGE('',*,*,#3034,.T.);
#3034 = EDGE_CURVE('',#2107,#2572,#3035,.T.);
#3035 = LINE('',#3036,#3037);
#3036 = CARTESIAN_POINT('',(3.,-2.8,0.));
#3037 = VECTOR('',#3038,1.);
#3038 = DIRECTION('',(0.,0.,1.));
#3039 = ORIENTED_EDGE('',*,*,#2579,.T.);
#3040 = ORIENTED_EDGE('',*,*,#3000,.F.);
#3041 = ORIENTED_EDGE('',*,*,#2114,.F.);
#3042 = PLANE('',#3043);
#3043 = AXIS2_PLACEMENT_3D('',#3044,#3045,#3046);
#3044 = CARTESIAN_POINT('',(3.,-2.8,0.));
#3045 = DIRECTION('',(-1.,0.,0.));
#3046 = DIRECTION('',(0.,1.,0.));
#3047 = ADVANCED_FACE('',(#3048),#3059,.F.);
#3048 = FACE_BOUND('',#3049,.F.);
#3049 = EDGE_LOOP('',(#3050,#3051,#3052,#3058));
#3050 = ORIENTED_EDGE('',*,*,#3019,.T.);
#3051 = ORIENTED_EDGE('',*,*,#2467,.T.);
#3052 = ORIENTED_EDGE('',*,*,#3053,.F.);
#3053 = EDGE_CURVE('',#2003,#2468,#3054,.T.);
#3054 = LINE('',#3055,#3056);
#3055 = CARTESIAN_POINT('',(-1.,-3.2,0.));
#3056 = VECTOR('',#3057,1.);
#3057 = DIRECTION('',(0.,0.,1.));
#3058 = ORIENTED_EDGE('',*,*,#2002,.F.);
#3059 = PLANE('',#3060);
#3060 = AXIS2_PLACEMENT_3D('',#3061,#3062,#3063);
#3061 = CARTESIAN_POINT('',(-0.8,-3.,0.));
#3062 = DIRECTION('',(0.707106781187,-0.707106781187,0.));
#3063 = DIRECTION('',(-0.707106781187,-0.707106781187,0.));
#3064 = ADVANCED_FACE('',(#3065),#3076,.F.);
#3065 = FACE_BOUND('',#3066,.F.);
#3066 = EDGE_LOOP('',(#3067,#3073,#3074,#3075));
#3067 = ORIENTED_EDGE('',*,*,#3068,.T.);
#3068 = EDGE_CURVE('',#2099,#2564,#3069,.T.);
#3069 = LINE('',#3070,#3071);
#3070 = CARTESIAN_POINT('',(2.8,-3.,0.));
#3071 = VECTOR('',#3072,1.);
#3072 = DIRECTION('',(0.,0.,1.));
#3073 = ORIENTED_EDGE('',*,*,#2571,.T.);
#3074 = ORIENTED_EDGE('',*,*,#3034,.F.);
#3075 = ORIENTED_EDGE('',*,*,#2106,.F.);
#3076 = PLANE('',#3077);
#3077 = AXIS2_PLACEMENT_3D('',#3078,#3079,#3080);
#3078 = CARTESIAN_POINT('',(2.8,-3.,0.));
#3079 = DIRECTION('',(-0.707106781187,0.707106781187,0.));
#3080 = DIRECTION('',(0.707106781187,0.707106781187,0.));
#3081 = ADVANCED_FACE('',(#3082),#3093,.F.);
#3082 = FACE_BOUND('',#3083,.F.);
#3083 = EDGE_LOOP('',(#3084,#3085,#3086,#3092));
#3084 = ORIENTED_EDGE('',*,*,#3053,.T.);
#3085 = ORIENTED_EDGE('',*,*,#2475,.T.);
#3086 = ORIENTED_EDGE('',*,*,#3087,.F.);
#3087 = EDGE_CURVE('',#2011,#2476,#3088,.T.);
#3088 = LINE('',#3089,#3090);
#3089 = CARTESIAN_POINT('',(-1.,-4.8,0.));
#3090 = VECTOR('',#3091,1.);
#3091 = DIRECTION('',(0.,0.,1.));
#3092 = ORIENTED_EDGE('',*,*,#2010,.F.);
#3093 = PLANE('',#3094);
#3094 = AXIS2_PLACEMENT_3D('',#3095,#3096,#3097);
#3095 = CARTESIAN_POINT('',(-1.,-3.2,0.));
#3096 = DIRECTION('',(1.,0.,0.));
#3097 = DIRECTION('',(0.,-1.,0.));
#3098 = ADVANCED_FACE('',(#3099),#3110,.F.);
#3099 = FACE_BOUND('',#3100,.F.);
#3100 = EDGE_LOOP('',(#3101,#3107,#3108,#3109));
#3101 = ORIENTED_EDGE('',*,*,#3102,.T.);
#3102 = EDGE_CURVE('',#2091,#2556,#3103,.T.);
#3103 = LINE('',#3104,#3105);
#3104 = CARTESIAN_POINT('',(3.,-3.2,0.));
#3105 = VECTOR('',#3106,1.);
#3106 = DIRECTION('',(0.,0.,1.));
#3107 = ORIENTED_EDGE('',*,*,#2563,.T.);
#3108 = ORIENTED_EDGE('',*,*,#3068,.F.);
#3109 = ORIENTED_EDGE('',*,*,#2098,.F.);
#3110 = PLANE('',#3111);
#3111 = AXIS2_PLACEMENT_3D('',#3112,#3113,#3114);
#3112 = CARTESIAN_POINT('',(3.,-3.2,0.));
#3113 = DIRECTION('',(-0.707106781187,-0.707106781187,0.));
#3114 = DIRECTION('',(-0.707106781187,0.707106781187,0.));
#3115 = ADVANCED_FACE('',(#3116),#3127,.F.);
#3116 = FACE_BOUND('',#3117,.F.);
#3117 = EDGE_LOOP('',(#3118,#3119,#3120,#3126));
#3118 = ORIENTED_EDGE('',*,*,#3087,.T.);
#3119 = ORIENTED_EDGE('',*,*,#2483,.T.);
#3120 = ORIENTED_EDGE('',*,*,#3121,.F.);
#3121 = EDGE_CURVE('',#2019,#2484,#3122,.T.);
#3122 = LINE('',#3123,#3124);
#3123 = CARTESIAN_POINT('',(-0.8,-5.,0.));
#3124 = VECTOR('',#3125,1.);
#3125 = DIRECTION('',(0.,0.,1.));
#3126 = ORIENTED_EDGE('',*,*,#2018,.F.);
#3127 = PLANE('',#3128);
#3128 = AXIS2_PLACEMENT_3D('',#3129,#3130,#3131);
#3129 = CARTESIAN_POINT('',(-1.,-4.8,0.));
#3130 = DIRECTION('',(0.707106781187,0.707106781187,0.));
#3131 = DIRECTION('',(0.707106781187,-0.707106781187,0.));
#3132 = ADVANCED_FACE('',(#3133),#3144,.F.);
#3133 = FACE_BOUND('',#3134,.F.);
#3134 = EDGE_LOOP('',(#3135,#3141,#3142,#3143));
#3135 = ORIENTED_EDGE('',*,*,#3136,.T.);
#3136 = EDGE_CURVE('',#2083,#2548,#3137,.T.);
#3137 = LINE('',#3138,#3139);
#3138 = CARTESIAN_POINT('',(3.,-4.8,0.));
#3139 = VECTOR('',#3140,1.);
#3140 = DIRECTION('',(0.,0.,1.));
#3141 = ORIENTED_EDGE('',*,*,#2555,.T.);
#3142 = ORIENTED_EDGE('',*,*,#3102,.F.);
#3143 = ORIENTED_EDGE('',*,*,#2090,.F.);
#3144 = PLANE('',#3145);
#3145 = AXIS2_PLACEMENT_3D('',#3146,#3147,#3148);
#3146 = CARTESIAN_POINT('',(3.,-4.8,0.));
#3147 = DIRECTION('',(-1.,0.,0.));
#3148 = DIRECTION('',(0.,1.,0.));
#3149 = ADVANCED_FACE('',(#3150),#3161,.F.);
#3150 = FACE_BOUND('',#3151,.F.);
#3151 = EDGE_LOOP('',(#3152,#3153,#3154,#3160));
#3152 = ORIENTED_EDGE('',*,*,#3121,.T.);
#3153 = ORIENTED_EDGE('',*,*,#2491,.T.);
#3154 = ORIENTED_EDGE('',*,*,#3155,.F.);
#3155 = EDGE_CURVE('',#2027,#2492,#3156,.T.);
#3156 = LINE('',#3157,#3158);
#3157 = CARTESIAN_POINT('',(-1.,-5.2,0.));
#3158 = VECTOR('',#3159,1.);
#3159 = DIRECTION('',(0.,0.,1.));
#3160 = ORIENTED_EDGE('',*,*,#2026,.F.);
#3161 = PLANE('',#3162);
#3162 = AXIS2_PLACEMENT_3D('',#3163,#3164,#3165);
#3163 = CARTESIAN_POINT('',(-0.8,-5.,0.));
#3164 = DIRECTION('',(0.707106781187,-0.707106781187,0.));
#3165 = DIRECTION('',(-0.707106781187,-0.707106781187,0.));
#3166 = ADVANCED_FACE('',(#3167),#3178,.F.);
#3167 = FACE_BOUND('',#3168,.F.);
#3168 = EDGE_LOOP('',(#3169,#3175,#3176,#3177));
#3169 = ORIENTED_EDGE('',*,*,#3170,.T.);
#3170 = EDGE_CURVE('',#2075,#2540,#3171,.T.);
#3171 = LINE('',#3172,#3173);
#3172 = CARTESIAN_POINT('',(2.8,-5.,0.));
#3173 = VECTOR('',#3174,1.);
#3174 = DIRECTION('',(0.,0.,1.));
#3175 = ORIENTED_EDGE('',*,*,#2547,.T.);
#3176 = ORIENTED_EDGE('',*,*,#3136,.F.);
#3177 = ORIENTED_EDGE('',*,*,#2082,.F.);
#3178 = PLANE('',#3179);
#3179 = AXIS2_PLACEMENT_3D('',#3180,#3181,#3182);
#3180 = CARTESIAN_POINT('',(2.8,-5.,0.));
#3181 = DIRECTION('',(-0.707106781187,0.707106781187,0.));
#3182 = DIRECTION('',(0.707106781187,0.707106781187,0.));
#3183 = ADVANCED_FACE('',(#3184),#3195,.F.);
#3184 = FACE_BOUND('',#3185,.F.);
#3185 = EDGE_LOOP('',(#3186,#3187,#3188,#3194));
#3186 = ORIENTED_EDGE('',*,*,#3155,.T.);
#3187 = ORIENTED_EDGE('',*,*,#2499,.T.);
#3188 = ORIENTED_EDGE('',*,*,#3189,.F.);
#3189 = EDGE_CURVE('',#2035,#2500,#3190,.T.);
#3190 = LINE('',#3191,#3192);
#3191 = CARTESIAN_POINT('',(-1.,-6.8,0.));
#3192 = VECTOR('',#3193,1.);
#3193 = DIRECTION('',(0.,0.,1.));
#3194 = ORIENTED_EDGE('',*,*,#2034,.F.);
#3195 = PLANE('',#3196);
#3196 = AXIS2_PLACEMENT_3D('',#3197,#3198,#3199);
#3197 = CARTESIAN_POINT('',(-1.,-5.2,0.));
#3198 = DIRECTION('',(1.,0.,0.));
#3199 = DIRECTION('',(0.,-1.,0.));
#3200 = ADVANCED_FACE('',(#3201),#3212,.F.);
#3201 = FACE_BOUND('',#3202,.F.);
#3202 = EDGE_LOOP('',(#3203,#3209,#3210,#3211));
#3203 = ORIENTED_EDGE('',*,*,#3204,.T.);
#3204 = EDGE_CURVE('',#2067,#2532,#3205,.T.);
#3205 = LINE('',#3206,#3207);
#3206 = CARTESIAN_POINT('',(3.,-5.2,0.));
#3207 = VECTOR('',#3208,1.);
#3208 = DIRECTION('',(0.,0.,1.));
#3209 = ORIENTED_EDGE('',*,*,#2539,.T.);
#3210 = ORIENTED_EDGE('',*,*,#3170,.F.);
#3211 = ORIENTED_EDGE('',*,*,#2074,.F.);
#3212 = PLANE('',#3213);
#3213 = AXIS2_PLACEMENT_3D('',#3214,#3215,#3216);
#3214 = CARTESIAN_POINT('',(3.,-5.2,0.));
#3215 = DIRECTION('',(-0.707106781187,-0.707106781187,0.));
#3216 = DIRECTION('',(-0.707106781187,0.707106781187,0.));
#3217 = ADVANCED_FACE('',(#3218),#3229,.F.);
#3218 = FACE_BOUND('',#3219,.F.);
#3219 = EDGE_LOOP('',(#3220,#3221,#3222,#3228));
#3220 = ORIENTED_EDGE('',*,*,#3189,.T.);
#3221 = ORIENTED_EDGE('',*,*,#2507,.T.);
#3222 = ORIENTED_EDGE('',*,*,#3223,.F.);
#3223 = EDGE_CURVE('',#2043,#2508,#3224,.T.);
#3224 = LINE('',#3225,#3226);
#3225 = CARTESIAN_POINT('',(-0.8,-7.,0.));
#3226 = VECTOR('',#3227,1.);
#3227 = DIRECTION('',(0.,0.,1.));
#3228 = ORIENTED_EDGE('',*,*,#2042,.F.);
#3229 = PLANE('',#3230);
#3230 = AXIS2_PLACEMENT_3D('',#3231,#3232,#3233);
#3231 = CARTESIAN_POINT('',(-1.,-6.8,0.));
#3232 = DIRECTION('',(0.707106781187,0.707106781187,0.));
#3233 = DIRECTION('',(0.707106781187,-0.707106781187,0.));
#3234 = ADVANCED_FACE('',(#3235),#3246,.F.);
#3235 = FACE_BOUND('',#3236,.F.);
#3236 = EDGE_LOOP('',(#3237,#3243,#3244,#3245));
#3237 = ORIENTED_EDGE('',*,*,#3238,.T.);
#3238 = EDGE_CURVE('',#2059,#2524,#3239,.T.);
#3239 = LINE('',#3240,#3241);
#3240 = CARTESIAN_POINT('',(3.,-6.8,0.));
#3241 = VECTOR('',#3242,1.);
#3242 = DIRECTION('',(0.,0.,1.));
#3243 = ORIENTED_EDGE('',*,*,#2531,.T.);
#3244 = ORIENTED_EDGE('',*,*,#3204,.F.);
#3245 = ORIENTED_EDGE('',*,*,#2066,.F.);
#3246 = PLANE('',#3247);
#3247 = AXIS2_PLACEMENT_3D('',#3248,#3249,#3250);
#3248 = CARTESIAN_POINT('',(3.,-6.8,0.));
#3249 = DIRECTION('',(-1.,0.,0.));
#3250 = DIRECTION('',(0.,1.,0.));
#3251 = ADVANCED_FACE('',(#3252),#3263,.F.);
#3252 = FACE_BOUND('',#3253,.F.);
#3253 = EDGE_LOOP('',(#3254,#3255,#3256,#3262));
#3254 = ORIENTED_EDGE('',*,*,#3223,.T.);
#3255 = ORIENTED_EDGE('',*,*,#2515,.T.);
#3256 = ORIENTED_EDGE('',*,*,#3257,.F.);
#3257 = EDGE_CURVE('',#2051,#2516,#3258,.T.);
#3258 = LINE('',#3259,#3260);
#3259 = CARTESIAN_POINT('',(2.8,-7.,0.));
#3260 = VECTOR('',#3261,1.);
#3261 = DIRECTION('',(0.,0.,1.));
#3262 = ORIENTED_EDGE('',*,*,#2050,.F.);
#3263 = PLANE('',#3264);
#3264 = AXIS2_PLACEMENT_3D('',#3265,#3266,#3267);
#3265 = CARTESIAN_POINT('',(-0.8,-7.,0.));
#3266 = DIRECTION('',(0.,1.,0.));
#3267 = DIRECTION('',(1.,0.,0.));
#3268 = ADVANCED_FACE('',(#3269),#3275,.F.);
#3269 = FACE_BOUND('',#3270,.F.);
#3270 = EDGE_LOOP('',(#3271,#3272,#3273,#3274));
#3271 = ORIENTED_EDGE('',*,*,#3257,.T.);
#3272 = ORIENTED_EDGE('',*,*,#2523,.T.);
#3273 = ORIENTED_EDGE('',*,*,#3238,.F.);
#3274 = ORIENTED_EDGE('',*,*,#2058,.F.);
#3275 = PLANE('',#3276);
#3276 = AXIS2_PLACEMENT_3D('',#3277,#3278,#3279);
#3277 = CARTESIAN_POINT('',(2.8,-7.,0.));
#3278 = DIRECTION('',(-0.707106781187,0.707106781187,0.));
#3279 = DIRECTION('',(0.707106781187,0.707106781187,0.));
#3280 = ADVANCED_FACE('',(#3281),#3306,.T.);
#3281 = FACE_BOUND('',#3282,.T.);
#3282 = EDGE_LOOP('',(#3283,#3291,#3299,#3305));
#3283 = ORIENTED_EDGE('',*,*,#3284,.F.);
#3284 = EDGE_CURVE('',#3285,#2156,#3287,.T.);
#3285 = VERTEX_POINT('',#3286);
#3286 = CARTESIAN_POINT('',(2.25,-3.75,-2.675));
#3287 = LINE('',#3288,#3289);
#3288 = CARTESIAN_POINT('',(2.25,-3.75,-2.8));
#3289 = VECTOR('',#3290,1.);
#3290 = DIRECTION('',(0.,0.,1.));
#3291 = ORIENTED_EDGE('',*,*,#3292,.F.);
#3292 = EDGE_CURVE('',#3293,#3285,#3295,.T.);
#3293 = VERTEX_POINT('',#3294);
#3294 = CARTESIAN_POINT('',(1.75,-3.75,-2.675));
#3295 = LINE('',#3296,#3297);
#3296 = CARTESIAN_POINT('',(1.75,-3.75,-2.675));
#3297 = VECTOR('',#3298,1.);
#3298 = DIRECTION('',(1.,0.,0.));
#3299 = ORIENTED_EDGE('',*,*,#3300,.T.);
#3300 = EDGE_CURVE('',#3293,#2158,#3301,.T.);
#3301 = LINE('',#3302,#3303);
#3302 = CARTESIAN_POINT('',(1.75,-3.75,-2.8));
#3303 = VECTOR('',#3304,1.);
#3304 = DIRECTION('',(0.,0.,1.));
#3305 = ORIENTED_EDGE('',*,*,#2155,.F.);
#3306 = PLANE('',#3307);
#3307 = AXIS2_PLACEMENT_3D('',#3308,#3309,#3310);
#3308 = CARTESIAN_POINT('',(1.75,-3.75,-2.8));
#3309 = DIRECTION('',(0.,1.,0.));
#3310 = DIRECTION('',(0.,-0.,1.));
#3311 = ADVANCED_FACE('',(#3312),#3330,.F.);
#3312 = FACE_BOUND('',#3313,.F.);
#3313 = EDGE_LOOP('',(#3314,#3322,#3328,#3329));
#3314 = ORIENTED_EDGE('',*,*,#3315,.F.);
#3315 = EDGE_CURVE('',#3316,#2174,#3318,.T.);
#3316 = VERTEX_POINT('',#3317);
#3317 = CARTESIAN_POINT('',(1.75,-4.25,-2.675));
#3318 = LINE('',#3319,#3320);
#3319 = CARTESIAN_POINT('',(1.75,-4.25,-2.8));
#3320 = VECTOR('',#3321,1.);
#3321 = DIRECTION('',(0.,0.,1.));
#3322 = ORIENTED_EDGE('',*,*,#3323,.T.);
#3323 = EDGE_CURVE('',#3316,#3293,#3324,.T.);
#3324 = LINE('',#3325,#3326);
#3325 = CARTESIAN_POINT('',(1.75,-4.25,-2.675));
#3326 = VECTOR('',#3327,1.);
#3327 = DIRECTION('',(0.,1.,0.));
#3328 = ORIENTED_EDGE('',*,*,#3300,.T.);
#3329 = ORIENTED_EDGE('',*,*,#2181,.F.);
#3330 = PLANE('',#3331);
#3331 = AXIS2_PLACEMENT_3D('',#3332,#3333,#3334);
#3332 = CARTESIAN_POINT('',(1.75,-4.25,-2.8));
#3333 = DIRECTION('',(1.,0.,0.));
#3334 = DIRECTION('',(0.,0.,1.));
#3335 = ADVANCED_FACE('',(#3336),#3354,.F.);
#3336 = FACE_BOUND('',#3337,.F.);
#3337 = EDGE_LOOP('',(#3338,#3346,#3352,#3353));
#3338 = ORIENTED_EDGE('',*,*,#3339,.F.);
#3339 = EDGE_CURVE('',#3340,#2166,#3342,.T.);
#3340 = VERTEX_POINT('',#3341);
#3341 = CARTESIAN_POINT('',(2.25,-4.25,-2.675));
#3342 = LINE('',#3343,#3344);
#3343 = CARTESIAN_POINT('',(2.25,-4.25,-2.8));
#3344 = VECTOR('',#3345,1.);
#3345 = DIRECTION('',(0.,0.,1.));
#3346 = ORIENTED_EDGE('',*,*,#3347,.F.);
#3347 = EDGE_CURVE('',#3316,#3340,#3348,.T.);
#3348 = LINE('',#3349,#3350);
#3349 = CARTESIAN_POINT('',(1.75,-4.25,-2.675));
#3350 = VECTOR('',#3351,1.);
#3351 = DIRECTION('',(1.,0.,0.));
#3352 = ORIENTED_EDGE('',*,*,#3315,.T.);
#3353 = ORIENTED_EDGE('',*,*,#2173,.F.);
#3354 = PLANE('',#3355);
#3355 = AXIS2_PLACEMENT_3D('',#3356,#3357,#3358);
#3356 = CARTESIAN_POINT('',(1.75,-4.25,-2.8));
#3357 = DIRECTION('',(0.,1.,0.));
#3358 = DIRECTION('',(0.,-0.,1.));
#3359 = ADVANCED_FACE('',(#3360),#3371,.T.);
#3360 = FACE_BOUND('',#3361,.T.);
#3361 = EDGE_LOOP('',(#3362,#3363,#3369,#3370));
#3362 = ORIENTED_EDGE('',*,*,#3339,.F.);
#3363 = ORIENTED_EDGE('',*,*,#3364,.T.);
#3364 = EDGE_CURVE('',#3340,#3285,#3365,.T.);
#3365 = LINE('',#3366,#3367);
#3366 = CARTESIAN_POINT('',(2.25,-4.25,-2.675));
#3367 = VECTOR('',#3368,1.);
#3368 = DIRECTION('',(0.,1.,0.));
#3369 = ORIENTED_EDGE('',*,*,#3284,.T.);
#3370 = ORIENTED_EDGE('',*,*,#2165,.F.);
#3371 = PLANE('',#3372);
#3372 = AXIS2_PLACEMENT_3D('',#3373,#3374,#3375);
#3373 = CARTESIAN_POINT('',(2.25,-4.25,-2.8));
#3374 = DIRECTION('',(1.,0.,0.));
#3375 = DIRECTION('',(0.,0.,1.));
#3376 = ADVANCED_FACE('',(#3377),#3402,.T.);
#3377 = FACE_BOUND('',#3378,.T.);
#3378 = EDGE_LOOP('',(#3379,#3387,#3395,#3401));
#3379 = ORIENTED_EDGE('',*,*,#3380,.F.);
#3380 = EDGE_CURVE('',#3381,#2190,#3383,.T.);
#3381 = VERTEX_POINT('',#3382);
#3382 = CARTESIAN_POINT('',(0.25,-4.25,-2.675));
#3383 = LINE('',#3384,#3385);
#3384 = CARTESIAN_POINT('',(0.25,-4.25,-2.8));
#3385 = VECTOR('',#3386,1.);
#3386 = DIRECTION('',(0.,0.,1.));
#3387 = ORIENTED_EDGE('',*,*,#3388,.T.);
#3388 = EDGE_CURVE('',#3381,#3389,#3391,.T.);
#3389 = VERTEX_POINT('',#3390);
#3390 = CARTESIAN_POINT('',(0.25,-3.75,-2.675));
#3391 = LINE('',#3392,#3393);
#3392 = CARTESIAN_POINT('',(0.25,-4.25,-2.675));
#3393 = VECTOR('',#3394,1.);
#3394 = DIRECTION('',(0.,1.,0.));
#3395 = ORIENTED_EDGE('',*,*,#3396,.T.);
#3396 = EDGE_CURVE('',#3389,#2192,#3397,.T.);
#3397 = LINE('',#3398,#3399);
#3398 = CARTESIAN_POINT('',(0.25,-3.75,-2.8));
#3399 = VECTOR('',#3400,1.);
#3400 = DIRECTION('',(0.,0.,1.));
#3401 = ORIENTED_EDGE('',*,*,#2189,.F.);
#3402 = PLANE('',#3403);
#3403 = AXIS2_PLACEMENT_3D('',#3404,#3405,#3406);
#3404 = CARTESIAN_POINT('',(0.25,-4.25,-2.8));
#3405 = DIRECTION('',(1.,0.,0.));
#3406 = DIRECTION('',(0.,0.,1.));
#3407 = ADVANCED_FACE('',(#3408),#3426,.T.);
#3408 = FACE_BOUND('',#3409,.T.);
#3409 = EDGE_LOOP('',(#3410,#3411,#3419,#3425));
#3410 = ORIENTED_EDGE('',*,*,#3396,.F.);
#3411 = ORIENTED_EDGE('',*,*,#3412,.F.);
#3412 = EDGE_CURVE('',#3413,#3389,#3415,.T.);
#3413 = VERTEX_POINT('',#3414);
#3414 = CARTESIAN_POINT('',(-0.25,-3.75,-2.675));
#3415 = LINE('',#3416,#3417);
#3416 = CARTESIAN_POINT('',(-0.25,-3.75,-2.675));
#3417 = VECTOR('',#3418,1.);
#3418 = DIRECTION('',(1.,0.,0.));
#3419 = ORIENTED_EDGE('',*,*,#3420,.T.);
#3420 = EDGE_CURVE('',#3413,#2208,#3421,.T.);
#3421 = LINE('',#3422,#3423);
#3422 = CARTESIAN_POINT('',(-0.25,-3.75,-2.8));
#3423 = VECTOR('',#3424,1.);
#3424 = DIRECTION('',(0.,0.,1.));
#3425 = ORIENTED_EDGE('',*,*,#2215,.F.);
#3426 = PLANE('',#3427);
#3427 = AXIS2_PLACEMENT_3D('',#3428,#3429,#3430);
#3428 = CARTESIAN_POINT('',(-0.25,-3.75,-2.8));
#3429 = DIRECTION('',(0.,1.,0.));
#3430 = DIRECTION('',(0.,-0.,1.));
#3431 = ADVANCED_FACE('',(#3432),#3450,.F.);
#3432 = FACE_BOUND('',#3433,.F.);
#3433 = EDGE_LOOP('',(#3434,#3442,#3448,#3449));
#3434 = ORIENTED_EDGE('',*,*,#3435,.F.);
#3435 = EDGE_CURVE('',#3436,#2200,#3438,.T.);
#3436 = VERTEX_POINT('',#3437);
#3437 = CARTESIAN_POINT('',(-0.25,-4.25,-2.675));
#3438 = LINE('',#3439,#3440);
#3439 = CARTESIAN_POINT('',(-0.25,-4.25,-2.8));
#3440 = VECTOR('',#3441,1.);
#3441 = DIRECTION('',(0.,0.,1.));
#3442 = ORIENTED_EDGE('',*,*,#3443,.T.);
#3443 = EDGE_CURVE('',#3436,#3413,#3444,.T.);
#3444 = LINE('',#3445,#3446);
#3445 = CARTESIAN_POINT('',(-0.25,-4.25,-2.675));
#3446 = VECTOR('',#3447,1.);
#3447 = DIRECTION('',(0.,1.,0.));
#3448 = ORIENTED_EDGE('',*,*,#3420,.T.);
#3449 = ORIENTED_EDGE('',*,*,#2207,.F.);
#3450 = PLANE('',#3451);
#3451 = AXIS2_PLACEMENT_3D('',#3452,#3453,#3454);
#3452 = CARTESIAN_POINT('',(-0.25,-4.25,-2.8));
#3453 = DIRECTION('',(1.,0.,0.));
#3454 = DIRECTION('',(0.,0.,1.));
#3455 = ADVANCED_FACE('',(#3456),#3467,.F.);
#3456 = FACE_BOUND('',#3457,.F.);
#3457 = EDGE_LOOP('',(#3458,#3459,#3465,#3466));
#3458 = ORIENTED_EDGE('',*,*,#3380,.F.);
#3459 = ORIENTED_EDGE('',*,*,#3460,.F.);
#3460 = EDGE_CURVE('',#3436,#3381,#3461,.T.);
#3461 = LINE('',#3462,#3463);
#3462 = CARTESIAN_POINT('',(-0.25,-4.25,-2.675));
#3463 = VECTOR('',#3464,1.);
#3464 = DIRECTION('',(1.,0.,0.));
#3465 = ORIENTED_EDGE('',*,*,#3435,.T.);
#3466 = ORIENTED_EDGE('',*,*,#2199,.F.);
#3467 = PLANE('',#3468);
#3468 = AXIS2_PLACEMENT_3D('',#3469,#3470,#3471);
#3469 = CARTESIAN_POINT('',(-0.25,-4.25,-2.8));
#3470 = DIRECTION('',(0.,1.,0.));
#3471 = DIRECTION('',(0.,-0.,1.));
#3472 = ADVANCED_FACE('',(#3473),#3498,.T.);
#3473 = FACE_BOUND('',#3474,.T.);
#3474 = EDGE_LOOP('',(#3475,#3483,#3491,#3497));
#3475 = ORIENTED_EDGE('',*,*,#3476,.F.);
#3476 = EDGE_CURVE('',#3477,#2224,#3479,.T.);
#3477 = VERTEX_POINT('',#3478);
#3478 = CARTESIAN_POINT('',(0.25,0.25,-2.675));
#3479 = LINE('',#3480,#3481);
#3480 = CARTESIAN_POINT('',(0.25,0.25,-2.8));
#3481 = VECTOR('',#3482,1.);
#3482 = DIRECTION('',(0.,0.,1.));
#3483 = ORIENTED_EDGE('',*,*,#3484,.F.);
#3484 = EDGE_CURVE('',#3485,#3477,#3487,.T.);
#3485 = VERTEX_POINT('',#3486);
#3486 = CARTESIAN_POINT('',(-0.25,0.25,-2.675));
#3487 = LINE('',#3488,#3489);
#3488 = CARTESIAN_POINT('',(-0.25,0.25,-2.675));
#3489 = VECTOR('',#3490,1.);
#3490 = DIRECTION('',(1.,0.,0.));
#3491 = ORIENTED_EDGE('',*,*,#3492,.T.);
#3492 = EDGE_CURVE('',#3485,#2226,#3493,.T.);
#3493 = LINE('',#3494,#3495);
#3494 = CARTESIAN_POINT('',(-0.25,0.25,-2.8));
#3495 = VECTOR('',#3496,1.);
#3496 = DIRECTION('',(0.,0.,1.));
#3497 = ORIENTED_EDGE('',*,*,#2223,.F.);
#3498 = PLANE('',#3499);
#3499 = AXIS2_PLACEMENT_3D('',#3500,#3501,#3502);
#3500 = CARTESIAN_POINT('',(-0.25,0.25,-2.8));
#3501 = DIRECTION('',(0.,1.,0.));
#3502 = DIRECTION('',(0.,-0.,1.));
#3503 = ADVANCED_FACE('',(#3504),#3522,.F.);
#3504 = FACE_BOUND('',#3505,.F.);
#3505 = EDGE_LOOP('',(#3506,#3514,#3520,#3521));
#3506 = ORIENTED_EDGE('',*,*,#3507,.F.);
#3507 = EDGE_CURVE('',#3508,#2242,#3510,.T.);
#3508 = VERTEX_POINT('',#3509);
#3509 = CARTESIAN_POINT('',(-0.25,-0.25,-2.675));
#3510 = LINE('',#3511,#3512);
#3511 = CARTESIAN_POINT('',(-0.25,-0.25,-2.8));
#3512 = VECTOR('',#3513,1.);
#3513 = DIRECTION('',(0.,0.,1.));
#3514 = ORIENTED_EDGE('',*,*,#3515,.T.);
#3515 = EDGE_CURVE('',#3508,#3485,#3516,.T.);
#3516 = LINE('',#3517,#3518);
#3517 = CARTESIAN_POINT('',(-0.25,-0.25,-2.675));
#3518 = VECTOR('',#3519,1.);
#3519 = DIRECTION('',(0.,1.,0.));
#3520 = ORIENTED_EDGE('',*,*,#3492,.T.);
#3521 = ORIENTED_EDGE('',*,*,#2249,.F.);
#3522 = PLANE('',#3523);
#3523 = AXIS2_PLACEMENT_3D('',#3524,#3525,#3526);
#3524 = CARTESIAN_POINT('',(-0.25,-0.25,-2.8));
#3525 = DIRECTION('',(1.,0.,0.));
#3526 = DIRECTION('',(0.,0.,1.));
#3527 = ADVANCED_FACE('',(#3528),#3546,.F.);
#3528 = FACE_BOUND('',#3529,.F.);
#3529 = EDGE_LOOP('',(#3530,#3538,#3544,#3545));
#3530 = ORIENTED_EDGE('',*,*,#3531,.F.);
#3531 = EDGE_CURVE('',#3532,#2234,#3534,.T.);
#3532 = VERTEX_POINT('',#3533);
#3533 = CARTESIAN_POINT('',(0.25,-0.25,-2.675));
#3534 = LINE('',#3535,#3536);
#3535 = CARTESIAN_POINT('',(0.25,-0.25,-2.8));
#3536 = VECTOR('',#3537,1.);
#3537 = DIRECTION('',(0.,0.,1.));
#3538 = ORIENTED_EDGE('',*,*,#3539,.F.);
#3539 = EDGE_CURVE('',#3508,#3532,#3540,.T.);
#3540 = LINE('',#3541,#3542);
#3541 = CARTESIAN_POINT('',(-0.25,-0.25,-2.675));
#3542 = VECTOR('',#3543,1.);
#3543 = DIRECTION('',(1.,0.,0.));
#3544 = ORIENTED_EDGE('',*,*,#3507,.T.);
#3545 = ORIENTED_EDGE('',*,*,#2241,.F.);
#3546 = PLANE('',#3547);
#3547 = AXIS2_PLACEMENT_3D('',#3548,#3549,#3550);
#3548 = CARTESIAN_POINT('',(-0.25,-0.25,-2.8));
#3549 = DIRECTION('',(0.,1.,0.));
#3550 = DIRECTION('',(0.,-0.,1.));
#3551 = ADVANCED_FACE('',(#3552),#3563,.T.);
#3552 = FACE_BOUND('',#3553,.T.);
#3553 = EDGE_LOOP('',(#3554,#3555,#3561,#3562));
#3554 = ORIENTED_EDGE('',*,*,#3531,.F.);
#3555 = ORIENTED_EDGE('',*,*,#3556,.T.);
#3556 = EDGE_CURVE('',#3532,#3477,#3557,.T.);
#3557 = LINE('',#3558,#3559);
#3558 = CARTESIAN_POINT('',(0.25,-0.25,-2.675));
#3559 = VECTOR('',#3560,1.);
#3560 = DIRECTION('',(0.,1.,0.));
#3561 = ORIENTED_EDGE('',*,*,#3476,.T.);
#3562 = ORIENTED_EDGE('',*,*,#2233,.F.);
#3563 = PLANE('',#3564);
#3564 = AXIS2_PLACEMENT_3D('',#3565,#3566,#3567);
#3565 = CARTESIAN_POINT('',(0.25,-0.25,-2.8));
#3566 = DIRECTION('',(1.,0.,0.));
#3567 = DIRECTION('',(0.,0.,1.));
#3568 = ADVANCED_FACE('',(#3569),#3594,.T.);
#3569 = FACE_BOUND('',#3570,.T.);
#3570 = EDGE_LOOP('',(#3571,#3579,#3587,#3593));
#3571 = ORIENTED_EDGE('',*,*,#3572,.F.);
#3572 = EDGE_CURVE('',#3573,#2258,#3575,.T.);
#3573 = VERTEX_POINT('',#3574);
#3574 = CARTESIAN_POINT('',(0.25,-2.25,-2.675));
#3575 = LINE('',#3576,#3577);
#3576 = CARTESIAN_POINT('',(0.25,-2.25,-2.8));
#3577 = VECTOR('',#3578,1.);
#3578 = DIRECTION('',(0.,0.,1.));
#3579 = ORIENTED_EDGE('',*,*,#3580,.T.);
#3580 = EDGE_CURVE('',#3573,#3581,#3583,.T.);
#3581 = VERTEX_POINT('',#3582);
#3582 = CARTESIAN_POINT('',(0.25,-1.75,-2.675));
#3583 = LINE('',#3584,#3585);
#3584 = CARTESIAN_POINT('',(0.25,-2.25,-2.675));
#3585 = VECTOR('',#3586,1.);
#3586 = DIRECTION('',(0.,1.,0.));
#3587 = ORIENTED_EDGE('',*,*,#3588,.T.);
#3588 = EDGE_CURVE('',#3581,#2260,#3589,.T.);
#3589 = LINE('',#3590,#3591);
#3590 = CARTESIAN_POINT('',(0.25,-1.75,-2.8));
#3591 = VECTOR('',#3592,1.);
#3592 = DIRECTION('',(0.,0.,1.));
#3593 = ORIENTED_EDGE('',*,*,#2257,.F.);
#3594 = PLANE('',#3595);
#3595 = AXIS2_PLACEMENT_3D('',#3596,#3597,#3598);
#3596 = CARTESIAN_POINT('',(0.25,-2.25,-2.8));
#3597 = DIRECTION('',(1.,0.,0.));
#3598 = DIRECTION('',(0.,0.,1.));
#3599 = ADVANCED_FACE('',(#3600),#3618,.T.);
#3600 = FACE_BOUND('',#3601,.T.);
#3601 = EDGE_LOOP('',(#3602,#3603,#3611,#3617));
#3602 = ORIENTED_EDGE('',*,*,#3588,.F.);
#3603 = ORIENTED_EDGE('',*,*,#3604,.F.);
#3604 = EDGE_CURVE('',#3605,#3581,#3607,.T.);
#3605 = VERTEX_POINT('',#3606);
#3606 = CARTESIAN_POINT('',(-0.25,-1.75,-2.675));
#3607 = LINE('',#3608,#3609);
#3608 = CARTESIAN_POINT('',(-0.25,-1.75,-2.675));
#3609 = VECTOR('',#3610,1.);
#3610 = DIRECTION('',(1.,0.,0.));
#3611 = ORIENTED_EDGE('',*,*,#3612,.T.);
#3612 = EDGE_CURVE('',#3605,#2276,#3613,.T.);
#3613 = LINE('',#3614,#3615);
#3614 = CARTESIAN_POINT('',(-0.25,-1.75,-2.8));
#3615 = VECTOR('',#3616,1.);
#3616 = DIRECTION('',(0.,0.,1.));
#3617 = ORIENTED_EDGE('',*,*,#2283,.F.);
#3618 = PLANE('',#3619);
#3619 = AXIS2_PLACEMENT_3D('',#3620,#3621,#3622);
#3620 = CARTESIAN_POINT('',(-0.25,-1.75,-2.8));
#3621 = DIRECTION('',(0.,1.,0.));
#3622 = DIRECTION('',(0.,-0.,1.));
#3623 = ADVANCED_FACE('',(#3624),#3642,.F.);
#3624 = FACE_BOUND('',#3625,.F.);
#3625 = EDGE_LOOP('',(#3626,#3634,#3640,#3641));
#3626 = ORIENTED_EDGE('',*,*,#3627,.F.);
#3627 = EDGE_CURVE('',#3628,#2268,#3630,.T.);
#3628 = VERTEX_POINT('',#3629);
#3629 = CARTESIAN_POINT('',(-0.25,-2.25,-2.675));
#3630 = LINE('',#3631,#3632);
#3631 = CARTESIAN_POINT('',(-0.25,-2.25,-2.8));
#3632 = VECTOR('',#3633,1.);
#3633 = DIRECTION('',(0.,0.,1.));
#3634 = ORIENTED_EDGE('',*,*,#3635,.T.);
#3635 = EDGE_CURVE('',#3628,#3605,#3636,.T.);
#3636 = LINE('',#3637,#3638);
#3637 = CARTESIAN_POINT('',(-0.25,-2.25,-2.675));
#3638 = VECTOR('',#3639,1.);
#3639 = DIRECTION('',(0.,1.,0.));
#3640 = ORIENTED_EDGE('',*,*,#3612,.T.);
#3641 = ORIENTED_EDGE('',*,*,#2275,.F.);
#3642 = PLANE('',#3643);
#3643 = AXIS2_PLACEMENT_3D('',#3644,#3645,#3646);
#3644 = CARTESIAN_POINT('',(-0.25,-2.25,-2.8));
#3645 = DIRECTION('',(1.,0.,0.));
#3646 = DIRECTION('',(0.,0.,1.));
#3647 = ADVANCED_FACE('',(#3648),#3659,.F.);
#3648 = FACE_BOUND('',#3649,.F.);
#3649 = EDGE_LOOP('',(#3650,#3651,#3657,#3658));
#3650 = ORIENTED_EDGE('',*,*,#3572,.F.);
#3651 = ORIENTED_EDGE('',*,*,#3652,.F.);
#3652 = EDGE_CURVE('',#3628,#3573,#3653,.T.);
#3653 = LINE('',#3654,#3655);
#3654 = CARTESIAN_POINT('',(-0.25,-2.25,-2.675));
#3655 = VECTOR('',#3656,1.);
#3656 = DIRECTION('',(1.,0.,0.));
#3657 = ORIENTED_EDGE('',*,*,#3627,.T.);
#3658 = ORIENTED_EDGE('',*,*,#2267,.F.);
#3659 = PLANE('',#3660);
#3660 = AXIS2_PLACEMENT_3D('',#3661,#3662,#3663);
#3661 = CARTESIAN_POINT('',(-0.25,-2.25,-2.8));
#3662 = DIRECTION('',(0.,1.,0.));
#3663 = DIRECTION('',(0.,-0.,1.));
#3664 = ADVANCED_FACE('',(#3665),#3690,.T.);
#3665 = FACE_BOUND('',#3666,.T.);
#3666 = EDGE_LOOP('',(#3667,#3675,#3683,#3689));
#3667 = ORIENTED_EDGE('',*,*,#3668,.F.);
#3668 = EDGE_CURVE('',#3669,#2292,#3671,.T.);
#3669 = VERTEX_POINT('',#3670);
#3670 = CARTESIAN_POINT('',(2.25,0.25,-2.675));
#3671 = LINE('',#3672,#3673);
#3672 = CARTESIAN_POINT('',(2.25,0.25,-2.8));
#3673 = VECTOR('',#3674,1.);
#3674 = DIRECTION('',(0.,0.,1.));
#3675 = ORIENTED_EDGE('',*,*,#3676,.F.);
#3676 = EDGE_CURVE('',#3677,#3669,#3679,.T.);
#3677 = VERTEX_POINT('',#3678);
#3678 = CARTESIAN_POINT('',(1.75,0.25,-2.675));
#3679 = LINE('',#3680,#3681);
#3680 = CARTESIAN_POINT('',(1.75,0.25,-2.675));
#3681 = VECTOR('',#3682,1.);
#3682 = DIRECTION('',(1.,0.,0.));
#3683 = ORIENTED_EDGE('',*,*,#3684,.T.);
#3684 = EDGE_CURVE('',#3677,#2294,#3685,.T.);
#3685 = LINE('',#3686,#3687);
#3686 = CARTESIAN_POINT('',(1.75,0.25,-2.8));
#3687 = VECTOR('',#3688,1.);
#3688 = DIRECTION('',(0.,0.,1.));
#3689 = ORIENTED_EDGE('',*,*,#2291,.F.);
#3690 = PLANE('',#3691);
#3691 = AXIS2_PLACEMENT_3D('',#3692,#3693,#3694);
#3692 = CARTESIAN_POINT('',(1.75,0.25,-2.8));
#3693 = DIRECTION('',(0.,1.,0.));
#3694 = DIRECTION('',(0.,-0.,1.));
#3695 = ADVANCED_FACE('',(#3696),#3714,.F.);
#3696 = FACE_BOUND('',#3697,.F.);
#3697 = EDGE_LOOP('',(#3698,#3706,#3712,#3713));
#3698 = ORIENTED_EDGE('',*,*,#3699,.F.);
#3699 = EDGE_CURVE('',#3700,#2310,#3702,.T.);
#3700 = VERTEX_POINT('',#3701);
#3701 = CARTESIAN_POINT('',(1.75,-0.25,-2.675));
#3702 = LINE('',#3703,#3704);
#3703 = CARTESIAN_POINT('',(1.75,-0.25,-2.8));
#3704 = VECTOR('',#3705,1.);
#3705 = DIRECTION('',(0.,0.,1.));
#3706 = ORIENTED_EDGE('',*,*,#3707,.T.);
#3707 = EDGE_CURVE('',#3700,#3677,#3708,.T.);
#3708 = LINE('',#3709,#3710);
#3709 = CARTESIAN_POINT('',(1.75,-0.25,-2.675));
#3710 = VECTOR('',#3711,1.);
#3711 = DIRECTION('',(0.,1.,0.));
#3712 = ORIENTED_EDGE('',*,*,#3684,.T.);
#3713 = ORIENTED_EDGE('',*,*,#2317,.F.);
#3714 = PLANE('',#3715);
#3715 = AXIS2_PLACEMENT_3D('',#3716,#3717,#3718);
#3716 = CARTESIAN_POINT('',(1.75,-0.25,-2.8));
#3717 = DIRECTION('',(1.,0.,0.));
#3718 = DIRECTION('',(0.,0.,1.));
#3719 = ADVANCED_FACE('',(#3720),#3738,.F.);
#3720 = FACE_BOUND('',#3721,.F.);
#3721 = EDGE_LOOP('',(#3722,#3730,#3736,#3737));
#3722 = ORIENTED_EDGE('',*,*,#3723,.F.);
#3723 = EDGE_CURVE('',#3724,#2302,#3726,.T.);
#3724 = VERTEX_POINT('',#3725);
#3725 = CARTESIAN_POINT('',(2.25,-0.25,-2.675));
#3726 = LINE('',#3727,#3728);
#3727 = CARTESIAN_POINT('',(2.25,-0.25,-2.8));
#3728 = VECTOR('',#3729,1.);
#3729 = DIRECTION('',(0.,0.,1.));
#3730 = ORIENTED_EDGE('',*,*,#3731,.F.);
#3731 = EDGE_CURVE('',#3700,#3724,#3732,.T.);
#3732 = LINE('',#3733,#3734);
#3733 = CARTESIAN_POINT('',(1.75,-0.25,-2.675));
#3734 = VECTOR('',#3735,1.);
#3735 = DIRECTION('',(1.,0.,0.));
#3736 = ORIENTED_EDGE('',*,*,#3699,.T.);
#3737 = ORIENTED_EDGE('',*,*,#2309,.F.);
#3738 = PLANE('',#3739);
#3739 = AXIS2_PLACEMENT_3D('',#3740,#3741,#3742);
#3740 = CARTESIAN_POINT('',(1.75,-0.25,-2.8));
#3741 = DIRECTION('',(0.,1.,0.));
#3742 = DIRECTION('',(0.,-0.,1.));
#3743 = ADVANCED_FACE('',(#3744),#3755,.T.);
#3744 = FACE_BOUND('',#3745,.T.);
#3745 = EDGE_LOOP('',(#3746,#3747,#3753,#3754));
#3746 = ORIENTED_EDGE('',*,*,#3723,.F.);
#3747 = ORIENTED_EDGE('',*,*,#3748,.T.);
#3748 = EDGE_CURVE('',#3724,#3669,#3749,.T.);
#3749 = LINE('',#3750,#3751);
#3750 = CARTESIAN_POINT('',(2.25,-0.25,-2.675));
#3751 = VECTOR('',#3752,1.);
#3752 = DIRECTION('',(0.,1.,0.));
#3753 = ORIENTED_EDGE('',*,*,#3668,.T.);
#3754 = ORIENTED_EDGE('',*,*,#2301,.F.);
#3755 = PLANE('',#3756);
#3756 = AXIS2_PLACEMENT_3D('',#3757,#3758,#3759);
#3757 = CARTESIAN_POINT('',(2.25,-0.25,-2.8));
#3758 = DIRECTION('',(1.,0.,0.));
#3759 = DIRECTION('',(0.,0.,1.));
#3760 = ADVANCED_FACE('',(#3761),#3786,.T.);
#3761 = FACE_BOUND('',#3762,.T.);
#3762 = EDGE_LOOP('',(#3763,#3771,#3779,#3785));
#3763 = ORIENTED_EDGE('',*,*,#3764,.F.);
#3764 = EDGE_CURVE('',#3765,#2326,#3767,.T.);
#3765 = VERTEX_POINT('',#3766);
#3766 = CARTESIAN_POINT('',(2.25,-1.75,-2.675));
#3767 = LINE('',#3768,#3769);
#3768 = CARTESIAN_POINT('',(2.25,-1.75,-2.8));
#3769 = VECTOR('',#3770,1.);
#3770 = DIRECTION('',(0.,0.,1.));
#3771 = ORIENTED_EDGE('',*,*,#3772,.F.);
#3772 = EDGE_CURVE('',#3773,#3765,#3775,.T.);
#3773 = VERTEX_POINT('',#3774);
#3774 = CARTESIAN_POINT('',(1.75,-1.75,-2.675));
#3775 = LINE('',#3776,#3777);
#3776 = CARTESIAN_POINT('',(1.75,-1.75,-2.675));
#3777 = VECTOR('',#3778,1.);
#3778 = DIRECTION('',(1.,0.,0.));
#3779 = ORIENTED_EDGE('',*,*,#3780,.T.);
#3780 = EDGE_CURVE('',#3773,#2328,#3781,.T.);
#3781 = LINE('',#3782,#3783);
#3782 = CARTESIAN_POINT('',(1.75,-1.75,-2.8));
#3783 = VECTOR('',#3784,1.);
#3784 = DIRECTION('',(0.,0.,1.));
#3785 = ORIENTED_EDGE('',*,*,#2325,.F.);
#3786 = PLANE('',#3787);
#3787 = AXIS2_PLACEMENT_3D('',#3788,#3789,#3790);
#3788 = CARTESIAN_POINT('',(1.75,-1.75,-2.8));
#3789 = DIRECTION('',(0.,1.,0.));
#3790 = DIRECTION('',(0.,-0.,1.));
#3791 = ADVANCED_FACE('',(#3792),#3810,.F.);
#3792 = FACE_BOUND('',#3793,.F.);
#3793 = EDGE_LOOP('',(#3794,#3802,#3808,#3809));
#3794 = ORIENTED_EDGE('',*,*,#3795,.F.);
#3795 = EDGE_CURVE('',#3796,#2344,#3798,.T.);
#3796 = VERTEX_POINT('',#3797);
#3797 = CARTESIAN_POINT('',(1.75,-2.25,-2.675));
#3798 = LINE('',#3799,#3800);
#3799 = CARTESIAN_POINT('',(1.75,-2.25,-2.8));
#3800 = VECTOR('',#3801,1.);
#3801 = DIRECTION('',(0.,0.,1.));
#3802 = ORIENTED_EDGE('',*,*,#3803,.T.);
#3803 = EDGE_CURVE('',#3796,#3773,#3804,.T.);
#3804 = LINE('',#3805,#3806);
#3805 = CARTESIAN_POINT('',(1.75,-2.25,-2.675));
#3806 = VECTOR('',#3807,1.);
#3807 = DIRECTION('',(0.,1.,0.));
#3808 = ORIENTED_EDGE('',*,*,#3780,.T.);
#3809 = ORIENTED_EDGE('',*,*,#2351,.F.);
#3810 = PLANE('',#3811);
#3811 = AXIS2_PLACEMENT_3D('',#3812,#3813,#3814);
#3812 = CARTESIAN_POINT('',(1.75,-2.25,-2.8));
#3813 = DIRECTION('',(1.,0.,0.));
#3814 = DIRECTION('',(0.,0.,1.));
#3815 = ADVANCED_FACE('',(#3816),#3834,.F.);
#3816 = FACE_BOUND('',#3817,.F.);
#3817 = EDGE_LOOP('',(#3818,#3826,#3832,#3833));
#3818 = ORIENTED_EDGE('',*,*,#3819,.F.);
#3819 = EDGE_CURVE('',#3820,#2336,#3822,.T.);
#3820 = VERTEX_POINT('',#3821);
#3821 = CARTESIAN_POINT('',(2.25,-2.25,-2.675));
#3822 = LINE('',#3823,#3824);
#3823 = CARTESIAN_POINT('',(2.25,-2.25,-2.8));
#3824 = VECTOR('',#3825,1.);
#3825 = DIRECTION('',(0.,0.,1.));
#3826 = ORIENTED_EDGE('',*,*,#3827,.F.);
#3827 = EDGE_CURVE('',#3796,#3820,#3828,.T.);
#3828 = LINE('',#3829,#3830);
#3829 = CARTESIAN_POINT('',(1.75,-2.25,-2.675));
#3830 = VECTOR('',#3831,1.);
#3831 = DIRECTION('',(1.,0.,0.));
#3832 = ORIENTED_EDGE('',*,*,#3795,.T.);
#3833 = ORIENTED_EDGE('',*,*,#2343,.F.);
#3834 = PLANE('',#3835);
#3835 = AXIS2_PLACEMENT_3D('',#3836,#3837,#3838);
#3836 = CARTESIAN_POINT('',(1.75,-2.25,-2.8));
#3837 = DIRECTION('',(0.,1.,0.));
#3838 = DIRECTION('',(0.,-0.,1.));
#3839 = ADVANCED_FACE('',(#3840),#3851,.T.);
#3840 = FACE_BOUND('',#3841,.T.);
#3841 = EDGE_LOOP('',(#3842,#3843,#3849,#3850));
#3842 = ORIENTED_EDGE('',*,*,#3819,.F.);
#3843 = ORIENTED_EDGE('',*,*,#3844,.T.);
#3844 = EDGE_CURVE('',#3820,#3765,#3845,.T.);
#3845 = LINE('',#3846,#3847);
#3846 = CARTESIAN_POINT('',(2.25,-2.25,-2.675));
#3847 = VECTOR('',#3848,1.);
#3848 = DIRECTION('',(0.,1.,0.));
#3849 = ORIENTED_EDGE('',*,*,#3764,.T.);
#3850 = ORIENTED_EDGE('',*,*,#2335,.F.);
#3851 = PLANE('',#3852);
#3852 = AXIS2_PLACEMENT_3D('',#3853,#3854,#3855);
#3853 = CARTESIAN_POINT('',(2.25,-2.25,-2.8));
#3854 = DIRECTION('',(1.,0.,0.));
#3855 = DIRECTION('',(0.,0.,1.));
#3856 = ADVANCED_FACE('',(#3857),#3882,.F.);
#3857 = FACE_BOUND('',#3858,.F.);
#3858 = EDGE_LOOP('',(#3859,#3867,#3875,#3881));
#3859 = ORIENTED_EDGE('',*,*,#3860,.F.);
#3860 = EDGE_CURVE('',#3861,#2360,#3863,.T.);
#3861 = VERTEX_POINT('',#3862);
#3862 = CARTESIAN_POINT('',(0.25,-6.25,-2.675));
#3863 = LINE('',#3864,#3865);
#3864 = CARTESIAN_POINT('',(0.25,-6.25,-2.8));
#3865 = VECTOR('',#3866,1.);
#3866 = DIRECTION('',(0.,0.,1.));
#3867 = ORIENTED_EDGE('',*,*,#3868,.F.);
#3868 = EDGE_CURVE('',#3869,#3861,#3871,.T.);
#3869 = VERTEX_POINT('',#3870);
#3870 = CARTESIAN_POINT('',(-0.25,-6.25,-2.675));
#3871 = LINE('',#3872,#3873);
#3872 = CARTESIAN_POINT('',(-0.25,-6.25,-2.675));
#3873 = VECTOR('',#3874,1.);
#3874 = DIRECTION('',(1.,0.,0.));
#3875 = ORIENTED_EDGE('',*,*,#3876,.T.);
#3876 = EDGE_CURVE('',#3869,#2362,#3877,.T.);
#3877 = LINE('',#3878,#3879);
#3878 = CARTESIAN_POINT('',(-0.25,-6.25,-2.8));
#3879 = VECTOR('',#3880,1.);
#3880 = DIRECTION('',(0.,0.,1.));
#3881 = ORIENTED_EDGE('',*,*,#2359,.F.);
#3882 = PLANE('',#3883);
#3883 = AXIS2_PLACEMENT_3D('',#3884,#3885,#3886);
#3884 = CARTESIAN_POINT('',(-0.25,-6.25,-2.8));
#3885 = DIRECTION('',(0.,1.,0.));
#3886 = DIRECTION('',(0.,-0.,1.));
#3887 = ADVANCED_FACE('',(#3888),#3906,.T.);
#3888 = FACE_BOUND('',#3889,.T.);
#3889 = EDGE_LOOP('',(#3890,#3891,#3899,#3905));
#3890 = ORIENTED_EDGE('',*,*,#3860,.F.);
#3891 = ORIENTED_EDGE('',*,*,#3892,.T.);
#3892 = EDGE_CURVE('',#3861,#3893,#3895,.T.);
#3893 = VERTEX_POINT('',#3894);
#3894 = CARTESIAN_POINT('',(0.25,-5.75,-2.675));
#3895 = LINE('',#3896,#3897);
#3896 = CARTESIAN_POINT('',(0.25,-6.25,-2.675));
#3897 = VECTOR('',#3898,1.);
#3898 = DIRECTION('',(0.,1.,0.));
#3899 = ORIENTED_EDGE('',*,*,#3900,.T.);
#3900 = EDGE_CURVE('',#3893,#2378,#3901,.T.);
#3901 = LINE('',#3902,#3903);
#3902 = CARTESIAN_POINT('',(0.25,-5.75,-2.8));
#3903 = VECTOR('',#3904,1.);
#3904 = DIRECTION('',(0.,0.,1.));
#3905 = ORIENTED_EDGE('',*,*,#2385,.F.);
#3906 = PLANE('',#3907);
#3907 = AXIS2_PLACEMENT_3D('',#3908,#3909,#3910);
#3908 = CARTESIAN_POINT('',(0.25,-6.25,-2.8));
#3909 = DIRECTION('',(1.,0.,0.));
#3910 = DIRECTION('',(0.,0.,1.));
#3911 = ADVANCED_FACE('',(#3912),#3930,.T.);
#3912 = FACE_BOUND('',#3913,.T.);
#3913 = EDGE_LOOP('',(#3914,#3915,#3923,#3929));
#3914 = ORIENTED_EDGE('',*,*,#3900,.F.);
#3915 = ORIENTED_EDGE('',*,*,#3916,.F.);
#3916 = EDGE_CURVE('',#3917,#3893,#3919,.T.);
#3917 = VERTEX_POINT('',#3918);
#3918 = CARTESIAN_POINT('',(-0.25,-5.75,-2.675));
#3919 = LINE('',#3920,#3921);
#3920 = CARTESIAN_POINT('',(-0.25,-5.75,-2.675));
#3921 = VECTOR('',#3922,1.);
#3922 = DIRECTION('',(1.,0.,0.));
#3923 = ORIENTED_EDGE('',*,*,#3924,.T.);
#3924 = EDGE_CURVE('',#3917,#2370,#3925,.T.);
#3925 = LINE('',#3926,#3927);
#3926 = CARTESIAN_POINT('',(-0.25,-5.75,-2.8));
#3927 = VECTOR('',#3928,1.);
#3928 = DIRECTION('',(0.,0.,1.));
#3929 = ORIENTED_EDGE('',*,*,#2377,.F.);
#3930 = PLANE('',#3931);
#3931 = AXIS2_PLACEMENT_3D('',#3932,#3933,#3934);
#3932 = CARTESIAN_POINT('',(-0.25,-5.75,-2.8));
#3933 = DIRECTION('',(0.,1.,0.));
#3934 = DIRECTION('',(0.,-0.,1.));
#3935 = ADVANCED_FACE('',(#3936),#3947,.F.);
#3936 = FACE_BOUND('',#3937,.F.);
#3937 = EDGE_LOOP('',(#3938,#3939,#3945,#3946));
#3938 = ORIENTED_EDGE('',*,*,#3876,.F.);
#3939 = ORIENTED_EDGE('',*,*,#3940,.T.);
#3940 = EDGE_CURVE('',#3869,#3917,#3941,.T.);
#3941 = LINE('',#3942,#3943);
#3942 = CARTESIAN_POINT('',(-0.25,-6.25,-2.675));
#3943 = VECTOR('',#3944,1.);
#3944 = DIRECTION('',(0.,1.,0.));
#3945 = ORIENTED_EDGE('',*,*,#3924,.T.);
#3946 = ORIENTED_EDGE('',*,*,#2369,.F.);
#3947 = PLANE('',#3948);
#3948 = AXIS2_PLACEMENT_3D('',#3949,#3950,#3951);
#3949 = CARTESIAN_POINT('',(-0.25,-6.25,-2.8));
#3950 = DIRECTION('',(1.,0.,0.));
#3951 = DIRECTION('',(0.,0.,1.));
#3952 = ADVANCED_FACE('',(#3953),#3978,.T.);
#3953 = FACE_BOUND('',#3954,.T.);
#3954 = EDGE_LOOP('',(#3955,#3963,#3971,#3977));
#3955 = ORIENTED_EDGE('',*,*,#3956,.F.);
#3956 = EDGE_CURVE('',#3957,#2394,#3959,.T.);
#3957 = VERTEX_POINT('',#3958);
#3958 = CARTESIAN_POINT('',(2.25,-5.75,-2.675));
#3959 = LINE('',#3960,#3961);
#3960 = CARTESIAN_POINT('',(2.25,-5.75,-2.8));
#3961 = VECTOR('',#3962,1.);
#3962 = DIRECTION('',(0.,0.,1.));
#3963 = ORIENTED_EDGE('',*,*,#3964,.F.);
#3964 = EDGE_CURVE('',#3965,#3957,#3967,.T.);
#3965 = VERTEX_POINT('',#3966);
#3966 = CARTESIAN_POINT('',(1.75,-5.75,-2.675));
#3967 = LINE('',#3968,#3969);
#3968 = CARTESIAN_POINT('',(1.75,-5.75,-2.675));
#3969 = VECTOR('',#3970,1.);
#3970 = DIRECTION('',(1.,0.,0.));
#3971 = ORIENTED_EDGE('',*,*,#3972,.T.);
#3972 = EDGE_CURVE('',#3965,#2396,#3973,.T.);
#3973 = LINE('',#3974,#3975);
#3974 = CARTESIAN_POINT('',(1.75,-5.75,-2.8));
#3975 = VECTOR('',#3976,1.);
#3976 = DIRECTION('',(0.,0.,1.));
#3977 = ORIENTED_EDGE('',*,*,#2393,.F.);
#3978 = PLANE('',#3979);
#3979 = AXIS2_PLACEMENT_3D('',#3980,#3981,#3982);
#3980 = CARTESIAN_POINT('',(1.75,-5.75,-2.8));
#3981 = DIRECTION('',(0.,1.,0.));
#3982 = DIRECTION('',(0.,-0.,1.));
#3983 = ADVANCED_FACE('',(#3984),#4002,.F.);
#3984 = FACE_BOUND('',#3985,.F.);
#3985 = EDGE_LOOP('',(#3986,#3994,#4000,#4001));
#3986 = ORIENTED_EDGE('',*,*,#3987,.F.);
#3987 = EDGE_CURVE('',#3988,#2412,#3990,.T.);
#3988 = VERTEX_POINT('',#3989);
#3989 = CARTESIAN_POINT('',(1.75,-6.25,-2.675));
#3990 = LINE('',#3991,#3992);
#3991 = CARTESIAN_POINT('',(1.75,-6.25,-2.8));
#3992 = VECTOR('',#3993,1.);
#3993 = DIRECTION('',(0.,0.,1.));
#3994 = ORIENTED_EDGE('',*,*,#3995,.T.);
#3995 = EDGE_CURVE('',#3988,#3965,#3996,.T.);
#3996 = LINE('',#3997,#3998);
#3997 = CARTESIAN_POINT('',(1.75,-6.25,-2.675));
#3998 = VECTOR('',#3999,1.);
#3999 = DIRECTION('',(0.,1.,0.));
#4000 = ORIENTED_EDGE('',*,*,#3972,.T.);
#4001 = ORIENTED_EDGE('',*,*,#2419,.F.);
#4002 = PLANE('',#4003);
#4003 = AXIS2_PLACEMENT_3D('',#4004,#4005,#4006);
#4004 = CARTESIAN_POINT('',(1.75,-6.25,-2.8));
#4005 = DIRECTION('',(1.,0.,0.));
#4006 = DIRECTION('',(0.,0.,1.));
#4007 = ADVANCED_FACE('',(#4008),#4026,.F.);
#4008 = FACE_BOUND('',#4009,.F.);
#4009 = EDGE_LOOP('',(#4010,#4018,#4024,#4025));
#4010 = ORIENTED_EDGE('',*,*,#4011,.F.);
#4011 = EDGE_CURVE('',#4012,#2404,#4014,.T.);
#4012 = VERTEX_POINT('',#4013);
#4013 = CARTESIAN_POINT('',(2.25,-6.25,-2.675));
#4014 = LINE('',#4015,#4016);
#4015 = CARTESIAN_POINT('',(2.25,-6.25,-2.8));
#4016 = VECTOR('',#4017,1.);
#4017 = DIRECTION('',(0.,0.,1.));
#4018 = ORIENTED_EDGE('',*,*,#4019,.F.);
#4019 = EDGE_CURVE('',#3988,#4012,#4020,.T.);
#4020 = LINE('',#4021,#4022);
#4021 = CARTESIAN_POINT('',(1.75,-6.25,-2.675));
#4022 = VECTOR('',#4023,1.);
#4023 = DIRECTION('',(1.,0.,0.));
#4024 = ORIENTED_EDGE('',*,*,#3987,.T.);
#4025 = ORIENTED_EDGE('',*,*,#2411,.F.);
#4026 = PLANE('',#4027);
#4027 = AXIS2_PLACEMENT_3D('',#4028,#4029,#4030);
#4028 = CARTESIAN_POINT('',(1.75,-6.25,-2.8));
#4029 = DIRECTION('',(0.,1.,0.));
#4030 = DIRECTION('',(0.,-0.,1.));
#4031 = ADVANCED_FACE('',(#4032),#4043,.T.);
#4032 = FACE_BOUND('',#4033,.T.);
#4033 = EDGE_LOOP('',(#4034,#4035,#4041,#4042));
#4034 = ORIENTED_EDGE('',*,*,#4011,.F.);
#4035 = ORIENTED_EDGE('',*,*,#4036,.T.);
#4036 = EDGE_CURVE('',#4012,#3957,#4037,.T.);
#4037 = LINE('',#4038,#4039);
#4038 = CARTESIAN_POINT('',(2.25,-6.25,-2.675));
#4039 = VECTOR('',#4040,1.);
#4040 = DIRECTION('',(0.,1.,0.));
#4041 = ORIENTED_EDGE('',*,*,#3956,.T.);
#4042 = ORIENTED_EDGE('',*,*,#2403,.F.);
#4043 = PLANE('',#4044);
#4044 = AXIS2_PLACEMENT_3D('',#4045,#4046,#4047);
#4045 = CARTESIAN_POINT('',(2.25,-6.25,-2.8));
#4046 = DIRECTION('',(1.,0.,0.));
#4047 = DIRECTION('',(0.,0.,1.));
#4048 = ADVANCED_FACE('',(#4049),#4074,.T.);
#4049 = FACE_BOUND('',#4050,.T.);
#4050 = EDGE_LOOP('',(#4051,#4059,#4060,#4068));
#4051 = ORIENTED_EDGE('',*,*,#4052,.F.);
#4052 = EDGE_CURVE('',#2621,#4053,#4055,.T.);
#4053 = VERTEX_POINT('',#4054);
#4054 = CARTESIAN_POINT('',(2.25,-3.75,5.875));
#4055 = LINE('',#4056,#4057);
#4056 = CARTESIAN_POINT('',(2.25,-3.75,-2.8));
#4057 = VECTOR('',#4058,1.);
#4058 = DIRECTION('',(0.,0.,1.));
#4059 = ORIENTED_EDGE('',*,*,#2620,.T.);
#4060 = ORIENTED_EDGE('',*,*,#4061,.T.);
#4061 = EDGE_CURVE('',#2623,#4062,#4064,.T.);
#4062 = VERTEX_POINT('',#4063);
#4063 = CARTESIAN_POINT('',(1.75,-3.75,5.875));
#4064 = LINE('',#4065,#4066);
#4065 = CARTESIAN_POINT('',(1.75,-3.75,-2.8));
#4066 = VECTOR('',#4067,1.);
#4067 = DIRECTION('',(0.,0.,1.));
#4068 = ORIENTED_EDGE('',*,*,#4069,.T.);
#4069 = EDGE_CURVE('',#4062,#4053,#4070,.T.);
#4070 = LINE('',#4071,#4072);
#4071 = CARTESIAN_POINT('',(1.75,-3.75,5.875));
#4072 = VECTOR('',#4073,1.);
#4073 = DIRECTION('',(1.,0.,0.));
#4074 = PLANE('',#4075);
#4075 = AXIS2_PLACEMENT_3D('',#4076,#4077,#4078);
#4076 = CARTESIAN_POINT('',(1.75,-3.75,-2.8));
#4077 = DIRECTION('',(0.,1.,0.));
#4078 = DIRECTION('',(0.,-0.,1.));
#4079 = ADVANCED_FACE('',(#4080),#4098,.F.);
#4080 = FACE_BOUND('',#4081,.F.);
#4081 = EDGE_LOOP('',(#4082,#4090,#4091,#4092));
#4082 = ORIENTED_EDGE('',*,*,#4083,.F.);
#4083 = EDGE_CURVE('',#2639,#4084,#4086,.T.);
#4084 = VERTEX_POINT('',#4085);
#4085 = CARTESIAN_POINT('',(1.75,-4.25,5.875));
#4086 = LINE('',#4087,#4088);
#4087 = CARTESIAN_POINT('',(1.75,-4.25,-2.8));
#4088 = VECTOR('',#4089,1.);
#4089 = DIRECTION('',(0.,0.,1.));
#4090 = ORIENTED_EDGE('',*,*,#2646,.T.);
#4091 = ORIENTED_EDGE('',*,*,#4061,.T.);
#4092 = ORIENTED_EDGE('',*,*,#4093,.F.);
#4093 = EDGE_CURVE('',#4084,#4062,#4094,.T.);
#4094 = LINE('',#4095,#4096);
#4095 = CARTESIAN_POINT('',(1.75,-4.25,5.875));
#4096 = VECTOR('',#4097,1.);
#4097 = DIRECTION('',(0.,1.,0.));
#4098 = PLANE('',#4099);
#4099 = AXIS2_PLACEMENT_3D('',#4100,#4101,#4102);
#4100 = CARTESIAN_POINT('',(1.75,-4.25,-2.8));
#4101 = DIRECTION('',(1.,0.,0.));
#4102 = DIRECTION('',(0.,0.,1.));
#4103 = ADVANCED_FACE('',(#4104),#4122,.F.);
#4104 = FACE_BOUND('',#4105,.F.);
#4105 = EDGE_LOOP('',(#4106,#4114,#4115,#4116));
#4106 = ORIENTED_EDGE('',*,*,#4107,.F.);
#4107 = EDGE_CURVE('',#2631,#4108,#4110,.T.);
#4108 = VERTEX_POINT('',#4109);
#4109 = CARTESIAN_POINT('',(2.25,-4.25,5.875));
#4110 = LINE('',#4111,#4112);
#4111 = CARTESIAN_POINT('',(2.25,-4.25,-2.8));
#4112 = VECTOR('',#4113,1.);
#4113 = DIRECTION('',(0.,0.,1.));
#4114 = ORIENTED_EDGE('',*,*,#2638,.T.);
#4115 = ORIENTED_EDGE('',*,*,#4083,.T.);
#4116 = ORIENTED_EDGE('',*,*,#4117,.T.);
#4117 = EDGE_CURVE('',#4084,#4108,#4118,.T.);
#4118 = LINE('',#4119,#4120);
#4119 = CARTESIAN_POINT('',(1.75,-4.25,5.875));
#4120 = VECTOR('',#4121,1.);
#4121 = DIRECTION('',(1.,0.,0.));
#4122 = PLANE('',#4123);
#4123 = AXIS2_PLACEMENT_3D('',#4124,#4125,#4126);
#4124 = CARTESIAN_POINT('',(1.75,-4.25,-2.8));
#4125 = DIRECTION('',(0.,1.,0.));
#4126 = DIRECTION('',(0.,-0.,1.));
#4127 = ADVANCED_FACE('',(#4128),#4139,.T.);
#4128 = FACE_BOUND('',#4129,.T.);
#4129 = EDGE_LOOP('',(#4130,#4131,#4132,#4133));
#4130 = ORIENTED_EDGE('',*,*,#4107,.F.);
#4131 = ORIENTED_EDGE('',*,*,#2630,.T.);
#4132 = ORIENTED_EDGE('',*,*,#4052,.T.);
#4133 = ORIENTED_EDGE('',*,*,#4134,.F.);
#4134 = EDGE_CURVE('',#4108,#4053,#4135,.T.);
#4135 = LINE('',#4136,#4137);
#4136 = CARTESIAN_POINT('',(2.25,-4.25,5.875));
#4137 = VECTOR('',#4138,1.);
#4138 = DIRECTION('',(0.,1.,0.));
#4139 = PLANE('',#4140);
#4140 = AXIS2_PLACEMENT_3D('',#4141,#4142,#4143);
#4141 = CARTESIAN_POINT('',(2.25,-4.25,-2.8));
#4142 = DIRECTION('',(1.,0.,0.));
#4143 = DIRECTION('',(0.,0.,1.));
#4144 = ADVANCED_FACE('',(#4145),#4170,.T.);
#4145 = FACE_BOUND('',#4146,.T.);
#4146 = EDGE_LOOP('',(#4147,#4155,#4156,#4164));
#4147 = ORIENTED_EDGE('',*,*,#4148,.F.);
#4148 = EDGE_CURVE('',#2655,#4149,#4151,.T.);
#4149 = VERTEX_POINT('',#4150);
#4150 = CARTESIAN_POINT('',(0.25,-4.25,5.875));
#4151 = LINE('',#4152,#4153);
#4152 = CARTESIAN_POINT('',(0.25,-4.25,-2.8));
#4153 = VECTOR('',#4154,1.);
#4154 = DIRECTION('',(0.,0.,1.));
#4155 = ORIENTED_EDGE('',*,*,#2654,.T.);
#4156 = ORIENTED_EDGE('',*,*,#4157,.T.);
#4157 = EDGE_CURVE('',#2657,#4158,#4160,.T.);
#4158 = VERTEX_POINT('',#4159);
#4159 = CARTESIAN_POINT('',(0.25,-3.75,5.875));
#4160 = LINE('',#4161,#4162);
#4161 = CARTESIAN_POINT('',(0.25,-3.75,-2.8));
#4162 = VECTOR('',#4163,1.);
#4163 = DIRECTION('',(0.,0.,1.));
#4164 = ORIENTED_EDGE('',*,*,#4165,.F.);
#4165 = EDGE_CURVE('',#4149,#4158,#4166,.T.);
#4166 = LINE('',#4167,#4168);
#4167 = CARTESIAN_POINT('',(0.25,-4.25,5.875));
#4168 = VECTOR('',#4169,1.);
#4169 = DIRECTION('',(0.,1.,0.));
#4170 = PLANE('',#4171);
#4171 = AXIS2_PLACEMENT_3D('',#4172,#4173,#4174);
#4172 = CARTESIAN_POINT('',(0.25,-4.25,-2.8));
#4173 = DIRECTION('',(1.,0.,0.));
#4174 = DIRECTION('',(0.,0.,1.));
#4175 = ADVANCED_FACE('',(#4176),#4194,.T.);
#4176 = FACE_BOUND('',#4177,.T.);
#4177 = EDGE_LOOP('',(#4178,#4179,#4180,#4188));
#4178 = ORIENTED_EDGE('',*,*,#4157,.F.);
#4179 = ORIENTED_EDGE('',*,*,#2680,.T.);
#4180 = ORIENTED_EDGE('',*,*,#4181,.T.);
#4181 = EDGE_CURVE('',#2673,#4182,#4184,.T.);
#4182 = VERTEX_POINT('',#4183);
#4183 = CARTESIAN_POINT('',(-0.25,-3.75,5.875));
#4184 = LINE('',#4185,#4186);
#4185 = CARTESIAN_POINT('',(-0.25,-3.75,-2.8));
#4186 = VECTOR('',#4187,1.);
#4187 = DIRECTION('',(0.,0.,1.));
#4188 = ORIENTED_EDGE('',*,*,#4189,.T.);
#4189 = EDGE_CURVE('',#4182,#4158,#4190,.T.);
#4190 = LINE('',#4191,#4192);
#4191 = CARTESIAN_POINT('',(-0.25,-3.75,5.875));
#4192 = VECTOR('',#4193,1.);
#4193 = DIRECTION('',(1.,0.,0.));
#4194 = PLANE('',#4195);
#4195 = AXIS2_PLACEMENT_3D('',#4196,#4197,#4198);
#4196 = CARTESIAN_POINT('',(-0.25,-3.75,-2.8));
#4197 = DIRECTION('',(0.,1.,0.));
#4198 = DIRECTION('',(0.,-0.,1.));
#4199 = ADVANCED_FACE('',(#4200),#4218,.F.);
#4200 = FACE_BOUND('',#4201,.F.);
#4201 = EDGE_LOOP('',(#4202,#4210,#4211,#4212));
#4202 = ORIENTED_EDGE('',*,*,#4203,.F.);
#4203 = EDGE_CURVE('',#2665,#4204,#4206,.T.);
#4204 = VERTEX_POINT('',#4205);
#4205 = CARTESIAN_POINT('',(-0.25,-4.25,5.875));
#4206 = LINE('',#4207,#4208);
#4207 = CARTESIAN_POINT('',(-0.25,-4.25,-2.8));
#4208 = VECTOR('',#4209,1.);
#4209 = DIRECTION('',(0.,0.,1.));
#4210 = ORIENTED_EDGE('',*,*,#2672,.T.);
#4211 = ORIENTED_EDGE('',*,*,#4181,.T.);
#4212 = ORIENTED_EDGE('',*,*,#4213,.F.);
#4213 = EDGE_CURVE('',#4204,#4182,#4214,.T.);
#4214 = LINE('',#4215,#4216);
#4215 = CARTESIAN_POINT('',(-0.25,-4.25,5.875));
#4216 = VECTOR('',#4217,1.);
#4217 = DIRECTION('',(0.,1.,0.));
#4218 = PLANE('',#4219);
#4219 = AXIS2_PLACEMENT_3D('',#4220,#4221,#4222);
#4220 = CARTESIAN_POINT('',(-0.25,-4.25,-2.8));
#4221 = DIRECTION('',(1.,0.,0.));
#4222 = DIRECTION('',(0.,0.,1.));
#4223 = ADVANCED_FACE('',(#4224),#4235,.F.);
#4224 = FACE_BOUND('',#4225,.F.);
#4225 = EDGE_LOOP('',(#4226,#4227,#4228,#4229));
#4226 = ORIENTED_EDGE('',*,*,#4148,.F.);
#4227 = ORIENTED_EDGE('',*,*,#2664,.T.);
#4228 = ORIENTED_EDGE('',*,*,#4203,.T.);
#4229 = ORIENTED_EDGE('',*,*,#4230,.T.);
#4230 = EDGE_CURVE('',#4204,#4149,#4231,.T.);
#4231 = LINE('',#4232,#4233);
#4232 = CARTESIAN_POINT('',(-0.25,-4.25,5.875));
#4233 = VECTOR('',#4234,1.);
#4234 = DIRECTION('',(1.,0.,0.));
#4235 = PLANE('',#4236);
#4236 = AXIS2_PLACEMENT_3D('',#4237,#4238,#4239);
#4237 = CARTESIAN_POINT('',(-0.25,-4.25,-2.8));
#4238 = DIRECTION('',(0.,1.,0.));
#4239 = DIRECTION('',(0.,-0.,1.));
#4240 = ADVANCED_FACE('',(#4241),#4266,.T.);
#4241 = FACE_BOUND('',#4242,.T.);
#4242 = EDGE_LOOP('',(#4243,#4251,#4252,#4260));
#4243 = ORIENTED_EDGE('',*,*,#4244,.F.);
#4244 = EDGE_CURVE('',#2689,#4245,#4247,.T.);
#4245 = VERTEX_POINT('',#4246);
#4246 = CARTESIAN_POINT('',(0.25,0.25,5.875));
#4247 = LINE('',#4248,#4249);
#4248 = CARTESIAN_POINT('',(0.25,0.25,-2.8));
#4249 = VECTOR('',#4250,1.);
#4250 = DIRECTION('',(0.,0.,1.));
#4251 = ORIENTED_EDGE('',*,*,#2688,.T.);
#4252 = ORIENTED_EDGE('',*,*,#4253,.T.);
#4253 = EDGE_CURVE('',#2691,#4254,#4256,.T.);
#4254 = VERTEX_POINT('',#4255);
#4255 = CARTESIAN_POINT('',(-0.25,0.25,5.875));
#4256 = LINE('',#4257,#4258);
#4257 = CARTESIAN_POINT('',(-0.25,0.25,-2.8));
#4258 = VECTOR('',#4259,1.);
#4259 = DIRECTION('',(0.,0.,1.));
#4260 = ORIENTED_EDGE('',*,*,#4261,.T.);
#4261 = EDGE_CURVE('',#4254,#4245,#4262,.T.);
#4262 = LINE('',#4263,#4264);
#4263 = CARTESIAN_POINT('',(-0.25,0.25,5.875));
#4264 = VECTOR('',#4265,1.);
#4265 = DIRECTION('',(1.,0.,0.));
#4266 = PLANE('',#4267);
#4267 = AXIS2_PLACEMENT_3D('',#4268,#4269,#4270);
#4268 = CARTESIAN_POINT('',(-0.25,0.25,-2.8));
#4269 = DIRECTION('',(0.,1.,0.));
#4270 = DIRECTION('',(0.,-0.,1.));
#4271 = ADVANCED_FACE('',(#4272),#4290,.F.);
#4272 = FACE_BOUND('',#4273,.F.);
#4273 = EDGE_LOOP('',(#4274,#4282,#4283,#4284));
#4274 = ORIENTED_EDGE('',*,*,#4275,.F.);
#4275 = EDGE_CURVE('',#2707,#4276,#4278,.T.);
#4276 = VERTEX_POINT('',#4277);
#4277 = CARTESIAN_POINT('',(-0.25,-0.25,5.875));
#4278 = LINE('',#4279,#4280);
#4279 = CARTESIAN_POINT('',(-0.25,-0.25,-2.8));
#4280 = VECTOR('',#4281,1.);
#4281 = DIRECTION('',(0.,0.,1.));
#4282 = ORIENTED_EDGE('',*,*,#2714,.T.);
#4283 = ORIENTED_EDGE('',*,*,#4253,.T.);
#4284 = ORIENTED_EDGE('',*,*,#4285,.F.);
#4285 = EDGE_CURVE('',#4276,#4254,#4286,.T.);
#4286 = LINE('',#4287,#4288);
#4287 = CARTESIAN_POINT('',(-0.25,-0.25,5.875));
#4288 = VECTOR('',#4289,1.);
#4289 = DIRECTION('',(0.,1.,0.));
#4290 = PLANE('',#4291);
#4291 = AXIS2_PLACEMENT_3D('',#4292,#4293,#4294);
#4292 = CARTESIAN_POINT('',(-0.25,-0.25,-2.8));
#4293 = DIRECTION('',(1.,0.,0.));
#4294 = DIRECTION('',(0.,0.,1.));
#4295 = ADVANCED_FACE('',(#4296),#4314,.F.);
#4296 = FACE_BOUND('',#4297,.F.);
#4297 = EDGE_LOOP('',(#4298,#4306,#4307,#4308));
#4298 = ORIENTED_EDGE('',*,*,#4299,.F.);
#4299 = EDGE_CURVE('',#2699,#4300,#4302,.T.);
#4300 = VERTEX_POINT('',#4301);
#4301 = CARTESIAN_POINT('',(0.25,-0.25,5.875));
#4302 = LINE('',#4303,#4304);
#4303 = CARTESIAN_POINT('',(0.25,-0.25,-2.8));
#4304 = VECTOR('',#4305,1.);
#4305 = DIRECTION('',(0.,0.,1.));
#4306 = ORIENTED_EDGE('',*,*,#2706,.T.);
#4307 = ORIENTED_EDGE('',*,*,#4275,.T.);
#4308 = ORIENTED_EDGE('',*,*,#4309,.T.);
#4309 = EDGE_CURVE('',#4276,#4300,#4310,.T.);
#4310 = LINE('',#4311,#4312);
#4311 = CARTESIAN_POINT('',(-0.25,-0.25,5.875));
#4312 = VECTOR('',#4313,1.);
#4313 = DIRECTION('',(1.,0.,0.));
#4314 = PLANE('',#4315);
#4315 = AXIS2_PLACEMENT_3D('',#4316,#4317,#4318);
#4316 = CARTESIAN_POINT('',(-0.25,-0.25,-2.8));
#4317 = DIRECTION('',(0.,1.,0.));
#4318 = DIRECTION('',(0.,-0.,1.));
#4319 = ADVANCED_FACE('',(#4320),#4331,.T.);
#4320 = FACE_BOUND('',#4321,.T.);
#4321 = EDGE_LOOP('',(#4322,#4323,#4324,#4325));
#4322 = ORIENTED_EDGE('',*,*,#4299,.F.);
#4323 = ORIENTED_EDGE('',*,*,#2698,.T.);
#4324 = ORIENTED_EDGE('',*,*,#4244,.T.);
#4325 = ORIENTED_EDGE('',*,*,#4326,.F.);
#4326 = EDGE_CURVE('',#4300,#4245,#4327,.T.);
#4327 = LINE('',#4328,#4329);
#4328 = CARTESIAN_POINT('',(0.25,-0.25,5.875));
#4329 = VECTOR('',#4330,1.);
#4330 = DIRECTION('',(0.,1.,0.));
#4331 = PLANE('',#4332);
#4332 = AXIS2_PLACEMENT_3D('',#4333,#4334,#4335);
#4333 = CARTESIAN_POINT('',(0.25,-0.25,-2.8));
#4334 = DIRECTION('',(1.,0.,0.));
#4335 = DIRECTION('',(0.,0.,1.));
#4336 = ADVANCED_FACE('',(#4337),#4362,.T.);
#4337 = FACE_BOUND('',#4338,.T.);
#4338 = EDGE_LOOP('',(#4339,#4347,#4348,#4356));
#4339 = ORIENTED_EDGE('',*,*,#4340,.F.);
#4340 = EDGE_CURVE('',#2723,#4341,#4343,.T.);
#4341 = VERTEX_POINT('',#4342);
#4342 = CARTESIAN_POINT('',(0.25,-2.25,5.875));
#4343 = LINE('',#4344,#4345);
#4344 = CARTESIAN_POINT('',(0.25,-2.25,-2.8));
#4345 = VECTOR('',#4346,1.);
#4346 = DIRECTION('',(0.,0.,1.));
#4347 = ORIENTED_EDGE('',*,*,#2722,.T.);
#4348 = ORIENTED_EDGE('',*,*,#4349,.T.);
#4349 = EDGE_CURVE('',#2725,#4350,#4352,.T.);
#4350 = VERTEX_POINT('',#4351);
#4351 = CARTESIAN_POINT('',(0.25,-1.75,5.875));
#4352 = LINE('',#4353,#4354);
#4353 = CARTESIAN_POINT('',(0.25,-1.75,-2.8));
#4354 = VECTOR('',#4355,1.);
#4355 = DIRECTION('',(0.,0.,1.));
#4356 = ORIENTED_EDGE('',*,*,#4357,.F.);
#4357 = EDGE_CURVE('',#4341,#4350,#4358,.T.);
#4358 = LINE('',#4359,#4360);
#4359 = CARTESIAN_POINT('',(0.25,-2.25,5.875));
#4360 = VECTOR('',#4361,1.);
#4361 = DIRECTION('',(0.,1.,0.));
#4362 = PLANE('',#4363);
#4363 = AXIS2_PLACEMENT_3D('',#4364,#4365,#4366);
#4364 = CARTESIAN_POINT('',(0.25,-2.25,-2.8));
#4365 = DIRECTION('',(1.,0.,0.));
#4366 = DIRECTION('',(0.,0.,1.));
#4367 = ADVANCED_FACE('',(#4368),#4386,.T.);
#4368 = FACE_BOUND('',#4369,.T.);
#4369 = EDGE_LOOP('',(#4370,#4371,#4372,#4380));
#4370 = ORIENTED_EDGE('',*,*,#4349,.F.);
#4371 = ORIENTED_EDGE('',*,*,#2748,.T.);
#4372 = ORIENTED_EDGE('',*,*,#4373,.T.);
#4373 = EDGE_CURVE('',#2741,#4374,#4376,.T.);
#4374 = VERTEX_POINT('',#4375);
#4375 = CARTESIAN_POINT('',(-0.25,-1.75,5.875));
#4376 = LINE('',#4377,#4378);
#4377 = CARTESIAN_POINT('',(-0.25,-1.75,-2.8));
#4378 = VECTOR('',#4379,1.);
#4379 = DIRECTION('',(0.,0.,1.));
#4380 = ORIENTED_EDGE('',*,*,#4381,.T.);
#4381 = EDGE_CURVE('',#4374,#4350,#4382,.T.);
#4382 = LINE('',#4383,#4384);
#4383 = CARTESIAN_POINT('',(-0.25,-1.75,5.875));
#4384 = VECTOR('',#4385,1.);
#4385 = DIRECTION('',(1.,0.,0.));
#4386 = PLANE('',#4387);
#4387 = AXIS2_PLACEMENT_3D('',#4388,#4389,#4390);
#4388 = CARTESIAN_POINT('',(-0.25,-1.75,-2.8));
#4389 = DIRECTION('',(0.,1.,0.));
#4390 = DIRECTION('',(0.,-0.,1.));
#4391 = ADVANCED_FACE('',(#4392),#4410,.F.);
#4392 = FACE_BOUND('',#4393,.F.);
#4393 = EDGE_LOOP('',(#4394,#4402,#4403,#4404));
#4394 = ORIENTED_EDGE('',*,*,#4395,.F.);
#4395 = EDGE_CURVE('',#2733,#4396,#4398,.T.);
#4396 = VERTEX_POINT('',#4397);
#4397 = CARTESIAN_POINT('',(-0.25,-2.25,5.875));
#4398 = LINE('',#4399,#4400);
#4399 = CARTESIAN_POINT('',(-0.25,-2.25,-2.8));
#4400 = VECTOR('',#4401,1.);
#4401 = DIRECTION('',(0.,0.,1.));
#4402 = ORIENTED_EDGE('',*,*,#2740,.T.);
#4403 = ORIENTED_EDGE('',*,*,#4373,.T.);
#4404 = ORIENTED_EDGE('',*,*,#4405,.F.);
#4405 = EDGE_CURVE('',#4396,#4374,#4406,.T.);
#4406 = LINE('',#4407,#4408);
#4407 = CARTESIAN_POINT('',(-0.25,-2.25,5.875));
#4408 = VECTOR('',#4409,1.);
#4409 = DIRECTION('',(0.,1.,0.));
#4410 = PLANE('',#4411);
#4411 = AXIS2_PLACEMENT_3D('',#4412,#4413,#4414);
#4412 = CARTESIAN_POINT('',(-0.25,-2.25,-2.8));
#4413 = DIRECTION('',(1.,0.,0.));
#4414 = DIRECTION('',(0.,0.,1.));
#4415 = ADVANCED_FACE('',(#4416),#4427,.F.);
#4416 = FACE_BOUND('',#4417,.F.);
#4417 = EDGE_LOOP('',(#4418,#4419,#4420,#4421));
#4418 = ORIENTED_EDGE('',*,*,#4340,.F.);
#4419 = ORIENTED_EDGE('',*,*,#2732,.T.);
#4420 = ORIENTED_EDGE('',*,*,#4395,.T.);
#4421 = ORIENTED_EDGE('',*,*,#4422,.T.);
#4422 = EDGE_CURVE('',#4396,#4341,#4423,.T.);
#4423 = LINE('',#4424,#4425);
#4424 = CARTESIAN_POINT('',(-0.25,-2.25,5.875));
#4425 = VECTOR('',#4426,1.);
#4426 = DIRECTION('',(1.,0.,0.));
#4427 = PLANE('',#4428);
#4428 = AXIS2_PLACEMENT_3D('',#4429,#4430,#4431);
#4429 = CARTESIAN_POINT('',(-0.25,-2.25,-2.8));
#4430 = DIRECTION('',(0.,1.,0.));
#4431 = DIRECTION('',(0.,-0.,1.));
#4432 = ADVANCED_FACE('',(#4433),#4458,.T.);
#4433 = FACE_BOUND('',#4434,.T.);
#4434 = EDGE_LOOP('',(#4435,#4443,#4444,#4452));
#4435 = ORIENTED_EDGE('',*,*,#4436,.F.);
#4436 = EDGE_CURVE('',#2757,#4437,#4439,.T.);
#4437 = VERTEX_POINT('',#4438);
#4438 = CARTESIAN_POINT('',(2.25,0.25,5.875));
#4439 = LINE('',#4440,#4441);
#4440 = CARTESIAN_POINT('',(2.25,0.25,-2.8));
#4441 = VECTOR('',#4442,1.);
#4442 = DIRECTION('',(0.,0.,1.));
#4443 = ORIENTED_EDGE('',*,*,#2756,.T.);
#4444 = ORIENTED_EDGE('',*,*,#4445,.T.);
#4445 = EDGE_CURVE('',#2759,#4446,#4448,.T.);
#4446 = VERTEX_POINT('',#4447);
#4447 = CARTESIAN_POINT('',(1.75,0.25,5.875));
#4448 = LINE('',#4449,#4450);
#4449 = CARTESIAN_POINT('',(1.75,0.25,-2.8));
#4450 = VECTOR('',#4451,1.);
#4451 = DIRECTION('',(0.,0.,1.));
#4452 = ORIENTED_EDGE('',*,*,#4453,.T.);
#4453 = EDGE_CURVE('',#4446,#4437,#4454,.T.);
#4454 = LINE('',#4455,#4456);
#4455 = CARTESIAN_POINT('',(1.75,0.25,5.875));
#4456 = VECTOR('',#4457,1.);
#4457 = DIRECTION('',(1.,0.,0.));
#4458 = PLANE('',#4459);
#4459 = AXIS2_PLACEMENT_3D('',#4460,#4461,#4462);
#4460 = CARTESIAN_POINT('',(1.75,0.25,-2.8));
#4461 = DIRECTION('',(0.,1.,0.));
#4462 = DIRECTION('',(0.,-0.,1.));
#4463 = ADVANCED_FACE('',(#4464),#4482,.F.);
#4464 = FACE_BOUND('',#4465,.F.);
#4465 = EDGE_LOOP('',(#4466,#4474,#4475,#4476));
#4466 = ORIENTED_EDGE('',*,*,#4467,.F.);
#4467 = EDGE_CURVE('',#2775,#4468,#4470,.T.);
#4468 = VERTEX_POINT('',#4469);
#4469 = CARTESIAN_POINT('',(1.75,-0.25,5.875));
#4470 = LINE('',#4471,#4472);
#4471 = CARTESIAN_POINT('',(1.75,-0.25,-2.8));
#4472 = VECTOR('',#4473,1.);
#4473 = DIRECTION('',(0.,0.,1.));
#4474 = ORIENTED_EDGE('',*,*,#2782,.T.);
#4475 = ORIENTED_EDGE('',*,*,#4445,.T.);
#4476 = ORIENTED_EDGE('',*,*,#4477,.F.);
#4477 = EDGE_CURVE('',#4468,#4446,#4478,.T.);
#4478 = LINE('',#4479,#4480);
#4479 = CARTESIAN_POINT('',(1.75,-0.25,5.875));
#4480 = VECTOR('',#4481,1.);
#4481 = DIRECTION('',(0.,1.,0.));
#4482 = PLANE('',#4483);
#4483 = AXIS2_PLACEMENT_3D('',#4484,#4485,#4486);
#4484 = CARTESIAN_POINT('',(1.75,-0.25,-2.8));
#4485 = DIRECTION('',(1.,0.,0.));
#4486 = DIRECTION('',(0.,0.,1.));
#4487 = ADVANCED_FACE('',(#4488),#4506,.F.);
#4488 = FACE_BOUND('',#4489,.F.);
#4489 = EDGE_LOOP('',(#4490,#4498,#4499,#4500));
#4490 = ORIENTED_EDGE('',*,*,#4491,.F.);
#4491 = EDGE_CURVE('',#2767,#4492,#4494,.T.);
#4492 = VERTEX_POINT('',#4493);
#4493 = CARTESIAN_POINT('',(2.25,-0.25,5.875));
#4494 = LINE('',#4495,#4496);
#4495 = CARTESIAN_POINT('',(2.25,-0.25,-2.8));
#4496 = VECTOR('',#4497,1.);
#4497 = DIRECTION('',(0.,0.,1.));
#4498 = ORIENTED_EDGE('',*,*,#2774,.T.);
#4499 = ORIENTED_EDGE('',*,*,#4467,.T.);
#4500 = ORIENTED_EDGE('',*,*,#4501,.T.);
#4501 = EDGE_CURVE('',#4468,#4492,#4502,.T.);
#4502 = LINE('',#4503,#4504);
#4503 = CARTESIAN_POINT('',(1.75,-0.25,5.875));
#4504 = VECTOR('',#4505,1.);
#4505 = DIRECTION('',(1.,0.,0.));
#4506 = PLANE('',#4507);
#4507 = AXIS2_PLACEMENT_3D('',#4508,#4509,#4510);
#4508 = CARTESIAN_POINT('',(1.75,-0.25,-2.8));
#4509 = DIRECTION('',(0.,1.,0.));
#4510 = DIRECTION('',(0.,-0.,1.));
#4511 = ADVANCED_FACE('',(#4512),#4523,.T.);
#4512 = FACE_BOUND('',#4513,.T.);
#4513 = EDGE_LOOP('',(#4514,#4515,#4516,#4517));
#4514 = ORIENTED_EDGE('',*,*,#4491,.F.);
#4515 = ORIENTED_EDGE('',*,*,#2766,.T.);
#4516 = ORIENTED_EDGE('',*,*,#4436,.T.);
#4517 = ORIENTED_EDGE('',*,*,#4518,.F.);
#4518 = EDGE_CURVE('',#4492,#4437,#4519,.T.);
#4519 = LINE('',#4520,#4521);
#4520 = CARTESIAN_POINT('',(2.25,-0.25,5.875));
#4521 = VECTOR('',#4522,1.);
#4522 = DIRECTION('',(0.,1.,0.));
#4523 = PLANE('',#4524);
#4524 = AXIS2_PLACEMENT_3D('',#4525,#4526,#4527);
#4525 = CARTESIAN_POINT('',(2.25,-0.25,-2.8));
#4526 = DIRECTION('',(1.,0.,0.));
#4527 = DIRECTION('',(0.,0.,1.));
#4528 = ADVANCED_FACE('',(#4529),#4554,.T.);
#4529 = FACE_BOUND('',#4530,.T.);
#4530 = EDGE_LOOP('',(#4531,#4539,#4540,#4548));
#4531 = ORIENTED_EDGE('',*,*,#4532,.F.);
#4532 = EDGE_CURVE('',#2791,#4533,#4535,.T.);
#4533 = VERTEX_POINT('',#4534);
#4534 = CARTESIAN_POINT('',(2.25,-1.75,5.875));
#4535 = LINE('',#4536,#4537);
#4536 = CARTESIAN_POINT('',(2.25,-1.75,-2.8));
#4537 = VECTOR('',#4538,1.);
#4538 = DIRECTION('',(0.,0.,1.));
#4539 = ORIENTED_EDGE('',*,*,#2790,.T.);
#4540 = ORIENTED_EDGE('',*,*,#4541,.T.);
#4541 = EDGE_CURVE('',#2793,#4542,#4544,.T.);
#4542 = VERTEX_POINT('',#4543);
#4543 = CARTESIAN_POINT('',(1.75,-1.75,5.875));
#4544 = LINE('',#4545,#4546);
#4545 = CARTESIAN_POINT('',(1.75,-1.75,-2.8));
#4546 = VECTOR('',#4547,1.);
#4547 = DIRECTION('',(0.,0.,1.));
#4548 = ORIENTED_EDGE('',*,*,#4549,.T.);
#4549 = EDGE_CURVE('',#4542,#4533,#4550,.T.);
#4550 = LINE('',#4551,#4552);
#4551 = CARTESIAN_POINT('',(1.75,-1.75,5.875));
#4552 = VECTOR('',#4553,1.);
#4553 = DIRECTION('',(1.,0.,0.));
#4554 = PLANE('',#4555);
#4555 = AXIS2_PLACEMENT_3D('',#4556,#4557,#4558);
#4556 = CARTESIAN_POINT('',(1.75,-1.75,-2.8));
#4557 = DIRECTION('',(0.,1.,0.));
#4558 = DIRECTION('',(0.,-0.,1.));
#4559 = ADVANCED_FACE('',(#4560),#4578,.F.);
#4560 = FACE_BOUND('',#4561,.F.);
#4561 = EDGE_LOOP('',(#4562,#4570,#4571,#4572));
#4562 = ORIENTED_EDGE('',*,*,#4563,.F.);
#4563 = EDGE_CURVE('',#2809,#4564,#4566,.T.);
#4564 = VERTEX_POINT('',#4565);
#4565 = CARTESIAN_POINT('',(1.75,-2.25,5.875));
#4566 = LINE('',#4567,#4568);
#4567 = CARTESIAN_POINT('',(1.75,-2.25,-2.8));
#4568 = VECTOR('',#4569,1.);
#4569 = DIRECTION('',(0.,0.,1.));
#4570 = ORIENTED_EDGE('',*,*,#2816,.T.);
#4571 = ORIENTED_EDGE('',*,*,#4541,.T.);
#4572 = ORIENTED_EDGE('',*,*,#4573,.F.);
#4573 = EDGE_CURVE('',#4564,#4542,#4574,.T.);
#4574 = LINE('',#4575,#4576);
#4575 = CARTESIAN_POINT('',(1.75,-2.25,5.875));
#4576 = VECTOR('',#4577,1.);
#4577 = DIRECTION('',(0.,1.,0.));
#4578 = PLANE('',#4579);
#4579 = AXIS2_PLACEMENT_3D('',#4580,#4581,#4582);
#4580 = CARTESIAN_POINT('',(1.75,-2.25,-2.8));
#4581 = DIRECTION('',(1.,0.,0.));
#4582 = DIRECTION('',(0.,0.,1.));
#4583 = ADVANCED_FACE('',(#4584),#4602,.F.);
#4584 = FACE_BOUND('',#4585,.F.);
#4585 = EDGE_LOOP('',(#4586,#4594,#4595,#4596));
#4586 = ORIENTED_EDGE('',*,*,#4587,.F.);
#4587 = EDGE_CURVE('',#2801,#4588,#4590,.T.);
#4588 = VERTEX_POINT('',#4589);
#4589 = CARTESIAN_POINT('',(2.25,-2.25,5.875));
#4590 = LINE('',#4591,#4592);
#4591 = CARTESIAN_POINT('',(2.25,-2.25,-2.8));
#4592 = VECTOR('',#4593,1.);
#4593 = DIRECTION('',(0.,0.,1.));
#4594 = ORIENTED_EDGE('',*,*,#2808,.T.);
#4595 = ORIENTED_EDGE('',*,*,#4563,.T.);
#4596 = ORIENTED_EDGE('',*,*,#4597,.T.);
#4597 = EDGE_CURVE('',#4564,#4588,#4598,.T.);
#4598 = LINE('',#4599,#4600);
#4599 = CARTESIAN_POINT('',(1.75,-2.25,5.875));
#4600 = VECTOR('',#4601,1.);
#4601 = DIRECTION('',(1.,0.,0.));
#4602 = PLANE('',#4603);
#4603 = AXIS2_PLACEMENT_3D('',#4604,#4605,#4606);
#4604 = CARTESIAN_POINT('',(1.75,-2.25,-2.8));
#4605 = DIRECTION('',(0.,1.,0.));
#4606 = DIRECTION('',(0.,-0.,1.));
#4607 = ADVANCED_FACE('',(#4608),#4619,.T.);
#4608 = FACE_BOUND('',#4609,.T.);
#4609 = EDGE_LOOP('',(#4610,#4611,#4612,#4613));
#4610 = ORIENTED_EDGE('',*,*,#4587,.F.);
#4611 = ORIENTED_EDGE('',*,*,#2800,.T.);
#4612 = ORIENTED_EDGE('',*,*,#4532,.T.);
#4613 = ORIENTED_EDGE('',*,*,#4614,.F.);
#4614 = EDGE_CURVE('',#4588,#4533,#4615,.T.);
#4615 = LINE('',#4616,#4617);
#4616 = CARTESIAN_POINT('',(2.25,-2.25,5.875));
#4617 = VECTOR('',#4618,1.);
#4618 = DIRECTION('',(0.,1.,0.));
#4619 = PLANE('',#4620);
#4620 = AXIS2_PLACEMENT_3D('',#4621,#4622,#4623);
#4621 = CARTESIAN_POINT('',(2.25,-2.25,-2.8));
#4622 = DIRECTION('',(1.,0.,0.));
#4623 = DIRECTION('',(0.,0.,1.));
#4624 = ADVANCED_FACE('',(#4625),#4650,.F.);
#4625 = FACE_BOUND('',#4626,.F.);
#4626 = EDGE_LOOP('',(#4627,#4635,#4636,#4644));
#4627 = ORIENTED_EDGE('',*,*,#4628,.F.);
#4628 = EDGE_CURVE('',#2825,#4629,#4631,.T.);
#4629 = VERTEX_POINT('',#4630);
#4630 = CARTESIAN_POINT('',(0.25,-6.25,5.875));
#4631 = LINE('',#4632,#4633);
#4632 = CARTESIAN_POINT('',(0.25,-6.25,-2.8));
#4633 = VECTOR('',#4634,1.);
#4634 = DIRECTION('',(0.,0.,1.));
#4635 = ORIENTED_EDGE('',*,*,#2824,.T.);
#4636 = ORIENTED_EDGE('',*,*,#4637,.T.);
#4637 = EDGE_CURVE('',#2827,#4638,#4640,.T.);
#4638 = VERTEX_POINT('',#4639);
#4639 = CARTESIAN_POINT('',(-0.25,-6.25,5.875));
#4640 = LINE('',#4641,#4642);
#4641 = CARTESIAN_POINT('',(-0.25,-6.25,-2.8));
#4642 = VECTOR('',#4643,1.);
#4643 = DIRECTION('',(0.,0.,1.));
#4644 = ORIENTED_EDGE('',*,*,#4645,.T.);
#4645 = EDGE_CURVE('',#4638,#4629,#4646,.T.);
#4646 = LINE('',#4647,#4648);
#4647 = CARTESIAN_POINT('',(-0.25,-6.25,5.875));
#4648 = VECTOR('',#4649,1.);
#4649 = DIRECTION('',(1.,0.,0.));
#4650 = PLANE('',#4651);
#4651 = AXIS2_PLACEMENT_3D('',#4652,#4653,#4654);
#4652 = CARTESIAN_POINT('',(-0.25,-6.25,-2.8));
#4653 = DIRECTION('',(0.,1.,0.));
#4654 = DIRECTION('',(0.,-0.,1.));
#4655 = ADVANCED_FACE('',(#4656),#4674,.T.);
#4656 = FACE_BOUND('',#4657,.T.);
#4657 = EDGE_LOOP('',(#4658,#4659,#4660,#4668));
#4658 = ORIENTED_EDGE('',*,*,#4628,.F.);
#4659 = ORIENTED_EDGE('',*,*,#2850,.T.);
#4660 = ORIENTED_EDGE('',*,*,#4661,.T.);
#4661 = EDGE_CURVE('',#2843,#4662,#4664,.T.);
#4662 = VERTEX_POINT('',#4663);
#4663 = CARTESIAN_POINT('',(0.25,-5.75,5.875));
#4664 = LINE('',#4665,#4666);
#4665 = CARTESIAN_POINT('',(0.25,-5.75,-2.8));
#4666 = VECTOR('',#4667,1.);
#4667 = DIRECTION('',(0.,0.,1.));
#4668 = ORIENTED_EDGE('',*,*,#4669,.F.);
#4669 = EDGE_CURVE('',#4629,#4662,#4670,.T.);
#4670 = LINE('',#4671,#4672);
#4671 = CARTESIAN_POINT('',(0.25,-6.25,5.875));
#4672 = VECTOR('',#4673,1.);
#4673 = DIRECTION('',(0.,1.,0.));
#4674 = PLANE('',#4675);
#4675 = AXIS2_PLACEMENT_3D('',#4676,#4677,#4678);
#4676 = CARTESIAN_POINT('',(0.25,-6.25,-2.8));
#4677 = DIRECTION('',(1.,0.,0.));
#4678 = DIRECTION('',(0.,0.,1.));
#4679 = ADVANCED_FACE('',(#4680),#4698,.T.);
#4680 = FACE_BOUND('',#4681,.T.);
#4681 = EDGE_LOOP('',(#4682,#4683,#4684,#4692));
#4682 = ORIENTED_EDGE('',*,*,#4661,.F.);
#4683 = ORIENTED_EDGE('',*,*,#2842,.T.);
#4684 = ORIENTED_EDGE('',*,*,#4685,.T.);
#4685 = EDGE_CURVE('',#2835,#4686,#4688,.T.);
#4686 = VERTEX_POINT('',#4687);
#4687 = CARTESIAN_POINT('',(-0.25,-5.75,5.875));
#4688 = LINE('',#4689,#4690);
#4689 = CARTESIAN_POINT('',(-0.25,-5.75,-2.8));
#4690 = VECTOR('',#4691,1.);
#4691 = DIRECTION('',(0.,0.,1.));
#4692 = ORIENTED_EDGE('',*,*,#4693,.T.);
#4693 = EDGE_CURVE('',#4686,#4662,#4694,.T.);
#4694 = LINE('',#4695,#4696);
#4695 = CARTESIAN_POINT('',(-0.25,-5.75,5.875));
#4696 = VECTOR('',#4697,1.);
#4697 = DIRECTION('',(1.,0.,0.));
#4698 = PLANE('',#4699);
#4699 = AXIS2_PLACEMENT_3D('',#4700,#4701,#4702);
#4700 = CARTESIAN_POINT('',(-0.25,-5.75,-2.8));
#4701 = DIRECTION('',(0.,1.,0.));
#4702 = DIRECTION('',(0.,-0.,1.));
#4703 = ADVANCED_FACE('',(#4704),#4715,.F.);
#4704 = FACE_BOUND('',#4705,.F.);
#4705 = EDGE_LOOP('',(#4706,#4707,#4708,#4709));
#4706 = ORIENTED_EDGE('',*,*,#4637,.F.);
#4707 = ORIENTED_EDGE('',*,*,#2834,.T.);
#4708 = ORIENTED_EDGE('',*,*,#4685,.T.);
#4709 = ORIENTED_EDGE('',*,*,#4710,.F.);
#4710 = EDGE_CURVE('',#4638,#4686,#4711,.T.);
#4711 = LINE('',#4712,#4713);
#4712 = CARTESIAN_POINT('',(-0.25,-6.25,5.875));
#4713 = VECTOR('',#4714,1.);
#4714 = DIRECTION('',(0.,1.,0.));
#4715 = PLANE('',#4716);
#4716 = AXIS2_PLACEMENT_3D('',#4717,#4718,#4719);
#4717 = CARTESIAN_POINT('',(-0.25,-6.25,-2.8));
#4718 = DIRECTION('',(1.,0.,0.));
#4719 = DIRECTION('',(0.,0.,1.));
#4720 = ADVANCED_FACE('',(#4721),#4746,.T.);
#4721 = FACE_BOUND('',#4722,.T.);
#4722 = EDGE_LOOP('',(#4723,#4731,#4732,#4740));
#4723 = ORIENTED_EDGE('',*,*,#4724,.F.);
#4724 = EDGE_CURVE('',#2859,#4725,#4727,.T.);
#4725 = VERTEX_POINT('',#4726);
#4726 = CARTESIAN_POINT('',(2.25,-5.75,5.875));
#4727 = LINE('',#4728,#4729);
#4728 = CARTESIAN_POINT('',(2.25,-5.75,-2.8));
#4729 = VECTOR('',#4730,1.);
#4730 = DIRECTION('',(0.,0.,1.));
#4731 = ORIENTED_EDGE('',*,*,#2858,.T.);
#4732 = ORIENTED_EDGE('',*,*,#4733,.T.);
#4733 = EDGE_CURVE('',#2861,#4734,#4736,.T.);
#4734 = VERTEX_POINT('',#4735);
#4735 = CARTESIAN_POINT('',(1.75,-5.75,5.875));
#4736 = LINE('',#4737,#4738);
#4737 = CARTESIAN_POINT('',(1.75,-5.75,-2.8));
#4738 = VECTOR('',#4739,1.);
#4739 = DIRECTION('',(0.,0.,1.));
#4740 = ORIENTED_EDGE('',*,*,#4741,.T.);
#4741 = EDGE_CURVE('',#4734,#4725,#4742,.T.);
#4742 = LINE('',#4743,#4744);
#4743 = CARTESIAN_POINT('',(1.75,-5.75,5.875));
#4744 = VECTOR('',#4745,1.);
#4745 = DIRECTION('',(1.,0.,0.));
#4746 = PLANE('',#4747);
#4747 = AXIS2_PLACEMENT_3D('',#4748,#4749,#4750);
#4748 = CARTESIAN_POINT('',(1.75,-5.75,-2.8));
#4749 = DIRECTION('',(0.,1.,0.));
#4750 = DIRECTION('',(0.,-0.,1.));
#4751 = ADVANCED_FACE('',(#4752),#4770,.F.);
#4752 = FACE_BOUND('',#4753,.F.);
#4753 = EDGE_LOOP('',(#4754,#4762,#4763,#4764));
#4754 = ORIENTED_EDGE('',*,*,#4755,.F.);
#4755 = EDGE_CURVE('',#2877,#4756,#4758,.T.);
#4756 = VERTEX_POINT('',#4757);
#4757 = CARTESIAN_POINT('',(1.75,-6.25,5.875));
#4758 = LINE('',#4759,#4760);
#4759 = CARTESIAN_POINT('',(1.75,-6.25,-2.8));
#4760 = VECTOR('',#4761,1.);
#4761 = DIRECTION('',(0.,0.,1.));
#4762 = ORIENTED_EDGE('',*,*,#2884,.T.);
#4763 = ORIENTED_EDGE('',*,*,#4733,.T.);
#4764 = ORIENTED_EDGE('',*,*,#4765,.F.);
#4765 = EDGE_CURVE('',#4756,#4734,#4766,.T.);
#4766 = LINE('',#4767,#4768);
#4767 = CARTESIAN_POINT('',(1.75,-6.25,5.875));
#4768 = VECTOR('',#4769,1.);
#4769 = DIRECTION('',(0.,1.,0.));
#4770 = PLANE('',#4771);
#4771 = AXIS2_PLACEMENT_3D('',#4772,#4773,#4774);
#4772 = CARTESIAN_POINT('',(1.75,-6.25,-2.8));
#4773 = DIRECTION('',(1.,0.,0.));
#4774 = DIRECTION('',(0.,0.,1.));
#4775 = ADVANCED_FACE('',(#4776),#4794,.F.);
#4776 = FACE_BOUND('',#4777,.F.);
#4777 = EDGE_LOOP('',(#4778,#4786,#4787,#4788));
#4778 = ORIENTED_EDGE('',*,*,#4779,.F.);
#4779 = EDGE_CURVE('',#2869,#4780,#4782,.T.);
#4780 = VERTEX_POINT('',#4781);
#4781 = CARTESIAN_POINT('',(2.25,-6.25,5.875));
#4782 = LINE('',#4783,#4784);
#4783 = CARTESIAN_POINT('',(2.25,-6.25,-2.8));
#4784 = VECTOR('',#4785,1.);
#4785 = DIRECTION('',(0.,0.,1.));
#4786 = ORIENTED_EDGE('',*,*,#2876,.T.);
#4787 = ORIENTED_EDGE('',*,*,#4755,.T.);
#4788 = ORIENTED_EDGE('',*,*,#4789,.T.);
#4789 = EDGE_CURVE('',#4756,#4780,#4790,.T.);
#4790 = LINE('',#4791,#4792);
#4791 = CARTESIAN_POINT('',(1.75,-6.25,5.875));
#4792 = VECTOR('',#4793,1.);
#4793 = DIRECTION('',(1.,0.,0.));
#4794 = PLANE('',#4795);
#4795 = AXIS2_PLACEMENT_3D('',#4796,#4797,#4798);
#4796 = CARTESIAN_POINT('',(1.75,-6.25,-2.8));
#4797 = DIRECTION('',(0.,1.,0.));
#4798 = DIRECTION('',(0.,-0.,1.));
#4799 = ADVANCED_FACE('',(#4800),#4811,.T.);
#4800 = FACE_BOUND('',#4801,.T.);
#4801 = EDGE_LOOP('',(#4802,#4803,#4804,#4805));
#4802 = ORIENTED_EDGE('',*,*,#4779,.F.);
#4803 = ORIENTED_EDGE('',*,*,#2868,.T.);
#4804 = ORIENTED_EDGE('',*,*,#4724,.T.);
#4805 = ORIENTED_EDGE('',*,*,#4806,.F.);
#4806 = EDGE_CURVE('',#4780,#4725,#4807,.T.);
#4807 = LINE('',#4808,#4809);
#4808 = CARTESIAN_POINT('',(2.25,-6.25,5.875));
#4809 = VECTOR('',#4810,1.);
#4810 = DIRECTION('',(0.,1.,0.));
#4811 = PLANE('',#4812);
#4812 = AXIS2_PLACEMENT_3D('',#4813,#4814,#4815);
#4813 = CARTESIAN_POINT('',(2.25,-6.25,-2.8));
#4814 = DIRECTION('',(1.,0.,0.));
#4815 = DIRECTION('',(0.,0.,1.));
#4816 = ADVANCED_FACE('',(#4817),#4842,.F.);
#4817 = FACE_BOUND('',#4818,.T.);
#4818 = EDGE_LOOP('',(#4819,#4827,#4828,#4836));
#4819 = ORIENTED_EDGE('',*,*,#4820,.F.);
#4820 = EDGE_CURVE('',#3293,#4821,#4823,.T.);
#4821 = VERTEX_POINT('',#4822);
#4822 = CARTESIAN_POINT('',(1.875,-3.875,-2.8));
#4823 = LINE('',#4824,#4825);
#4824 = CARTESIAN_POINT('',(1.875,-3.875,-2.8));
#4825 = VECTOR('',#4826,1.);
#4826 = DIRECTION('',(0.57735026919,-0.57735026919,-0.57735026919));
#4827 = ORIENTED_EDGE('',*,*,#3292,.T.);
#4828 = ORIENTED_EDGE('',*,*,#4829,.T.);
#4829 = EDGE_CURVE('',#3285,#4830,#4832,.T.);
#4830 = VERTEX_POINT('',#4831);
#4831 = CARTESIAN_POINT('',(2.125,-3.875,-2.8));
#4832 = LINE('',#4833,#4834);
#4833 = CARTESIAN_POINT('',(2.041666666667,-3.958333333333,
    -2.883333333333));
#4834 = VECTOR('',#4835,1.);
#4835 = DIRECTION('',(-0.57735026919,-0.57735026919,-0.57735026919));
#4836 = ORIENTED_EDGE('',*,*,#4837,.F.);
#4837 = EDGE_CURVE('',#4821,#4830,#4838,.T.);
#4838 = LINE('',#4839,#4840);
#4839 = CARTESIAN_POINT('',(1.75,-3.875,-2.8));
#4840 = VECTOR('',#4841,1.);
#4841 = DIRECTION('',(1.,0.,0.));
#4842 = PLANE('',#4843);
#4843 = AXIS2_PLACEMENT_3D('',#4844,#4845,#4846);
#4844 = CARTESIAN_POINT('',(1.75,-3.8125,-2.7375));
#4845 = DIRECTION('',(0.,-0.707106781187,0.707106781187));
#4846 = DIRECTION('',(-1.,0.,0.));
#4847 = ADVANCED_FACE('',(#4848),#4866,.T.);
#4848 = FACE_BOUND('',#4849,.T.);
#4849 = EDGE_LOOP('',(#4850,#4858,#4859,#4860));
#4850 = ORIENTED_EDGE('',*,*,#4851,.F.);
#4851 = EDGE_CURVE('',#3316,#4852,#4854,.T.);
#4852 = VERTEX_POINT('',#4853);
#4853 = CARTESIAN_POINT('',(1.875,-4.125,-2.8));
#4854 = LINE('',#4855,#4856);
#4855 = CARTESIAN_POINT('',(1.791666666667,-4.208333333333,
    -2.716666666667));
#4856 = VECTOR('',#4857,1.);
#4857 = DIRECTION('',(0.57735026919,0.57735026919,-0.57735026919));
#4858 = ORIENTED_EDGE('',*,*,#3323,.T.);
#4859 = ORIENTED_EDGE('',*,*,#4820,.T.);
#4860 = ORIENTED_EDGE('',*,*,#4861,.F.);
#4861 = EDGE_CURVE('',#4852,#4821,#4862,.T.);
#4862 = LINE('',#4863,#4864);
#4863 = CARTESIAN_POINT('',(1.875,-4.25,-2.8));
#4864 = VECTOR('',#4865,1.);
#4865 = DIRECTION('',(0.,1.,0.));
#4866 = PLANE('',#4867);
#4867 = AXIS2_PLACEMENT_3D('',#4868,#4869,#4870);
#4868 = CARTESIAN_POINT('',(1.8125,-4.25,-2.7375));
#4869 = DIRECTION('',(-0.707106781187,0.,-0.707106781187));
#4870 = DIRECTION('',(0.,1.,0.));
#4871 = ADVANCED_FACE('',(#4872),#4890,.T.);
#4872 = FACE_BOUND('',#4873,.F.);
#4873 = EDGE_LOOP('',(#4874,#4875,#4876,#4884));
#4874 = ORIENTED_EDGE('',*,*,#4851,.F.);
#4875 = ORIENTED_EDGE('',*,*,#3347,.T.);
#4876 = ORIENTED_EDGE('',*,*,#4877,.T.);
#4877 = EDGE_CURVE('',#3340,#4878,#4880,.T.);
#4878 = VERTEX_POINT('',#4879);
#4879 = CARTESIAN_POINT('',(2.125,-4.125,-2.8));
#4880 = LINE('',#4881,#4882);
#4881 = CARTESIAN_POINT('',(2.125,-4.125,-2.8));
#4882 = VECTOR('',#4883,1.);
#4883 = DIRECTION('',(-0.57735026919,0.57735026919,-0.57735026919));
#4884 = ORIENTED_EDGE('',*,*,#4885,.F.);
#4885 = EDGE_CURVE('',#4852,#4878,#4886,.T.);
#4886 = LINE('',#4887,#4888);
#4887 = CARTESIAN_POINT('',(1.75,-4.125,-2.8));
#4888 = VECTOR('',#4889,1.);
#4889 = DIRECTION('',(1.,0.,0.));
#4890 = PLANE('',#4891);
#4891 = AXIS2_PLACEMENT_3D('',#4892,#4893,#4894);
#4892 = CARTESIAN_POINT('',(1.75,-4.1875,-2.7375));
#4893 = DIRECTION('',(0.,-0.707106781187,-0.707106781187));
#4894 = DIRECTION('',(-1.,-0.,0.));
#4895 = ADVANCED_FACE('',(#4896),#4907,.F.);
#4896 = FACE_BOUND('',#4897,.F.);
#4897 = EDGE_LOOP('',(#4898,#4899,#4900,#4901));
#4898 = ORIENTED_EDGE('',*,*,#4877,.F.);
#4899 = ORIENTED_EDGE('',*,*,#3364,.T.);
#4900 = ORIENTED_EDGE('',*,*,#4829,.T.);
#4901 = ORIENTED_EDGE('',*,*,#4902,.F.);
#4902 = EDGE_CURVE('',#4878,#4830,#4903,.T.);
#4903 = LINE('',#4904,#4905);
#4904 = CARTESIAN_POINT('',(2.125,-4.25,-2.8));
#4905 = VECTOR('',#4906,1.);
#4906 = DIRECTION('',(0.,1.,0.));
#4907 = PLANE('',#4908);
#4908 = AXIS2_PLACEMENT_3D('',#4909,#4910,#4911);
#4909 = CARTESIAN_POINT('',(2.1875,-4.25,-2.7375));
#4910 = DIRECTION('',(-0.707106781187,0.,0.707106781187));
#4911 = DIRECTION('',(0.,1.,0.));
#4912 = ADVANCED_FACE('',(#4913),#4938,.F.);
#4913 = FACE_BOUND('',#4914,.F.);
#4914 = EDGE_LOOP('',(#4915,#4923,#4924,#4932));
#4915 = ORIENTED_EDGE('',*,*,#4916,.F.);
#4916 = EDGE_CURVE('',#3381,#4917,#4919,.T.);
#4917 = VERTEX_POINT('',#4918);
#4918 = CARTESIAN_POINT('',(0.125,-4.125,-2.8));
#4919 = LINE('',#4920,#4921);
#4920 = CARTESIAN_POINT('',(0.125,-4.125,-2.8));
#4921 = VECTOR('',#4922,1.);
#4922 = DIRECTION('',(-0.57735026919,0.57735026919,-0.57735026919));
#4923 = ORIENTED_EDGE('',*,*,#3388,.T.);
#4924 = ORIENTED_EDGE('',*,*,#4925,.T.);
#4925 = EDGE_CURVE('',#3389,#4926,#4928,.T.);
#4926 = VERTEX_POINT('',#4927);
#4927 = CARTESIAN_POINT('',(0.125,-3.875,-2.8));
#4928 = LINE('',#4929,#4930);
#4929 = CARTESIAN_POINT('',(4.166666666667E-02,-3.958333333333,
    -2.883333333333));
#4930 = VECTOR('',#4931,1.);
#4931 = DIRECTION('',(-0.57735026919,-0.57735026919,-0.57735026919));
#4932 = ORIENTED_EDGE('',*,*,#4933,.F.);
#4933 = EDGE_CURVE('',#4917,#4926,#4934,.T.);
#4934 = LINE('',#4935,#4936);
#4935 = CARTESIAN_POINT('',(0.125,-4.25,-2.8));
#4936 = VECTOR('',#4937,1.);
#4937 = DIRECTION('',(0.,1.,0.));
#4938 = PLANE('',#4939);
#4939 = AXIS2_PLACEMENT_3D('',#4940,#4941,#4942);
#4940 = CARTESIAN_POINT('',(0.1875,-4.25,-2.7375));
#4941 = DIRECTION('',(-0.707106781187,0.,0.707106781187));
#4942 = DIRECTION('',(0.,1.,0.));
#4943 = ADVANCED_FACE('',(#4944),#4962,.F.);
#4944 = FACE_BOUND('',#4945,.T.);
#4945 = EDGE_LOOP('',(#4946,#4954,#4955,#4956));
#4946 = ORIENTED_EDGE('',*,*,#4947,.F.);
#4947 = EDGE_CURVE('',#3413,#4948,#4950,.T.);
#4948 = VERTEX_POINT('',#4949);
#4949 = CARTESIAN_POINT('',(-0.125,-3.875,-2.8));
#4950 = LINE('',#4951,#4952);
#4951 = CARTESIAN_POINT('',(-0.125,-3.875,-2.8));
#4952 = VECTOR('',#4953,1.);
#4953 = DIRECTION('',(0.57735026919,-0.57735026919,-0.57735026919));
#4954 = ORIENTED_EDGE('',*,*,#3412,.T.);
#4955 = ORIENTED_EDGE('',*,*,#4925,.T.);
#4956 = ORIENTED_EDGE('',*,*,#4957,.F.);
#4957 = EDGE_CURVE('',#4948,#4926,#4958,.T.);
#4958 = LINE('',#4959,#4960);
#4959 = CARTESIAN_POINT('',(-0.25,-3.875,-2.8));
#4960 = VECTOR('',#4961,1.);
#4961 = DIRECTION('',(1.,0.,0.));
#4962 = PLANE('',#4963);
#4963 = AXIS2_PLACEMENT_3D('',#4964,#4965,#4966);
#4964 = CARTESIAN_POINT('',(-0.25,-3.8125,-2.7375));
#4965 = DIRECTION('',(0.,-0.707106781187,0.707106781187));
#4966 = DIRECTION('',(-1.,0.,0.));
#4967 = ADVANCED_FACE('',(#4968),#4986,.T.);
#4968 = FACE_BOUND('',#4969,.T.);
#4969 = EDGE_LOOP('',(#4970,#4978,#4979,#4980));
#4970 = ORIENTED_EDGE('',*,*,#4971,.F.);
#4971 = EDGE_CURVE('',#3436,#4972,#4974,.T.);
#4972 = VERTEX_POINT('',#4973);
#4973 = CARTESIAN_POINT('',(-0.125,-4.125,-2.8));
#4974 = LINE('',#4975,#4976);
#4975 = CARTESIAN_POINT('',(-0.208333333333,-4.208333333333,
    -2.716666666667));
#4976 = VECTOR('',#4977,1.);
#4977 = DIRECTION('',(0.57735026919,0.57735026919,-0.57735026919));
#4978 = ORIENTED_EDGE('',*,*,#3443,.T.);
#4979 = ORIENTED_EDGE('',*,*,#4947,.T.);
#4980 = ORIENTED_EDGE('',*,*,#4981,.F.);
#4981 = EDGE_CURVE('',#4972,#4948,#4982,.T.);
#4982 = LINE('',#4983,#4984);
#4983 = CARTESIAN_POINT('',(-0.125,-4.25,-2.8));
#4984 = VECTOR('',#4985,1.);
#4985 = DIRECTION('',(0.,1.,0.));
#4986 = PLANE('',#4987);
#4987 = AXIS2_PLACEMENT_3D('',#4988,#4989,#4990);
#4988 = CARTESIAN_POINT('',(-0.1875,-4.25,-2.7375));
#4989 = DIRECTION('',(-0.707106781187,0.,-0.707106781187));
#4990 = DIRECTION('',(0.,1.,0.));
#4991 = ADVANCED_FACE('',(#4992),#5003,.T.);
#4992 = FACE_BOUND('',#4993,.F.);
#4993 = EDGE_LOOP('',(#4994,#4995,#4996,#4997));
#4994 = ORIENTED_EDGE('',*,*,#4971,.F.);
#4995 = ORIENTED_EDGE('',*,*,#3460,.T.);
#4996 = ORIENTED_EDGE('',*,*,#4916,.T.);
#4997 = ORIENTED_EDGE('',*,*,#4998,.F.);
#4998 = EDGE_CURVE('',#4972,#4917,#4999,.T.);
#4999 = LINE('',#5000,#5001);
#5000 = CARTESIAN_POINT('',(-0.25,-4.125,-2.8));
#5001 = VECTOR('',#5002,1.);
#5002 = DIRECTION('',(1.,0.,0.));
#5003 = PLANE('',#5004);
#5004 = AXIS2_PLACEMENT_3D('',#5005,#5006,#5007);
#5005 = CARTESIAN_POINT('',(-0.25,-4.1875,-2.7375));
#5006 = DIRECTION('',(0.,-0.707106781187,-0.707106781187));
#5007 = DIRECTION('',(-1.,-0.,0.));
#5008 = ADVANCED_FACE('',(#5009),#5034,.F.);
#5009 = FACE_BOUND('',#5010,.T.);
#5010 = EDGE_LOOP('',(#5011,#5019,#5020,#5028));
#5011 = ORIENTED_EDGE('',*,*,#5012,.F.);
#5012 = EDGE_CURVE('',#3485,#5013,#5015,.T.);
#5013 = VERTEX_POINT('',#5014);
#5014 = CARTESIAN_POINT('',(-0.125,0.125,-2.8));
#5015 = LINE('',#5016,#5017);
#5016 = CARTESIAN_POINT('',(-0.125,0.125,-2.8));
#5017 = VECTOR('',#5018,1.);
#5018 = DIRECTION('',(0.57735026919,-0.57735026919,-0.57735026919));
#5019 = ORIENTED_EDGE('',*,*,#3484,.T.);
#5020 = ORIENTED_EDGE('',*,*,#5021,.T.);
#5021 = EDGE_CURVE('',#3477,#5022,#5024,.T.);
#5022 = VERTEX_POINT('',#5023);
#5023 = CARTESIAN_POINT('',(0.125,0.125,-2.8));
#5024 = LINE('',#5025,#5026);
#5025 = CARTESIAN_POINT('',(4.166666666667E-02,4.166666666667E-02,
    -2.883333333333));
#5026 = VECTOR('',#5027,1.);
#5027 = DIRECTION('',(-0.57735026919,-0.57735026919,-0.57735026919));
#5028 = ORIENTED_EDGE('',*,*,#5029,.F.);
#5029 = EDGE_CURVE('',#5013,#5022,#5030,.T.);
#5030 = LINE('',#5031,#5032);
#5031 = CARTESIAN_POINT('',(-0.25,0.125,-2.8));
#5032 = VECTOR('',#5033,1.);
#5033 = DIRECTION('',(1.,0.,0.));
#5034 = PLANE('',#5035);
#5035 = AXIS2_PLACEMENT_3D('',#5036,#5037,#5038);
#5036 = CARTESIAN_POINT('',(-0.25,0.1875,-2.7375));
#5037 = DIRECTION('',(0.,-0.707106781187,0.707106781187));
#5038 = DIRECTION('',(-1.,0.,0.));
#5039 = ADVANCED_FACE('',(#5040),#5058,.T.);
#5040 = FACE_BOUND('',#5041,.T.);
#5041 = EDGE_LOOP('',(#5042,#5050,#5051,#5052));
#5042 = ORIENTED_EDGE('',*,*,#5043,.F.);
#5043 = EDGE_CURVE('',#3508,#5044,#5046,.T.);
#5044 = VERTEX_POINT('',#5045);
#5045 = CARTESIAN_POINT('',(-0.125,-0.125,-2.8));
#5046 = LINE('',#5047,#5048);
#5047 = CARTESIAN_POINT('',(-0.208333333333,-0.208333333333,
    -2.716666666667));
#5048 = VECTOR('',#5049,1.);
#5049 = DIRECTION('',(0.57735026919,0.57735026919,-0.57735026919));
#5050 = ORIENTED_EDGE('',*,*,#3515,.T.);
#5051 = ORIENTED_EDGE('',*,*,#5012,.T.);
#5052 = ORIENTED_EDGE('',*,*,#5053,.F.);
#5053 = EDGE_CURVE('',#5044,#5013,#5054,.T.);
#5054 = LINE('',#5055,#5056);
#5055 = CARTESIAN_POINT('',(-0.125,-0.25,-2.8));
#5056 = VECTOR('',#5057,1.);
#5057 = DIRECTION('',(0.,1.,0.));
#5058 = PLANE('',#5059);
#5059 = AXIS2_PLACEMENT_3D('',#5060,#5061,#5062);
#5060 = CARTESIAN_POINT('',(-0.1875,-0.25,-2.7375));
#5061 = DIRECTION('',(-0.707106781187,0.,-0.707106781187));
#5062 = DIRECTION('',(0.,1.,0.));
#5063 = ADVANCED_FACE('',(#5064),#5082,.T.);
#5064 = FACE_BOUND('',#5065,.F.);
#5065 = EDGE_LOOP('',(#5066,#5067,#5068,#5076));
#5066 = ORIENTED_EDGE('',*,*,#5043,.F.);
#5067 = ORIENTED_EDGE('',*,*,#3539,.T.);
#5068 = ORIENTED_EDGE('',*,*,#5069,.T.);
#5069 = EDGE_CURVE('',#3532,#5070,#5072,.T.);
#5070 = VERTEX_POINT('',#5071);
#5071 = CARTESIAN_POINT('',(0.125,-0.125,-2.8));
#5072 = LINE('',#5073,#5074);
#5073 = CARTESIAN_POINT('',(0.125,-0.125,-2.8));
#5074 = VECTOR('',#5075,1.);
#5075 = DIRECTION('',(-0.57735026919,0.57735026919,-0.57735026919));
#5076 = ORIENTED_EDGE('',*,*,#5077,.F.);
#5077 = EDGE_CURVE('',#5044,#5070,#5078,.T.);
#5078 = LINE('',#5079,#5080);
#5079 = CARTESIAN_POINT('',(-0.25,-0.125,-2.8));
#5080 = VECTOR('',#5081,1.);
#5081 = DIRECTION('',(1.,0.,0.));
#5082 = PLANE('',#5083);
#5083 = AXIS2_PLACEMENT_3D('',#5084,#5085,#5086);
#5084 = CARTESIAN_POINT('',(-0.25,-0.1875,-2.7375));
#5085 = DIRECTION('',(0.,-0.707106781187,-0.707106781187));
#5086 = DIRECTION('',(-1.,-0.,0.));
#5087 = ADVANCED_FACE('',(#5088),#5099,.F.);
#5088 = FACE_BOUND('',#5089,.F.);
#5089 = EDGE_LOOP('',(#5090,#5091,#5092,#5093));
#5090 = ORIENTED_EDGE('',*,*,#5069,.F.);
#5091 = ORIENTED_EDGE('',*,*,#3556,.T.);
#5092 = ORIENTED_EDGE('',*,*,#5021,.T.);
#5093 = ORIENTED_EDGE('',*,*,#5094,.F.);
#5094 = EDGE_CURVE('',#5070,#5022,#5095,.T.);
#5095 = LINE('',#5096,#5097);
#5096 = CARTESIAN_POINT('',(0.125,-0.25,-2.8));
#5097 = VECTOR('',#5098,1.);
#5098 = DIRECTION('',(0.,1.,0.));
#5099 = PLANE('',#5100);
#5100 = AXIS2_PLACEMENT_3D('',#5101,#5102,#5103);
#5101 = CARTESIAN_POINT('',(0.1875,-0.25,-2.7375));
#5102 = DIRECTION('',(-0.707106781187,0.,0.707106781187));
#5103 = DIRECTION('',(0.,1.,0.));
#5104 = ADVANCED_FACE('',(#5105),#5130,.F.);
#5105 = FACE_BOUND('',#5106,.F.);
#5106 = EDGE_LOOP('',(#5107,#5115,#5116,#5124));
#5107 = ORIENTED_EDGE('',*,*,#5108,.F.);
#5108 = EDGE_CURVE('',#3573,#5109,#5111,.T.);
#5109 = VERTEX_POINT('',#5110);
#5110 = CARTESIAN_POINT('',(0.125,-2.125,-2.8));
#5111 = LINE('',#5112,#5113);
#5112 = CARTESIAN_POINT('',(0.125,-2.125,-2.8));
#5113 = VECTOR('',#5114,1.);
#5114 = DIRECTION('',(-0.57735026919,0.57735026919,-0.57735026919));
#5115 = ORIENTED_EDGE('',*,*,#3580,.T.);
#5116 = ORIENTED_EDGE('',*,*,#5117,.T.);
#5117 = EDGE_CURVE('',#3581,#5118,#5120,.T.);
#5118 = VERTEX_POINT('',#5119);
#5119 = CARTESIAN_POINT('',(0.125,-1.875,-2.8));
#5120 = LINE('',#5121,#5122);
#5121 = CARTESIAN_POINT('',(4.166666666667E-02,-1.958333333333,
    -2.883333333333));
#5122 = VECTOR('',#5123,1.);
#5123 = DIRECTION('',(-0.57735026919,-0.57735026919,-0.57735026919));
#5124 = ORIENTED_EDGE('',*,*,#5125,.F.);
#5125 = EDGE_CURVE('',#5109,#5118,#5126,.T.);
#5126 = LINE('',#5127,#5128);
#5127 = CARTESIAN_POINT('',(0.125,-2.25,-2.8));
#5128 = VECTOR('',#5129,1.);
#5129 = DIRECTION('',(0.,1.,0.));
#5130 = PLANE('',#5131);
#5131 = AXIS2_PLACEMENT_3D('',#5132,#5133,#5134);
#5132 = CARTESIAN_POINT('',(0.1875,-2.25,-2.7375));
#5133 = DIRECTION('',(-0.707106781187,0.,0.707106781187));
#5134 = DIRECTION('',(0.,1.,0.));
#5135 = ADVANCED_FACE('',(#5136),#5154,.F.);
#5136 = FACE_BOUND('',#5137,.T.);
#5137 = EDGE_LOOP('',(#5138,#5146,#5147,#5148));
#5138 = ORIENTED_EDGE('',*,*,#5139,.F.);
#5139 = EDGE_CURVE('',#3605,#5140,#5142,.T.);
#5140 = VERTEX_POINT('',#5141);
#5141 = CARTESIAN_POINT('',(-0.125,-1.875,-2.8));
#5142 = LINE('',#5143,#5144);
#5143 = CARTESIAN_POINT('',(-0.125,-1.875,-2.8));
#5144 = VECTOR('',#5145,1.);
#5145 = DIRECTION('',(0.57735026919,-0.57735026919,-0.57735026919));
#5146 = ORIENTED_EDGE('',*,*,#3604,.T.);
#5147 = ORIENTED_EDGE('',*,*,#5117,.T.);
#5148 = ORIENTED_EDGE('',*,*,#5149,.F.);
#5149 = EDGE_CURVE('',#5140,#5118,#5150,.T.);
#5150 = LINE('',#5151,#5152);
#5151 = CARTESIAN_POINT('',(-0.25,-1.875,-2.8));
#5152 = VECTOR('',#5153,1.);
#5153 = DIRECTION('',(1.,0.,0.));
#5154 = PLANE('',#5155);
#5155 = AXIS2_PLACEMENT_3D('',#5156,#5157,#5158);
#5156 = CARTESIAN_POINT('',(-0.25,-1.8125,-2.7375));
#5157 = DIRECTION('',(0.,-0.707106781187,0.707106781187));
#5158 = DIRECTION('',(-1.,0.,0.));
#5159 = ADVANCED_FACE('',(#5160),#5178,.T.);
#5160 = FACE_BOUND('',#5161,.T.);
#5161 = EDGE_LOOP('',(#5162,#5170,#5171,#5172));
#5162 = ORIENTED_EDGE('',*,*,#5163,.F.);
#5163 = EDGE_CURVE('',#3628,#5164,#5166,.T.);
#5164 = VERTEX_POINT('',#5165);
#5165 = CARTESIAN_POINT('',(-0.125,-2.125,-2.8));
#5166 = LINE('',#5167,#5168);
#5167 = CARTESIAN_POINT('',(-0.208333333333,-2.208333333333,
    -2.716666666667));
#5168 = VECTOR('',#5169,1.);
#5169 = DIRECTION('',(0.57735026919,0.57735026919,-0.57735026919));
#5170 = ORIENTED_EDGE('',*,*,#3635,.T.);
#5171 = ORIENTED_EDGE('',*,*,#5139,.T.);
#5172 = ORIENTED_EDGE('',*,*,#5173,.F.);
#5173 = EDGE_CURVE('',#5164,#5140,#5174,.T.);
#5174 = LINE('',#5175,#5176);
#5175 = CARTESIAN_POINT('',(-0.125,-2.25,-2.8));
#5176 = VECTOR('',#5177,1.);
#5177 = DIRECTION('',(0.,1.,0.));
#5178 = PLANE('',#5179);
#5179 = AXIS2_PLACEMENT_3D('',#5180,#5181,#5182);
#5180 = CARTESIAN_POINT('',(-0.1875,-2.25,-2.7375));
#5181 = DIRECTION('',(-0.707106781187,0.,-0.707106781187));
#5182 = DIRECTION('',(0.,1.,0.));
#5183 = ADVANCED_FACE('',(#5184),#5195,.T.);
#5184 = FACE_BOUND('',#5185,.F.);
#5185 = EDGE_LOOP('',(#5186,#5187,#5188,#5189));
#5186 = ORIENTED_EDGE('',*,*,#5163,.F.);
#5187 = ORIENTED_EDGE('',*,*,#3652,.T.);
#5188 = ORIENTED_EDGE('',*,*,#5108,.T.);
#5189 = ORIENTED_EDGE('',*,*,#5190,.F.);
#5190 = EDGE_CURVE('',#5164,#5109,#5191,.T.);
#5191 = LINE('',#5192,#5193);
#5192 = CARTESIAN_POINT('',(-0.25,-2.125,-2.8));
#5193 = VECTOR('',#5194,1.);
#5194 = DIRECTION('',(1.,0.,0.));
#5195 = PLANE('',#5196);
#5196 = AXIS2_PLACEMENT_3D('',#5197,#5198,#5199);
#5197 = CARTESIAN_POINT('',(-0.25,-2.1875,-2.7375));
#5198 = DIRECTION('',(0.,-0.707106781187,-0.707106781187));
#5199 = DIRECTION('',(-1.,-0.,0.));
#5200 = ADVANCED_FACE('',(#5201),#5226,.F.);
#5201 = FACE_BOUND('',#5202,.T.);
#5202 = EDGE_LOOP('',(#5203,#5211,#5212,#5220));
#5203 = ORIENTED_EDGE('',*,*,#5204,.F.);
#5204 = EDGE_CURVE('',#3677,#5205,#5207,.T.);
#5205 = VERTEX_POINT('',#5206);
#5206 = CARTESIAN_POINT('',(1.875,0.125,-2.8));
#5207 = LINE('',#5208,#5209);
#5208 = CARTESIAN_POINT('',(1.875,0.125,-2.8));
#5209 = VECTOR('',#5210,1.);
#5210 = DIRECTION('',(0.57735026919,-0.57735026919,-0.57735026919));
#5211 = ORIENTED_EDGE('',*,*,#3676,.T.);
#5212 = ORIENTED_EDGE('',*,*,#5213,.T.);
#5213 = EDGE_CURVE('',#3669,#5214,#5216,.T.);
#5214 = VERTEX_POINT('',#5215);
#5215 = CARTESIAN_POINT('',(2.125,0.125,-2.8));
#5216 = LINE('',#5217,#5218);
#5217 = CARTESIAN_POINT('',(2.041666666667,4.166666666667E-02,
    -2.883333333333));
#5218 = VECTOR('',#5219,1.);
#5219 = DIRECTION('',(-0.57735026919,-0.57735026919,-0.57735026919));
#5220 = ORIENTED_EDGE('',*,*,#5221,.F.);
#5221 = EDGE_CURVE('',#5205,#5214,#5222,.T.);
#5222 = LINE('',#5223,#5224);
#5223 = CARTESIAN_POINT('',(1.75,0.125,-2.8));
#5224 = VECTOR('',#5225,1.);
#5225 = DIRECTION('',(1.,0.,0.));
#5226 = PLANE('',#5227);
#5227 = AXIS2_PLACEMENT_3D('',#5228,#5229,#5230);
#5228 = CARTESIAN_POINT('',(1.75,0.1875,-2.7375));
#5229 = DIRECTION('',(0.,-0.707106781187,0.707106781187));
#5230 = DIRECTION('',(-1.,0.,0.));
#5231 = ADVANCED_FACE('',(#5232),#5250,.T.);
#5232 = FACE_BOUND('',#5233,.T.);
#5233 = EDGE_LOOP('',(#5234,#5242,#5243,#5244));
#5234 = ORIENTED_EDGE('',*,*,#5235,.F.);
#5235 = EDGE_CURVE('',#3700,#5236,#5238,.T.);
#5236 = VERTEX_POINT('',#5237);
#5237 = CARTESIAN_POINT('',(1.875,-0.125,-2.8));
#5238 = LINE('',#5239,#5240);
#5239 = CARTESIAN_POINT('',(1.791666666667,-0.208333333333,
    -2.716666666667));
#5240 = VECTOR('',#5241,1.);
#5241 = DIRECTION('',(0.57735026919,0.57735026919,-0.57735026919));
#5242 = ORIENTED_EDGE('',*,*,#3707,.T.);
#5243 = ORIENTED_EDGE('',*,*,#5204,.T.);
#5244 = ORIENTED_EDGE('',*,*,#5245,.F.);
#5245 = EDGE_CURVE('',#5236,#5205,#5246,.T.);
#5246 = LINE('',#5247,#5248);
#5247 = CARTESIAN_POINT('',(1.875,-0.25,-2.8));
#5248 = VECTOR('',#5249,1.);
#5249 = DIRECTION('',(0.,1.,0.));
#5250 = PLANE('',#5251);
#5251 = AXIS2_PLACEMENT_3D('',#5252,#5253,#5254);
#5252 = CARTESIAN_POINT('',(1.8125,-0.25,-2.7375));
#5253 = DIRECTION('',(-0.707106781187,0.,-0.707106781187));
#5254 = DIRECTION('',(0.,1.,0.));
#5255 = ADVANCED_FACE('',(#5256),#5274,.T.);
#5256 = FACE_BOUND('',#5257,.F.);
#5257 = EDGE_LOOP('',(#5258,#5259,#5260,#5268));
#5258 = ORIENTED_EDGE('',*,*,#5235,.F.);
#5259 = ORIENTED_EDGE('',*,*,#3731,.T.);
#5260 = ORIENTED_EDGE('',*,*,#5261,.T.);
#5261 = EDGE_CURVE('',#3724,#5262,#5264,.T.);
#5262 = VERTEX_POINT('',#5263);
#5263 = CARTESIAN_POINT('',(2.125,-0.125,-2.8));
#5264 = LINE('',#5265,#5266);
#5265 = CARTESIAN_POINT('',(2.125,-0.125,-2.8));
#5266 = VECTOR('',#5267,1.);
#5267 = DIRECTION('',(-0.57735026919,0.57735026919,-0.57735026919));
#5268 = ORIENTED_EDGE('',*,*,#5269,.F.);
#5269 = EDGE_CURVE('',#5236,#5262,#5270,.T.);
#5270 = LINE('',#5271,#5272);
#5271 = CARTESIAN_POINT('',(1.75,-0.125,-2.8));
#5272 = VECTOR('',#5273,1.);
#5273 = DIRECTION('',(1.,0.,0.));
#5274 = PLANE('',#5275);
#5275 = AXIS2_PLACEMENT_3D('',#5276,#5277,#5278);
#5276 = CARTESIAN_POINT('',(1.75,-0.1875,-2.7375));
#5277 = DIRECTION('',(0.,-0.707106781187,-0.707106781187));
#5278 = DIRECTION('',(-1.,-0.,0.));
#5279 = ADVANCED_FACE('',(#5280),#5291,.F.);
#5280 = FACE_BOUND('',#5281,.F.);
#5281 = EDGE_LOOP('',(#5282,#5283,#5284,#5285));
#5282 = ORIENTED_EDGE('',*,*,#5261,.F.);
#5283 = ORIENTED_EDGE('',*,*,#3748,.T.);
#5284 = ORIENTED_EDGE('',*,*,#5213,.T.);
#5285 = ORIENTED_EDGE('',*,*,#5286,.F.);
#5286 = EDGE_CURVE('',#5262,#5214,#5287,.T.);
#5287 = LINE('',#5288,#5289);
#5288 = CARTESIAN_POINT('',(2.125,-0.25,-2.8));
#5289 = VECTOR('',#5290,1.);
#5290 = DIRECTION('',(0.,1.,0.));
#5291 = PLANE('',#5292);
#5292 = AXIS2_PLACEMENT_3D('',#5293,#5294,#5295);
#5293 = CARTESIAN_POINT('',(2.1875,-0.25,-2.7375));
#5294 = DIRECTION('',(-0.707106781187,0.,0.707106781187));
#5295 = DIRECTION('',(0.,1.,0.));
#5296 = ADVANCED_FACE('',(#5297),#5322,.F.);
#5297 = FACE_BOUND('',#5298,.T.);
#5298 = EDGE_LOOP('',(#5299,#5307,#5308,#5316));
#5299 = ORIENTED_EDGE('',*,*,#5300,.F.);
#5300 = EDGE_CURVE('',#3773,#5301,#5303,.T.);
#5301 = VERTEX_POINT('',#5302);
#5302 = CARTESIAN_POINT('',(1.875,-1.875,-2.8));
#5303 = LINE('',#5304,#5305);
#5304 = CARTESIAN_POINT('',(1.875,-1.875,-2.8));
#5305 = VECTOR('',#5306,1.);
#5306 = DIRECTION('',(0.57735026919,-0.57735026919,-0.57735026919));
#5307 = ORIENTED_EDGE('',*,*,#3772,.T.);
#5308 = ORIENTED_EDGE('',*,*,#5309,.T.);
#5309 = EDGE_CURVE('',#3765,#5310,#5312,.T.);
#5310 = VERTEX_POINT('',#5311);
#5311 = CARTESIAN_POINT('',(2.125,-1.875,-2.8));
#5312 = LINE('',#5313,#5314);
#5313 = CARTESIAN_POINT('',(2.041666666667,-1.958333333333,
    -2.883333333333));
#5314 = VECTOR('',#5315,1.);
#5315 = DIRECTION('',(-0.57735026919,-0.57735026919,-0.57735026919));
#5316 = ORIENTED_EDGE('',*,*,#5317,.F.);
#5317 = EDGE_CURVE('',#5301,#5310,#5318,.T.);
#5318 = LINE('',#5319,#5320);
#5319 = CARTESIAN_POINT('',(1.75,-1.875,-2.8));
#5320 = VECTOR('',#5321,1.);
#5321 = DIRECTION('',(1.,0.,0.));
#5322 = PLANE('',#5323);
#5323 = AXIS2_PLACEMENT_3D('',#5324,#5325,#5326);
#5324 = CARTESIAN_POINT('',(1.75,-1.8125,-2.7375));
#5325 = DIRECTION('',(0.,-0.707106781187,0.707106781187));
#5326 = DIRECTION('',(-1.,0.,0.));
#5327 = ADVANCED_FACE('',(#5328),#5346,.T.);
#5328 = FACE_BOUND('',#5329,.T.);
#5329 = EDGE_LOOP('',(#5330,#5338,#5339,#5340));
#5330 = ORIENTED_EDGE('',*,*,#5331,.F.);
#5331 = EDGE_CURVE('',#3796,#5332,#5334,.T.);
#5332 = VERTEX_POINT('',#5333);
#5333 = CARTESIAN_POINT('',(1.875,-2.125,-2.8));
#5334 = LINE('',#5335,#5336);
#5335 = CARTESIAN_POINT('',(1.791666666667,-2.208333333333,
    -2.716666666667));
#5336 = VECTOR('',#5337,1.);
#5337 = DIRECTION('',(0.57735026919,0.57735026919,-0.57735026919));
#5338 = ORIENTED_EDGE('',*,*,#3803,.T.);
#5339 = ORIENTED_EDGE('',*,*,#5300,.T.);
#5340 = ORIENTED_EDGE('',*,*,#5341,.F.);
#5341 = EDGE_CURVE('',#5332,#5301,#5342,.T.);
#5342 = LINE('',#5343,#5344);
#5343 = CARTESIAN_POINT('',(1.875,-2.25,-2.8));
#5344 = VECTOR('',#5345,1.);
#5345 = DIRECTION('',(0.,1.,0.));
#5346 = PLANE('',#5347);
#5347 = AXIS2_PLACEMENT_3D('',#5348,#5349,#5350);
#5348 = CARTESIAN_POINT('',(1.8125,-2.25,-2.7375));
#5349 = DIRECTION('',(-0.707106781187,0.,-0.707106781187));
#5350 = DIRECTION('',(0.,1.,0.));
#5351 = ADVANCED_FACE('',(#5352),#5370,.T.);
#5352 = FACE_BOUND('',#5353,.F.);
#5353 = EDGE_LOOP('',(#5354,#5355,#5356,#5364));
#5354 = ORIENTED_EDGE('',*,*,#5331,.F.);
#5355 = ORIENTED_EDGE('',*,*,#3827,.T.);
#5356 = ORIENTED_EDGE('',*,*,#5357,.T.);
#5357 = EDGE_CURVE('',#3820,#5358,#5360,.T.);
#5358 = VERTEX_POINT('',#5359);
#5359 = CARTESIAN_POINT('',(2.125,-2.125,-2.8));
#5360 = LINE('',#5361,#5362);
#5361 = CARTESIAN_POINT('',(2.125,-2.125,-2.8));
#5362 = VECTOR('',#5363,1.);
#5363 = DIRECTION('',(-0.57735026919,0.57735026919,-0.57735026919));
#5364 = ORIENTED_EDGE('',*,*,#5365,.F.);
#5365 = EDGE_CURVE('',#5332,#5358,#5366,.T.);
#5366 = LINE('',#5367,#5368);
#5367 = CARTESIAN_POINT('',(1.75,-2.125,-2.8));
#5368 = VECTOR('',#5369,1.);
#5369 = DIRECTION('',(1.,0.,0.));
#5370 = PLANE('',#5371);
#5371 = AXIS2_PLACEMENT_3D('',#5372,#5373,#5374);
#5372 = CARTESIAN_POINT('',(1.75,-2.1875,-2.7375));
#5373 = DIRECTION('',(0.,-0.707106781187,-0.707106781187));
#5374 = DIRECTION('',(-1.,-0.,0.));
#5375 = ADVANCED_FACE('',(#5376),#5387,.F.);
#5376 = FACE_BOUND('',#5377,.F.);
#5377 = EDGE_LOOP('',(#5378,#5379,#5380,#5381));
#5378 = ORIENTED_EDGE('',*,*,#5357,.F.);
#5379 = ORIENTED_EDGE('',*,*,#3844,.T.);
#5380 = ORIENTED_EDGE('',*,*,#5309,.T.);
#5381 = ORIENTED_EDGE('',*,*,#5382,.F.);
#5382 = EDGE_CURVE('',#5358,#5310,#5383,.T.);
#5383 = LINE('',#5384,#5385);
#5384 = CARTESIAN_POINT('',(2.125,-2.25,-2.8));
#5385 = VECTOR('',#5386,1.);
#5386 = DIRECTION('',(0.,1.,0.));
#5387 = PLANE('',#5388);
#5388 = AXIS2_PLACEMENT_3D('',#5389,#5390,#5391);
#5389 = CARTESIAN_POINT('',(2.1875,-2.25,-2.7375));
#5390 = DIRECTION('',(-0.707106781187,0.,0.707106781187));
#5391 = DIRECTION('',(0.,1.,0.));
#5392 = ADVANCED_FACE('',(#5393),#5418,.T.);
#5393 = FACE_BOUND('',#5394,.F.);
#5394 = EDGE_LOOP('',(#5395,#5403,#5404,#5412));
#5395 = ORIENTED_EDGE('',*,*,#5396,.F.);
#5396 = EDGE_CURVE('',#3869,#5397,#5399,.T.);
#5397 = VERTEX_POINT('',#5398);
#5398 = CARTESIAN_POINT('',(-0.125,-6.125,-2.8));
#5399 = LINE('',#5400,#5401);
#5400 = CARTESIAN_POINT('',(-0.208333333333,-6.208333333333,
    -2.716666666667));
#5401 = VECTOR('',#5402,1.);
#5402 = DIRECTION('',(0.57735026919,0.57735026919,-0.57735026919));
#5403 = ORIENTED_EDGE('',*,*,#3868,.T.);
#5404 = ORIENTED_EDGE('',*,*,#5405,.T.);
#5405 = EDGE_CURVE('',#3861,#5406,#5408,.T.);
#5406 = VERTEX_POINT('',#5407);
#5407 = CARTESIAN_POINT('',(0.125,-6.125,-2.8));
#5408 = LINE('',#5409,#5410);
#5409 = CARTESIAN_POINT('',(0.125,-6.125,-2.8));
#5410 = VECTOR('',#5411,1.);
#5411 = DIRECTION('',(-0.57735026919,0.57735026919,-0.57735026919));
#5412 = ORIENTED_EDGE('',*,*,#5413,.F.);
#5413 = EDGE_CURVE('',#5397,#5406,#5414,.T.);
#5414 = LINE('',#5415,#5416);
#5415 = CARTESIAN_POINT('',(-0.25,-6.125,-2.8));
#5416 = VECTOR('',#5417,1.);
#5417 = DIRECTION('',(1.,0.,0.));
#5418 = PLANE('',#5419);
#5419 = AXIS2_PLACEMENT_3D('',#5420,#5421,#5422);
#5420 = CARTESIAN_POINT('',(-0.25,-6.1875,-2.7375));
#5421 = DIRECTION('',(0.,-0.707106781187,-0.707106781187));
#5422 = DIRECTION('',(-1.,-0.,0.));
#5423 = ADVANCED_FACE('',(#5424),#5442,.F.);
#5424 = FACE_BOUND('',#5425,.F.);
#5425 = EDGE_LOOP('',(#5426,#5427,#5428,#5436));
#5426 = ORIENTED_EDGE('',*,*,#5405,.F.);
#5427 = ORIENTED_EDGE('',*,*,#3892,.T.);
#5428 = ORIENTED_EDGE('',*,*,#5429,.T.);
#5429 = EDGE_CURVE('',#3893,#5430,#5432,.T.);
#5430 = VERTEX_POINT('',#5431);
#5431 = CARTESIAN_POINT('',(0.125,-5.875,-2.8));
#5432 = LINE('',#5433,#5434);
#5433 = CARTESIAN_POINT('',(4.166666666667E-02,-5.958333333333,
    -2.883333333333));
#5434 = VECTOR('',#5435,1.);
#5435 = DIRECTION('',(-0.57735026919,-0.57735026919,-0.57735026919));
#5436 = ORIENTED_EDGE('',*,*,#5437,.F.);
#5437 = EDGE_CURVE('',#5406,#5430,#5438,.T.);
#5438 = LINE('',#5439,#5440);
#5439 = CARTESIAN_POINT('',(0.125,-6.25,-2.8));
#5440 = VECTOR('',#5441,1.);
#5441 = DIRECTION('',(0.,1.,0.));
#5442 = PLANE('',#5443);
#5443 = AXIS2_PLACEMENT_3D('',#5444,#5445,#5446);
#5444 = CARTESIAN_POINT('',(0.1875,-6.25,-2.7375));
#5445 = DIRECTION('',(-0.707106781187,0.,0.707106781187));
#5446 = DIRECTION('',(0.,1.,0.));
#5447 = ADVANCED_FACE('',(#5448),#5466,.F.);
#5448 = FACE_BOUND('',#5449,.T.);
#5449 = EDGE_LOOP('',(#5450,#5458,#5459,#5460));
#5450 = ORIENTED_EDGE('',*,*,#5451,.F.);
#5451 = EDGE_CURVE('',#3917,#5452,#5454,.T.);
#5452 = VERTEX_POINT('',#5453);
#5453 = CARTESIAN_POINT('',(-0.125,-5.875,-2.8));
#5454 = LINE('',#5455,#5456);
#5455 = CARTESIAN_POINT('',(-0.125,-5.875,-2.8));
#5456 = VECTOR('',#5457,1.);
#5457 = DIRECTION('',(0.57735026919,-0.57735026919,-0.57735026919));
#5458 = ORIENTED_EDGE('',*,*,#3916,.T.);
#5459 = ORIENTED_EDGE('',*,*,#5429,.T.);
#5460 = ORIENTED_EDGE('',*,*,#5461,.F.);
#5461 = EDGE_CURVE('',#5452,#5430,#5462,.T.);
#5462 = LINE('',#5463,#5464);
#5463 = CARTESIAN_POINT('',(-0.25,-5.875,-2.8));
#5464 = VECTOR('',#5465,1.);
#5465 = DIRECTION('',(1.,0.,0.));
#5466 = PLANE('',#5467);
#5467 = AXIS2_PLACEMENT_3D('',#5468,#5469,#5470);
#5468 = CARTESIAN_POINT('',(-0.25,-5.8125,-2.7375));
#5469 = DIRECTION('',(0.,-0.707106781187,0.707106781187));
#5470 = DIRECTION('',(-1.,0.,0.));
#5471 = ADVANCED_FACE('',(#5472),#5483,.T.);
#5472 = FACE_BOUND('',#5473,.T.);
#5473 = EDGE_LOOP('',(#5474,#5475,#5476,#5477));
#5474 = ORIENTED_EDGE('',*,*,#5396,.F.);
#5475 = ORIENTED_EDGE('',*,*,#3940,.T.);
#5476 = ORIENTED_EDGE('',*,*,#5451,.T.);
#5477 = ORIENTED_EDGE('',*,*,#5478,.F.);
#5478 = EDGE_CURVE('',#5397,#5452,#5479,.T.);
#5479 = LINE('',#5480,#5481);
#5480 = CARTESIAN_POINT('',(-0.125,-6.25,-2.8));
#5481 = VECTOR('',#5482,1.);
#5482 = DIRECTION('',(0.,1.,0.));
#5483 = PLANE('',#5484);
#5484 = AXIS2_PLACEMENT_3D('',#5485,#5486,#5487);
#5485 = CARTESIAN_POINT('',(-0.1875,-6.25,-2.7375));
#5486 = DIRECTION('',(-0.707106781187,0.,-0.707106781187));
#5487 = DIRECTION('',(0.,1.,0.));
#5488 = ADVANCED_FACE('',(#5489),#5514,.F.);
#5489 = FACE_BOUND('',#5490,.T.);
#5490 = EDGE_LOOP('',(#5491,#5499,#5500,#5508));
#5491 = ORIENTED_EDGE('',*,*,#5492,.F.);
#5492 = EDGE_CURVE('',#3965,#5493,#5495,.T.);
#5493 = VERTEX_POINT('',#5494);
#5494 = CARTESIAN_POINT('',(1.875,-5.875,-2.8));
#5495 = LINE('',#5496,#5497);
#5496 = CARTESIAN_POINT('',(1.875,-5.875,-2.8));
#5497 = VECTOR('',#5498,1.);
#5498 = DIRECTION('',(0.57735026919,-0.57735026919,-0.57735026919));
#5499 = ORIENTED_EDGE('',*,*,#3964,.T.);
#5500 = ORIENTED_EDGE('',*,*,#5501,.T.);
#5501 = EDGE_CURVE('',#3957,#5502,#5504,.T.);
#5502 = VERTEX_POINT('',#5503);
#5503 = CARTESIAN_POINT('',(2.125,-5.875,-2.8));
#5504 = LINE('',#5505,#5506);
#5505 = CARTESIAN_POINT('',(2.041666666667,-5.958333333333,
    -2.883333333333));
#5506 = VECTOR('',#5507,1.);
#5507 = DIRECTION('',(-0.57735026919,-0.57735026919,-0.57735026919));
#5508 = ORIENTED_EDGE('',*,*,#5509,.F.);
#5509 = EDGE_CURVE('',#5493,#5502,#5510,.T.);
#5510 = LINE('',#5511,#5512);
#5511 = CARTESIAN_POINT('',(1.75,-5.875,-2.8));
#5512 = VECTOR('',#5513,1.);
#5513 = DIRECTION('',(1.,0.,0.));
#5514 = PLANE('',#5515);
#5515 = AXIS2_PLACEMENT_3D('',#5516,#5517,#5518);
#5516 = CARTESIAN_POINT('',(1.75,-5.8125,-2.7375));
#5517 = DIRECTION('',(0.,-0.707106781187,0.707106781187));
#5518 = DIRECTION('',(-1.,0.,0.));
#5519 = ADVANCED_FACE('',(#5520),#5538,.T.);
#5520 = FACE_BOUND('',#5521,.T.);
#5521 = EDGE_LOOP('',(#5522,#5530,#5531,#5532));
#5522 = ORIENTED_EDGE('',*,*,#5523,.F.);
#5523 = EDGE_CURVE('',#3988,#5524,#5526,.T.);
#5524 = VERTEX_POINT('',#5525);
#5525 = CARTESIAN_POINT('',(1.875,-6.125,-2.8));
#5526 = LINE('',#5527,#5528);
#5527 = CARTESIAN_POINT('',(1.791666666667,-6.208333333333,
    -2.716666666667));
#5528 = VECTOR('',#5529,1.);
#5529 = DIRECTION('',(0.57735026919,0.57735026919,-0.57735026919));
#5530 = ORIENTED_EDGE('',*,*,#3995,.T.);
#5531 = ORIENTED_EDGE('',*,*,#5492,.T.);
#5532 = ORIENTED_EDGE('',*,*,#5533,.F.);
#5533 = EDGE_CURVE('',#5524,#5493,#5534,.T.);
#5534 = LINE('',#5535,#5536);
#5535 = CARTESIAN_POINT('',(1.875,-6.25,-2.8));
#5536 = VECTOR('',#5537,1.);
#5537 = DIRECTION('',(0.,1.,0.));
#5538 = PLANE('',#5539);
#5539 = AXIS2_PLACEMENT_3D('',#5540,#5541,#5542);
#5540 = CARTESIAN_POINT('',(1.8125,-6.25,-2.7375));
#5541 = DIRECTION('',(-0.707106781187,0.,-0.707106781187));
#5542 = DIRECTION('',(0.,1.,0.));
#5543 = ADVANCED_FACE('',(#5544),#5562,.T.);
#5544 = FACE_BOUND('',#5545,.F.);
#5545 = EDGE_LOOP('',(#5546,#5547,#5548,#5556));
#5546 = ORIENTED_EDGE('',*,*,#5523,.F.);
#5547 = ORIENTED_EDGE('',*,*,#4019,.T.);
#5548 = ORIENTED_EDGE('',*,*,#5549,.T.);
#5549 = EDGE_CURVE('',#4012,#5550,#5552,.T.);
#5550 = VERTEX_POINT('',#5551);
#5551 = CARTESIAN_POINT('',(2.125,-6.125,-2.8));
#5552 = LINE('',#5553,#5554);
#5553 = CARTESIAN_POINT('',(2.125,-6.125,-2.8));
#5554 = VECTOR('',#5555,1.);
#5555 = DIRECTION('',(-0.57735026919,0.57735026919,-0.57735026919));
#5556 = ORIENTED_EDGE('',*,*,#5557,.F.);
#5557 = EDGE_CURVE('',#5524,#5550,#5558,.T.);
#5558 = LINE('',#5559,#5560);
#5559 = CARTESIAN_POINT('',(1.75,-6.125,-2.8));
#5560 = VECTOR('',#5561,1.);
#5561 = DIRECTION('',(1.,0.,0.));
#5562 = PLANE('',#5563);
#5563 = AXIS2_PLACEMENT_3D('',#5564,#5565,#5566);
#5564 = CARTESIAN_POINT('',(1.75,-6.1875,-2.7375));
#5565 = DIRECTION('',(0.,-0.707106781187,-0.707106781187));
#5566 = DIRECTION('',(-1.,-0.,0.));
#5567 = ADVANCED_FACE('',(#5568),#5579,.F.);
#5568 = FACE_BOUND('',#5569,.F.);
#5569 = EDGE_LOOP('',(#5570,#5571,#5572,#5573));
#5570 = ORIENTED_EDGE('',*,*,#5549,.F.);
#5571 = ORIENTED_EDGE('',*,*,#4036,.T.);
#5572 = ORIENTED_EDGE('',*,*,#5501,.T.);
#5573 = ORIENTED_EDGE('',*,*,#5574,.F.);
#5574 = EDGE_CURVE('',#5550,#5502,#5575,.T.);
#5575 = LINE('',#5576,#5577);
#5576 = CARTESIAN_POINT('',(2.125,-6.25,-2.8));
#5577 = VECTOR('',#5578,1.);
#5578 = DIRECTION('',(0.,1.,0.));
#5579 = PLANE('',#5580);
#5580 = AXIS2_PLACEMENT_3D('',#5581,#5582,#5583);
#5581 = CARTESIAN_POINT('',(2.1875,-6.25,-2.7375));
#5582 = DIRECTION('',(-0.707106781187,0.,0.707106781187));
#5583 = DIRECTION('',(0.,1.,0.));
#5584 = ADVANCED_FACE('',(#5585),#5610,.T.);
#5585 = FACE_BOUND('',#5586,.F.);
#5586 = EDGE_LOOP('',(#5587,#5595,#5596,#5604));
#5587 = ORIENTED_EDGE('',*,*,#5588,.F.);
#5588 = EDGE_CURVE('',#4062,#5589,#5591,.T.);
#5589 = VERTEX_POINT('',#5590);
#5590 = CARTESIAN_POINT('',(1.875,-3.875,6.));
#5591 = LINE('',#5592,#5593);
#5592 = CARTESIAN_POINT('',(1.875,-3.875,6.));
#5593 = VECTOR('',#5594,1.);
#5594 = DIRECTION('',(0.57735026919,-0.57735026919,0.57735026919));
#5595 = ORIENTED_EDGE('',*,*,#4069,.T.);
#5596 = ORIENTED_EDGE('',*,*,#5597,.T.);
#5597 = EDGE_CURVE('',#4053,#5598,#5600,.T.);
#5598 = VERTEX_POINT('',#5599);
#5599 = CARTESIAN_POINT('',(2.125,-3.875,6.));
#5600 = LINE('',#5601,#5602);
#5601 = CARTESIAN_POINT('',(2.041666666667,-3.958333333333,
    6.083333333333));
#5602 = VECTOR('',#5603,1.);
#5603 = DIRECTION('',(-0.57735026919,-0.57735026919,0.57735026919));
#5604 = ORIENTED_EDGE('',*,*,#5605,.F.);
#5605 = EDGE_CURVE('',#5589,#5598,#5606,.T.);
#5606 = LINE('',#5607,#5608);
#5607 = CARTESIAN_POINT('',(1.75,-3.875,6.));
#5608 = VECTOR('',#5609,1.);
#5609 = DIRECTION('',(1.,0.,0.));
#5610 = PLANE('',#5611);
#5611 = AXIS2_PLACEMENT_3D('',#5612,#5613,#5614);
#5612 = CARTESIAN_POINT('',(1.75,-3.8125,5.9375));
#5613 = DIRECTION('',(0.,0.707106781187,0.707106781187));
#5614 = DIRECTION('',(-1.,0.,0.));
#5615 = ADVANCED_FACE('',(#5616),#5634,.F.);
#5616 = FACE_BOUND('',#5617,.F.);
#5617 = EDGE_LOOP('',(#5618,#5626,#5627,#5628));
#5618 = ORIENTED_EDGE('',*,*,#5619,.F.);
#5619 = EDGE_CURVE('',#4084,#5620,#5622,.T.);
#5620 = VERTEX_POINT('',#5621);
#5621 = CARTESIAN_POINT('',(1.875,-4.125,6.));
#5622 = LINE('',#5623,#5624);
#5623 = CARTESIAN_POINT('',(1.791666666667,-4.208333333333,
    5.916666666667));
#5624 = VECTOR('',#5625,1.);
#5625 = DIRECTION('',(0.57735026919,0.57735026919,0.57735026919));
#5626 = ORIENTED_EDGE('',*,*,#4093,.T.);
#5627 = ORIENTED_EDGE('',*,*,#5588,.T.);
#5628 = ORIENTED_EDGE('',*,*,#5629,.F.);
#5629 = EDGE_CURVE('',#5620,#5589,#5630,.T.);
#5630 = LINE('',#5631,#5632);
#5631 = CARTESIAN_POINT('',(1.875,-4.25,6.));
#5632 = VECTOR('',#5633,1.);
#5633 = DIRECTION('',(0.,1.,0.));
#5634 = PLANE('',#5635);
#5635 = AXIS2_PLACEMENT_3D('',#5636,#5637,#5638);
#5636 = CARTESIAN_POINT('',(1.8125,-4.25,5.9375));
#5637 = DIRECTION('',(0.707106781187,0.,-0.707106781187));
#5638 = DIRECTION('',(0.,1.,0.));
#5639 = ADVANCED_FACE('',(#5640),#5658,.F.);
#5640 = FACE_BOUND('',#5641,.T.);
#5641 = EDGE_LOOP('',(#5642,#5643,#5644,#5652));
#5642 = ORIENTED_EDGE('',*,*,#5619,.F.);
#5643 = ORIENTED_EDGE('',*,*,#4117,.T.);
#5644 = ORIENTED_EDGE('',*,*,#5645,.T.);
#5645 = EDGE_CURVE('',#4108,#5646,#5648,.T.);
#5646 = VERTEX_POINT('',#5647);
#5647 = CARTESIAN_POINT('',(2.125,-4.125,6.));
#5648 = LINE('',#5649,#5650);
#5649 = CARTESIAN_POINT('',(2.125,-4.125,6.));
#5650 = VECTOR('',#5651,1.);
#5651 = DIRECTION('',(-0.57735026919,0.57735026919,0.57735026919));
#5652 = ORIENTED_EDGE('',*,*,#5653,.F.);
#5653 = EDGE_CURVE('',#5620,#5646,#5654,.T.);
#5654 = LINE('',#5655,#5656);
#5655 = CARTESIAN_POINT('',(1.75,-4.125,6.));
#5656 = VECTOR('',#5657,1.);
#5657 = DIRECTION('',(1.,0.,0.));
#5658 = PLANE('',#5659);
#5659 = AXIS2_PLACEMENT_3D('',#5660,#5661,#5662);
#5660 = CARTESIAN_POINT('',(1.75,-4.1875,5.9375));
#5661 = DIRECTION('',(0.,0.707106781187,-0.707106781187));
#5662 = DIRECTION('',(-1.,0.,-0.));
#5663 = ADVANCED_FACE('',(#5664),#5675,.T.);
#5664 = FACE_BOUND('',#5665,.T.);
#5665 = EDGE_LOOP('',(#5666,#5667,#5668,#5669));
#5666 = ORIENTED_EDGE('',*,*,#5645,.F.);
#5667 = ORIENTED_EDGE('',*,*,#4134,.T.);
#5668 = ORIENTED_EDGE('',*,*,#5597,.T.);
#5669 = ORIENTED_EDGE('',*,*,#5670,.F.);
#5670 = EDGE_CURVE('',#5646,#5598,#5671,.T.);
#5671 = LINE('',#5672,#5673);
#5672 = CARTESIAN_POINT('',(2.125,-4.25,6.));
#5673 = VECTOR('',#5674,1.);
#5674 = DIRECTION('',(0.,1.,0.));
#5675 = PLANE('',#5676);
#5676 = AXIS2_PLACEMENT_3D('',#5677,#5678,#5679);
#5677 = CARTESIAN_POINT('',(2.1875,-4.25,5.9375));
#5678 = DIRECTION('',(0.707106781187,0.,0.707106781187));
#5679 = DIRECTION('',(-0.,1.,0.));
#5680 = ADVANCED_FACE('',(#5681),#5706,.T.);
#5681 = FACE_BOUND('',#5682,.T.);
#5682 = EDGE_LOOP('',(#5683,#5691,#5692,#5700));
#5683 = ORIENTED_EDGE('',*,*,#5684,.F.);
#5684 = EDGE_CURVE('',#4149,#5685,#5687,.T.);
#5685 = VERTEX_POINT('',#5686);
#5686 = CARTESIAN_POINT('',(0.125,-4.125,6.));
#5687 = LINE('',#5688,#5689);
#5688 = CARTESIAN_POINT('',(0.125,-4.125,6.));
#5689 = VECTOR('',#5690,1.);
#5690 = DIRECTION('',(-0.57735026919,0.57735026919,0.57735026919));
#5691 = ORIENTED_EDGE('',*,*,#4165,.T.);
#5692 = ORIENTED_EDGE('',*,*,#5693,.T.);
#5693 = EDGE_CURVE('',#4158,#5694,#5696,.T.);
#5694 = VERTEX_POINT('',#5695);
#5695 = CARTESIAN_POINT('',(0.125,-3.875,6.));
#5696 = LINE('',#5697,#5698);
#5697 = CARTESIAN_POINT('',(4.166666666667E-02,-3.958333333333,
    6.083333333333));
#5698 = VECTOR('',#5699,1.);
#5699 = DIRECTION('',(-0.57735026919,-0.57735026919,0.57735026919));
#5700 = ORIENTED_EDGE('',*,*,#5701,.F.);
#5701 = EDGE_CURVE('',#5685,#5694,#5702,.T.);
#5702 = LINE('',#5703,#5704);
#5703 = CARTESIAN_POINT('',(0.125,-4.25,6.));
#5704 = VECTOR('',#5705,1.);
#5705 = DIRECTION('',(0.,1.,0.));
#5706 = PLANE('',#5707);
#5707 = AXIS2_PLACEMENT_3D('',#5708,#5709,#5710);
#5708 = CARTESIAN_POINT('',(0.1875,-4.25,5.9375));
#5709 = DIRECTION('',(0.707106781187,0.,0.707106781187));
#5710 = DIRECTION('',(-0.,1.,0.));
#5711 = ADVANCED_FACE('',(#5712),#5730,.T.);
#5712 = FACE_BOUND('',#5713,.F.);
#5713 = EDGE_LOOP('',(#5714,#5722,#5723,#5724));
#5714 = ORIENTED_EDGE('',*,*,#5715,.F.);
#5715 = EDGE_CURVE('',#4182,#5716,#5718,.T.);
#5716 = VERTEX_POINT('',#5717);
#5717 = CARTESIAN_POINT('',(-0.125,-3.875,6.));
#5718 = LINE('',#5719,#5720);
#5719 = CARTESIAN_POINT('',(-0.125,-3.875,6.));
#5720 = VECTOR('',#5721,1.);
#5721 = DIRECTION('',(0.57735026919,-0.57735026919,0.57735026919));
#5722 = ORIENTED_EDGE('',*,*,#4189,.T.);
#5723 = ORIENTED_EDGE('',*,*,#5693,.T.);
#5724 = ORIENTED_EDGE('',*,*,#5725,.F.);
#5725 = EDGE_CURVE('',#5716,#5694,#5726,.T.);
#5726 = LINE('',#5727,#5728);
#5727 = CARTESIAN_POINT('',(-0.25,-3.875,6.));
#5728 = VECTOR('',#5729,1.);
#5729 = DIRECTION('',(1.,0.,0.));
#5730 = PLANE('',#5731);
#5731 = AXIS2_PLACEMENT_3D('',#5732,#5733,#5734);
#5732 = CARTESIAN_POINT('',(-0.25,-3.8125,5.9375));
#5733 = DIRECTION('',(0.,0.707106781187,0.707106781187));
#5734 = DIRECTION('',(-1.,0.,0.));
#5735 = ADVANCED_FACE('',(#5736),#5754,.F.);
#5736 = FACE_BOUND('',#5737,.F.);
#5737 = EDGE_LOOP('',(#5738,#5746,#5747,#5748));
#5738 = ORIENTED_EDGE('',*,*,#5739,.F.);
#5739 = EDGE_CURVE('',#4204,#5740,#5742,.T.);
#5740 = VERTEX_POINT('',#5741);
#5741 = CARTESIAN_POINT('',(-0.125,-4.125,6.));
#5742 = LINE('',#5743,#5744);
#5743 = CARTESIAN_POINT('',(-0.208333333333,-4.208333333333,
    5.916666666667));
#5744 = VECTOR('',#5745,1.);
#5745 = DIRECTION('',(0.57735026919,0.57735026919,0.57735026919));
#5746 = ORIENTED_EDGE('',*,*,#4213,.T.);
#5747 = ORIENTED_EDGE('',*,*,#5715,.T.);
#5748 = ORIENTED_EDGE('',*,*,#5749,.F.);
#5749 = EDGE_CURVE('',#5740,#5716,#5750,.T.);
#5750 = LINE('',#5751,#5752);
#5751 = CARTESIAN_POINT('',(-0.125,-4.25,6.));
#5752 = VECTOR('',#5753,1.);
#5753 = DIRECTION('',(0.,1.,0.));
#5754 = PLANE('',#5755);
#5755 = AXIS2_PLACEMENT_3D('',#5756,#5757,#5758);
#5756 = CARTESIAN_POINT('',(-0.1875,-4.25,5.9375));
#5757 = DIRECTION('',(0.707106781187,0.,-0.707106781187));
#5758 = DIRECTION('',(0.,1.,0.));
#5759 = ADVANCED_FACE('',(#5760),#5771,.F.);
#5760 = FACE_BOUND('',#5761,.T.);
#5761 = EDGE_LOOP('',(#5762,#5763,#5764,#5765));
#5762 = ORIENTED_EDGE('',*,*,#5739,.F.);
#5763 = ORIENTED_EDGE('',*,*,#4230,.T.);
#5764 = ORIENTED_EDGE('',*,*,#5684,.T.);
#5765 = ORIENTED_EDGE('',*,*,#5766,.F.);
#5766 = EDGE_CURVE('',#5740,#5685,#5767,.T.);
#5767 = LINE('',#5768,#5769);
#5768 = CARTESIAN_POINT('',(-0.25,-4.125,6.));
#5769 = VECTOR('',#5770,1.);
#5770 = DIRECTION('',(1.,0.,0.));
#5771 = PLANE('',#5772);
#5772 = AXIS2_PLACEMENT_3D('',#5773,#5774,#5775);
#5773 = CARTESIAN_POINT('',(-0.25,-4.1875,5.9375));
#5774 = DIRECTION('',(0.,0.707106781187,-0.707106781187));
#5775 = DIRECTION('',(-1.,0.,-0.));
#5776 = ADVANCED_FACE('',(#5777),#5802,.T.);
#5777 = FACE_BOUND('',#5778,.F.);
#5778 = EDGE_LOOP('',(#5779,#5787,#5788,#5796));
#5779 = ORIENTED_EDGE('',*,*,#5780,.F.);
#5780 = EDGE_CURVE('',#4254,#5781,#5783,.T.);
#5781 = VERTEX_POINT('',#5782);
#5782 = CARTESIAN_POINT('',(-0.125,0.125,6.));
#5783 = LINE('',#5784,#5785);
#5784 = CARTESIAN_POINT('',(-0.125,0.125,6.));
#5785 = VECTOR('',#5786,1.);
#5786 = DIRECTION('',(0.57735026919,-0.57735026919,0.57735026919));
#5787 = ORIENTED_EDGE('',*,*,#4261,.T.);
#5788 = ORIENTED_EDGE('',*,*,#5789,.T.);
#5789 = EDGE_CURVE('',#4245,#5790,#5792,.T.);
#5790 = VERTEX_POINT('',#5791);
#5791 = CARTESIAN_POINT('',(0.125,0.125,6.));
#5792 = LINE('',#5793,#5794);
#5793 = CARTESIAN_POINT('',(4.166666666667E-02,4.166666666667E-02,
    6.083333333333));
#5794 = VECTOR('',#5795,1.);
#5795 = DIRECTION('',(-0.57735026919,-0.57735026919,0.57735026919));
#5796 = ORIENTED_EDGE('',*,*,#5797,.F.);
#5797 = EDGE_CURVE('',#5781,#5790,#5798,.T.);
#5798 = LINE('',#5799,#5800);
#5799 = CARTESIAN_POINT('',(-0.25,0.125,6.));
#5800 = VECTOR('',#5801,1.);
#5801 = DIRECTION('',(1.,0.,0.));
#5802 = PLANE('',#5803);
#5803 = AXIS2_PLACEMENT_3D('',#5804,#5805,#5806);
#5804 = CARTESIAN_POINT('',(-0.25,0.1875,5.9375));
#5805 = DIRECTION('',(0.,0.707106781187,0.707106781187));
#5806 = DIRECTION('',(-1.,0.,0.));
#5807 = ADVANCED_FACE('',(#5808),#5826,.F.);
#5808 = FACE_BOUND('',#5809,.F.);
#5809 = EDGE_LOOP('',(#5810,#5818,#5819,#5820));
#5810 = ORIENTED_EDGE('',*,*,#5811,.F.);
#5811 = EDGE_CURVE('',#4276,#5812,#5814,.T.);
#5812 = VERTEX_POINT('',#5813);
#5813 = CARTESIAN_POINT('',(-0.125,-0.125,6.));
#5814 = LINE('',#5815,#5816);
#5815 = CARTESIAN_POINT('',(-0.208333333333,-0.208333333333,
    5.916666666667));
#5816 = VECTOR('',#5817,1.);
#5817 = DIRECTION('',(0.57735026919,0.57735026919,0.57735026919));
#5818 = ORIENTED_EDGE('',*,*,#4285,.T.);
#5819 = ORIENTED_EDGE('',*,*,#5780,.T.);
#5820 = ORIENTED_EDGE('',*,*,#5821,.F.);
#5821 = EDGE_CURVE('',#5812,#5781,#5822,.T.);
#5822 = LINE('',#5823,#5824);
#5823 = CARTESIAN_POINT('',(-0.125,-0.25,6.));
#5824 = VECTOR('',#5825,1.);
#5825 = DIRECTION('',(0.,1.,0.));
#5826 = PLANE('',#5827);
#5827 = AXIS2_PLACEMENT_3D('',#5828,#5829,#5830);
#5828 = CARTESIAN_POINT('',(-0.1875,-0.25,5.9375));
#5829 = DIRECTION('',(0.707106781187,0.,-0.707106781187));
#5830 = DIRECTION('',(0.,1.,0.));
#5831 = ADVANCED_FACE('',(#5832),#5850,.F.);
#5832 = FACE_BOUND('',#5833,.T.);
#5833 = EDGE_LOOP('',(#5834,#5835,#5836,#5844));
#5834 = ORIENTED_EDGE('',*,*,#5811,.F.);
#5835 = ORIENTED_EDGE('',*,*,#4309,.T.);
#5836 = ORIENTED_EDGE('',*,*,#5837,.T.);
#5837 = EDGE_CURVE('',#4300,#5838,#5840,.T.);
#5838 = VERTEX_POINT('',#5839);
#5839 = CARTESIAN_POINT('',(0.125,-0.125,6.));
#5840 = LINE('',#5841,#5842);
#5841 = CARTESIAN_POINT('',(0.125,-0.125,6.));
#5842 = VECTOR('',#5843,1.);
#5843 = DIRECTION('',(-0.57735026919,0.57735026919,0.57735026919));
#5844 = ORIENTED_EDGE('',*,*,#5845,.F.);
#5845 = EDGE_CURVE('',#5812,#5838,#5846,.T.);
#5846 = LINE('',#5847,#5848);
#5847 = CARTESIAN_POINT('',(-0.25,-0.125,6.));
#5848 = VECTOR('',#5849,1.);
#5849 = DIRECTION('',(1.,0.,0.));
#5850 = PLANE('',#5851);
#5851 = AXIS2_PLACEMENT_3D('',#5852,#5853,#5854);
#5852 = CARTESIAN_POINT('',(-0.25,-0.1875,5.9375));
#5853 = DIRECTION('',(0.,0.707106781187,-0.707106781187));
#5854 = DIRECTION('',(-1.,0.,-0.));
#5855 = ADVANCED_FACE('',(#5856),#5867,.T.);
#5856 = FACE_BOUND('',#5857,.T.);
#5857 = EDGE_LOOP('',(#5858,#5859,#5860,#5861));
#5858 = ORIENTED_EDGE('',*,*,#5837,.F.);
#5859 = ORIENTED_EDGE('',*,*,#4326,.T.);
#5860 = ORIENTED_EDGE('',*,*,#5789,.T.);
#5861 = ORIENTED_EDGE('',*,*,#5862,.F.);
#5862 = EDGE_CURVE('',#5838,#5790,#5863,.T.);
#5863 = LINE('',#5864,#5865);
#5864 = CARTESIAN_POINT('',(0.125,-0.25,6.));
#5865 = VECTOR('',#5866,1.);
#5866 = DIRECTION('',(0.,1.,0.));
#5867 = PLANE('',#5868);
#5868 = AXIS2_PLACEMENT_3D('',#5869,#5870,#5871);
#5869 = CARTESIAN_POINT('',(0.1875,-0.25,5.9375));
#5870 = DIRECTION('',(0.707106781187,0.,0.707106781187));
#5871 = DIRECTION('',(-0.,1.,0.));
#5872 = ADVANCED_FACE('',(#5873),#5898,.T.);
#5873 = FACE_BOUND('',#5874,.T.);
#5874 = EDGE_LOOP('',(#5875,#5883,#5884,#5892));
#5875 = ORIENTED_EDGE('',*,*,#5876,.F.);
#5876 = EDGE_CURVE('',#4341,#5877,#5879,.T.);
#5877 = VERTEX_POINT('',#5878);
#5878 = CARTESIAN_POINT('',(0.125,-2.125,6.));
#5879 = LINE('',#5880,#5881);
#5880 = CARTESIAN_POINT('',(0.125,-2.125,6.));
#5881 = VECTOR('',#5882,1.);
#5882 = DIRECTION('',(-0.57735026919,0.57735026919,0.57735026919));
#5883 = ORIENTED_EDGE('',*,*,#4357,.T.);
#5884 = ORIENTED_EDGE('',*,*,#5885,.T.);
#5885 = EDGE_CURVE('',#4350,#5886,#5888,.T.);
#5886 = VERTEX_POINT('',#5887);
#5887 = CARTESIAN_POINT('',(0.125,-1.875,6.));
#5888 = LINE('',#5889,#5890);
#5889 = CARTESIAN_POINT('',(4.166666666667E-02,-1.958333333333,
    6.083333333333));
#5890 = VECTOR('',#5891,1.);
#5891 = DIRECTION('',(-0.57735026919,-0.57735026919,0.57735026919));
#5892 = ORIENTED_EDGE('',*,*,#5893,.F.);
#5893 = EDGE_CURVE('',#5877,#5886,#5894,.T.);
#5894 = LINE('',#5895,#5896);
#5895 = CARTESIAN_POINT('',(0.125,-2.25,6.));
#5896 = VECTOR('',#5897,1.);
#5897 = DIRECTION('',(0.,1.,0.));
#5898 = PLANE('',#5899);
#5899 = AXIS2_PLACEMENT_3D('',#5900,#5901,#5902);
#5900 = CARTESIAN_POINT('',(0.1875,-2.25,5.9375));
#5901 = DIRECTION('',(0.707106781187,0.,0.707106781187));
#5902 = DIRECTION('',(-0.,1.,0.));
#5903 = ADVANCED_FACE('',(#5904),#5922,.T.);
#5904 = FACE_BOUND('',#5905,.F.);
#5905 = EDGE_LOOP('',(#5906,#5914,#5915,#5916));
#5906 = ORIENTED_EDGE('',*,*,#5907,.F.);
#5907 = EDGE_CURVE('',#4374,#5908,#5910,.T.);
#5908 = VERTEX_POINT('',#5909);
#5909 = CARTESIAN_POINT('',(-0.125,-1.875,6.));
#5910 = LINE('',#5911,#5912);
#5911 = CARTESIAN_POINT('',(-0.125,-1.875,6.));
#5912 = VECTOR('',#5913,1.);
#5913 = DIRECTION('',(0.57735026919,-0.57735026919,0.57735026919));
#5914 = ORIENTED_EDGE('',*,*,#4381,.T.);
#5915 = ORIENTED_EDGE('',*,*,#5885,.T.);
#5916 = ORIENTED_EDGE('',*,*,#5917,.F.);
#5917 = EDGE_CURVE('',#5908,#5886,#5918,.T.);
#5918 = LINE('',#5919,#5920);
#5919 = CARTESIAN_POINT('',(-0.25,-1.875,6.));
#5920 = VECTOR('',#5921,1.);
#5921 = DIRECTION('',(1.,0.,0.));
#5922 = PLANE('',#5923);
#5923 = AXIS2_PLACEMENT_3D('',#5924,#5925,#5926);
#5924 = CARTESIAN_POINT('',(-0.25,-1.8125,5.9375));
#5925 = DIRECTION('',(0.,0.707106781187,0.707106781187));
#5926 = DIRECTION('',(-1.,0.,0.));
#5927 = ADVANCED_FACE('',(#5928),#5946,.F.);
#5928 = FACE_BOUND('',#5929,.F.);
#5929 = EDGE_LOOP('',(#5930,#5938,#5939,#5940));
#5930 = ORIENTED_EDGE('',*,*,#5931,.F.);
#5931 = EDGE_CURVE('',#4396,#5932,#5934,.T.);
#5932 = VERTEX_POINT('',#5933);
#5933 = CARTESIAN_POINT('',(-0.125,-2.125,6.));
#5934 = LINE('',#5935,#5936);
#5935 = CARTESIAN_POINT('',(-0.208333333333,-2.208333333333,
    5.916666666667));
#5936 = VECTOR('',#5937,1.);
#5937 = DIRECTION('',(0.57735026919,0.57735026919,0.57735026919));
#5938 = ORIENTED_EDGE('',*,*,#4405,.T.);
#5939 = ORIENTED_EDGE('',*,*,#5907,.T.);
#5940 = ORIENTED_EDGE('',*,*,#5941,.F.);
#5941 = EDGE_CURVE('',#5932,#5908,#5942,.T.);
#5942 = LINE('',#5943,#5944);
#5943 = CARTESIAN_POINT('',(-0.125,-2.25,6.));
#5944 = VECTOR('',#5945,1.);
#5945 = DIRECTION('',(0.,1.,0.));
#5946 = PLANE('',#5947);
#5947 = AXIS2_PLACEMENT_3D('',#5948,#5949,#5950);
#5948 = CARTESIAN_POINT('',(-0.1875,-2.25,5.9375));
#5949 = DIRECTION('',(0.707106781187,0.,-0.707106781187));
#5950 = DIRECTION('',(0.,1.,0.));
#5951 = ADVANCED_FACE('',(#5952),#5963,.F.);
#5952 = FACE_BOUND('',#5953,.T.);
#5953 = EDGE_LOOP('',(#5954,#5955,#5956,#5957));
#5954 = ORIENTED_EDGE('',*,*,#5931,.F.);
#5955 = ORIENTED_EDGE('',*,*,#4422,.T.);
#5956 = ORIENTED_EDGE('',*,*,#5876,.T.);
#5957 = ORIENTED_EDGE('',*,*,#5958,.F.);
#5958 = EDGE_CURVE('',#5932,#5877,#5959,.T.);
#5959 = LINE('',#5960,#5961);
#5960 = CARTESIAN_POINT('',(-0.25,-2.125,6.));
#5961 = VECTOR('',#5962,1.);
#5962 = DIRECTION('',(1.,0.,0.));
#5963 = PLANE('',#5964);
#5964 = AXIS2_PLACEMENT_3D('',#5965,#5966,#5967);
#5965 = CARTESIAN_POINT('',(-0.25,-2.1875,5.9375));
#5966 = DIRECTION('',(0.,0.707106781187,-0.707106781187));
#5967 = DIRECTION('',(-1.,0.,-0.));
#5968 = ADVANCED_FACE('',(#5969),#5994,.T.);
#5969 = FACE_BOUND('',#5970,.F.);
#5970 = EDGE_LOOP('',(#5971,#5979,#5980,#5988));
#5971 = ORIENTED_EDGE('',*,*,#5972,.F.);
#5972 = EDGE_CURVE('',#4446,#5973,#5975,.T.);
#5973 = VERTEX_POINT('',#5974);
#5974 = CARTESIAN_POINT('',(1.875,0.125,6.));
#5975 = LINE('',#5976,#5977);
#5976 = CARTESIAN_POINT('',(1.875,0.125,6.));
#5977 = VECTOR('',#5978,1.);
#5978 = DIRECTION('',(0.57735026919,-0.57735026919,0.57735026919));
#5979 = ORIENTED_EDGE('',*,*,#4453,.T.);
#5980 = ORIENTED_EDGE('',*,*,#5981,.T.);
#5981 = EDGE_CURVE('',#4437,#5982,#5984,.T.);
#5982 = VERTEX_POINT('',#5983);
#5983 = CARTESIAN_POINT('',(2.125,0.125,6.));
#5984 = LINE('',#5985,#5986);
#5985 = CARTESIAN_POINT('',(2.041666666667,4.166666666667E-02,
    6.083333333333));
#5986 = VECTOR('',#5987,1.);
#5987 = DIRECTION('',(-0.57735026919,-0.57735026919,0.57735026919));
#5988 = ORIENTED_EDGE('',*,*,#5989,.F.);
#5989 = EDGE_CURVE('',#5973,#5982,#5990,.T.);
#5990 = LINE('',#5991,#5992);
#5991 = CARTESIAN_POINT('',(1.75,0.125,6.));
#5992 = VECTOR('',#5993,1.);
#5993 = DIRECTION('',(1.,0.,0.));
#5994 = PLANE('',#5995);
#5995 = AXIS2_PLACEMENT_3D('',#5996,#5997,#5998);
#5996 = CARTESIAN_POINT('',(1.75,0.1875,5.9375));
#5997 = DIRECTION('',(0.,0.707106781187,0.707106781187));
#5998 = DIRECTION('',(-1.,0.,0.));
#5999 = ADVANCED_FACE('',(#6000),#6018,.F.);
#6000 = FACE_BOUND('',#6001,.F.);
#6001 = EDGE_LOOP('',(#6002,#6010,#6011,#6012));
#6002 = ORIENTED_EDGE('',*,*,#6003,.F.);
#6003 = EDGE_CURVE('',#4468,#6004,#6006,.T.);
#6004 = VERTEX_POINT('',#6005);
#6005 = CARTESIAN_POINT('',(1.875,-0.125,6.));
#6006 = LINE('',#6007,#6008);
#6007 = CARTESIAN_POINT('',(1.791666666667,-0.208333333333,
    5.916666666667));
#6008 = VECTOR('',#6009,1.);
#6009 = DIRECTION('',(0.57735026919,0.57735026919,0.57735026919));
#6010 = ORIENTED_EDGE('',*,*,#4477,.T.);
#6011 = ORIENTED_EDGE('',*,*,#5972,.T.);
#6012 = ORIENTED_EDGE('',*,*,#6013,.F.);
#6013 = EDGE_CURVE('',#6004,#5973,#6014,.T.);
#6014 = LINE('',#6015,#6016);
#6015 = CARTESIAN_POINT('',(1.875,-0.25,6.));
#6016 = VECTOR('',#6017,1.);
#6017 = DIRECTION('',(0.,1.,0.));
#6018 = PLANE('',#6019);
#6019 = AXIS2_PLACEMENT_3D('',#6020,#6021,#6022);
#6020 = CARTESIAN_POINT('',(1.8125,-0.25,5.9375));
#6021 = DIRECTION('',(0.707106781187,0.,-0.707106781187));
#6022 = DIRECTION('',(0.,1.,0.));
#6023 = ADVANCED_FACE('',(#6024),#6042,.F.);
#6024 = FACE_BOUND('',#6025,.T.);
#6025 = EDGE_LOOP('',(#6026,#6027,#6028,#6036));
#6026 = ORIENTED_EDGE('',*,*,#6003,.F.);
#6027 = ORIENTED_EDGE('',*,*,#4501,.T.);
#6028 = ORIENTED_EDGE('',*,*,#6029,.T.);
#6029 = EDGE_CURVE('',#4492,#6030,#6032,.T.);
#6030 = VERTEX_POINT('',#6031);
#6031 = CARTESIAN_POINT('',(2.125,-0.125,6.));
#6032 = LINE('',#6033,#6034);
#6033 = CARTESIAN_POINT('',(2.125,-0.125,6.));
#6034 = VECTOR('',#6035,1.);
#6035 = DIRECTION('',(-0.57735026919,0.57735026919,0.57735026919));
#6036 = ORIENTED_EDGE('',*,*,#6037,.F.);
#6037 = EDGE_CURVE('',#6004,#6030,#6038,.T.);
#6038 = LINE('',#6039,#6040);
#6039 = CARTESIAN_POINT('',(1.75,-0.125,6.));
#6040 = VECTOR('',#6041,1.);
#6041 = DIRECTION('',(1.,0.,0.));
#6042 = PLANE('',#6043);
#6043 = AXIS2_PLACEMENT_3D('',#6044,#6045,#6046);
#6044 = CARTESIAN_POINT('',(1.75,-0.1875,5.9375));
#6045 = DIRECTION('',(0.,0.707106781187,-0.707106781187));
#6046 = DIRECTION('',(-1.,0.,-0.));
#6047 = ADVANCED_FACE('',(#6048),#6059,.T.);
#6048 = FACE_BOUND('',#6049,.T.);
#6049 = EDGE_LOOP('',(#6050,#6051,#6052,#6053));
#6050 = ORIENTED_EDGE('',*,*,#6029,.F.);
#6051 = ORIENTED_EDGE('',*,*,#4518,.T.);
#6052 = ORIENTED_EDGE('',*,*,#5981,.T.);
#6053 = ORIENTED_EDGE('',*,*,#6054,.F.);
#6054 = EDGE_CURVE('',#6030,#5982,#6055,.T.);
#6055 = LINE('',#6056,#6057);
#6056 = CARTESIAN_POINT('',(2.125,-0.25,6.));
#6057 = VECTOR('',#6058,1.);
#6058 = DIRECTION('',(0.,1.,0.));
#6059 = PLANE('',#6060);
#6060 = AXIS2_PLACEMENT_3D('',#6061,#6062,#6063);
#6061 = CARTESIAN_POINT('',(2.1875,-0.25,5.9375));
#6062 = DIRECTION('',(0.707106781187,0.,0.707106781187));
#6063 = DIRECTION('',(-0.,1.,0.));
#6064 = ADVANCED_FACE('',(#6065),#6090,.T.);
#6065 = FACE_BOUND('',#6066,.F.);
#6066 = EDGE_LOOP('',(#6067,#6075,#6076,#6084));
#6067 = ORIENTED_EDGE('',*,*,#6068,.F.);
#6068 = EDGE_CURVE('',#4542,#6069,#6071,.T.);
#6069 = VERTEX_POINT('',#6070);
#6070 = CARTESIAN_POINT('',(1.875,-1.875,6.));
#6071 = LINE('',#6072,#6073);
#6072 = CARTESIAN_POINT('',(1.875,-1.875,6.));
#6073 = VECTOR('',#6074,1.);
#6074 = DIRECTION('',(0.57735026919,-0.57735026919,0.57735026919));
#6075 = ORIENTED_EDGE('',*,*,#4549,.T.);
#6076 = ORIENTED_EDGE('',*,*,#6077,.T.);
#6077 = EDGE_CURVE('',#4533,#6078,#6080,.T.);
#6078 = VERTEX_POINT('',#6079);
#6079 = CARTESIAN_POINT('',(2.125,-1.875,6.));
#6080 = LINE('',#6081,#6082);
#6081 = CARTESIAN_POINT('',(2.041666666667,-1.958333333333,
    6.083333333333));
#6082 = VECTOR('',#6083,1.);
#6083 = DIRECTION('',(-0.57735026919,-0.57735026919,0.57735026919));
#6084 = ORIENTED_EDGE('',*,*,#6085,.F.);
#6085 = EDGE_CURVE('',#6069,#6078,#6086,.T.);
#6086 = LINE('',#6087,#6088);
#6087 = CARTESIAN_POINT('',(1.75,-1.875,6.));
#6088 = VECTOR('',#6089,1.);
#6089 = DIRECTION('',(1.,0.,0.));
#6090 = PLANE('',#6091);
#6091 = AXIS2_PLACEMENT_3D('',#6092,#6093,#6094);
#6092 = CARTESIAN_POINT('',(1.75,-1.8125,5.9375));
#6093 = DIRECTION('',(0.,0.707106781187,0.707106781187));
#6094 = DIRECTION('',(-1.,0.,0.));
#6095 = ADVANCED_FACE('',(#6096),#6114,.F.);
#6096 = FACE_BOUND('',#6097,.F.);
#6097 = EDGE_LOOP('',(#6098,#6106,#6107,#6108));
#6098 = ORIENTED_EDGE('',*,*,#6099,.F.);
#6099 = EDGE_CURVE('',#4564,#6100,#6102,.T.);
#6100 = VERTEX_POINT('',#6101);
#6101 = CARTESIAN_POINT('',(1.875,-2.125,6.));
#6102 = LINE('',#6103,#6104);
#6103 = CARTESIAN_POINT('',(1.791666666667,-2.208333333333,
    5.916666666667));
#6104 = VECTOR('',#6105,1.);
#6105 = DIRECTION('',(0.57735026919,0.57735026919,0.57735026919));
#6106 = ORIENTED_EDGE('',*,*,#4573,.T.);
#6107 = ORIENTED_EDGE('',*,*,#6068,.T.);
#6108 = ORIENTED_EDGE('',*,*,#6109,.F.);
#6109 = EDGE_CURVE('',#6100,#6069,#6110,.T.);
#6110 = LINE('',#6111,#6112);
#6111 = CARTESIAN_POINT('',(1.875,-2.25,6.));
#6112 = VECTOR('',#6113,1.);
#6113 = DIRECTION('',(0.,1.,0.));
#6114 = PLANE('',#6115);
#6115 = AXIS2_PLACEMENT_3D('',#6116,#6117,#6118);
#6116 = CARTESIAN_POINT('',(1.8125,-2.25,5.9375));
#6117 = DIRECTION('',(0.707106781187,0.,-0.707106781187));
#6118 = DIRECTION('',(0.,1.,0.));
#6119 = ADVANCED_FACE('',(#6120),#6138,.F.);
#6120 = FACE_BOUND('',#6121,.T.);
#6121 = EDGE_LOOP('',(#6122,#6123,#6124,#6132));
#6122 = ORIENTED_EDGE('',*,*,#6099,.F.);
#6123 = ORIENTED_EDGE('',*,*,#4597,.T.);
#6124 = ORIENTED_EDGE('',*,*,#6125,.T.);
#6125 = EDGE_CURVE('',#4588,#6126,#6128,.T.);
#6126 = VERTEX_POINT('',#6127);
#6127 = CARTESIAN_POINT('',(2.125,-2.125,6.));
#6128 = LINE('',#6129,#6130);
#6129 = CARTESIAN_POINT('',(2.125,-2.125,6.));
#6130 = VECTOR('',#6131,1.);
#6131 = DIRECTION('',(-0.57735026919,0.57735026919,0.57735026919));
#6132 = ORIENTED_EDGE('',*,*,#6133,.F.);
#6133 = EDGE_CURVE('',#6100,#6126,#6134,.T.);
#6134 = LINE('',#6135,#6136);
#6135 = CARTESIAN_POINT('',(1.75,-2.125,6.));
#6136 = VECTOR('',#6137,1.);
#6137 = DIRECTION('',(1.,0.,0.));
#6138 = PLANE('',#6139);
#6139 = AXIS2_PLACEMENT_3D('',#6140,#6141,#6142);
#6140 = CARTESIAN_POINT('',(1.75,-2.1875,5.9375));
#6141 = DIRECTION('',(0.,0.707106781187,-0.707106781187));
#6142 = DIRECTION('',(-1.,0.,-0.));
#6143 = ADVANCED_FACE('',(#6144),#6155,.T.);
#6144 = FACE_BOUND('',#6145,.T.);
#6145 = EDGE_LOOP('',(#6146,#6147,#6148,#6149));
#6146 = ORIENTED_EDGE('',*,*,#6125,.F.);
#6147 = ORIENTED_EDGE('',*,*,#4614,.T.);
#6148 = ORIENTED_EDGE('',*,*,#6077,.T.);
#6149 = ORIENTED_EDGE('',*,*,#6150,.F.);
#6150 = EDGE_CURVE('',#6126,#6078,#6151,.T.);
#6151 = LINE('',#6152,#6153);
#6152 = CARTESIAN_POINT('',(2.125,-2.25,6.));
#6153 = VECTOR('',#6154,1.);
#6154 = DIRECTION('',(0.,1.,0.));
#6155 = PLANE('',#6156);
#6156 = AXIS2_PLACEMENT_3D('',#6157,#6158,#6159);
#6157 = CARTESIAN_POINT('',(2.1875,-2.25,5.9375));
#6158 = DIRECTION('',(0.707106781187,0.,0.707106781187));
#6159 = DIRECTION('',(-0.,1.,0.));
#6160 = ADVANCED_FACE('',(#6161),#6186,.F.);
#6161 = FACE_BOUND('',#6162,.T.);
#6162 = EDGE_LOOP('',(#6163,#6171,#6172,#6180));
#6163 = ORIENTED_EDGE('',*,*,#6164,.F.);
#6164 = EDGE_CURVE('',#4638,#6165,#6167,.T.);
#6165 = VERTEX_POINT('',#6166);
#6166 = CARTESIAN_POINT('',(-0.125,-6.125,6.));
#6167 = LINE('',#6168,#6169);
#6168 = CARTESIAN_POINT('',(-0.208333333333,-6.208333333333,
    5.916666666667));
#6169 = VECTOR('',#6170,1.);
#6170 = DIRECTION('',(0.57735026919,0.57735026919,0.57735026919));
#6171 = ORIENTED_EDGE('',*,*,#4645,.T.);
#6172 = ORIENTED_EDGE('',*,*,#6173,.T.);
#6173 = EDGE_CURVE('',#4629,#6174,#6176,.T.);
#6174 = VERTEX_POINT('',#6175);
#6175 = CARTESIAN_POINT('',(0.125,-6.125,6.));
#6176 = LINE('',#6177,#6178);
#6177 = CARTESIAN_POINT('',(0.125,-6.125,6.));
#6178 = VECTOR('',#6179,1.);
#6179 = DIRECTION('',(-0.57735026919,0.57735026919,0.57735026919));
#6180 = ORIENTED_EDGE('',*,*,#6181,.F.);
#6181 = EDGE_CURVE('',#6165,#6174,#6182,.T.);
#6182 = LINE('',#6183,#6184);
#6183 = CARTESIAN_POINT('',(-0.25,-6.125,6.));
#6184 = VECTOR('',#6185,1.);
#6185 = DIRECTION('',(1.,0.,0.));
#6186 = PLANE('',#6187);
#6187 = AXIS2_PLACEMENT_3D('',#6188,#6189,#6190);
#6188 = CARTESIAN_POINT('',(-0.25,-6.1875,5.9375));
#6189 = DIRECTION('',(0.,0.707106781187,-0.707106781187));
#6190 = DIRECTION('',(-1.,0.,-0.));
#6191 = ADVANCED_FACE('',(#6192),#6210,.T.);
#6192 = FACE_BOUND('',#6193,.T.);
#6193 = EDGE_LOOP('',(#6194,#6195,#6196,#6204));
#6194 = ORIENTED_EDGE('',*,*,#6173,.F.);
#6195 = ORIENTED_EDGE('',*,*,#4669,.T.);
#6196 = ORIENTED_EDGE('',*,*,#6197,.T.);
#6197 = EDGE_CURVE('',#4662,#6198,#6200,.T.);
#6198 = VERTEX_POINT('',#6199);
#6199 = CARTESIAN_POINT('',(0.125,-5.875,6.));
#6200 = LINE('',#6201,#6202);
#6201 = CARTESIAN_POINT('',(4.166666666667E-02,-5.958333333333,
    6.083333333333));
#6202 = VECTOR('',#6203,1.);
#6203 = DIRECTION('',(-0.57735026919,-0.57735026919,0.57735026919));
#6204 = ORIENTED_EDGE('',*,*,#6205,.F.);
#6205 = EDGE_CURVE('',#6174,#6198,#6206,.T.);
#6206 = LINE('',#6207,#6208);
#6207 = CARTESIAN_POINT('',(0.125,-6.25,6.));
#6208 = VECTOR('',#6209,1.);
#6209 = DIRECTION('',(0.,1.,0.));
#6210 = PLANE('',#6211);
#6211 = AXIS2_PLACEMENT_3D('',#6212,#6213,#6214);
#6212 = CARTESIAN_POINT('',(0.1875,-6.25,5.9375));
#6213 = DIRECTION('',(0.707106781187,0.,0.707106781187));
#6214 = DIRECTION('',(-0.,1.,0.));
#6215 = ADVANCED_FACE('',(#6216),#6234,.T.);
#6216 = FACE_BOUND('',#6217,.F.);
#6217 = EDGE_LOOP('',(#6218,#6226,#6227,#6228));
#6218 = ORIENTED_EDGE('',*,*,#6219,.F.);
#6219 = EDGE_CURVE('',#4686,#6220,#6222,.T.);
#6220 = VERTEX_POINT('',#6221);
#6221 = CARTESIAN_POINT('',(-0.125,-5.875,6.));
#6222 = LINE('',#6223,#6224);
#6223 = CARTESIAN_POINT('',(-0.125,-5.875,6.));
#6224 = VECTOR('',#6225,1.);
#6225 = DIRECTION('',(0.57735026919,-0.57735026919,0.57735026919));
#6226 = ORIENTED_EDGE('',*,*,#4693,.T.);
#6227 = ORIENTED_EDGE('',*,*,#6197,.T.);
#6228 = ORIENTED_EDGE('',*,*,#6229,.F.);
#6229 = EDGE_CURVE('',#6220,#6198,#6230,.T.);
#6230 = LINE('',#6231,#6232);
#6231 = CARTESIAN_POINT('',(-0.25,-5.875,6.));
#6232 = VECTOR('',#6233,1.);
#6233 = DIRECTION('',(1.,0.,0.));
#6234 = PLANE('',#6235);
#6235 = AXIS2_PLACEMENT_3D('',#6236,#6237,#6238);
#6236 = CARTESIAN_POINT('',(-0.25,-5.8125,5.9375));
#6237 = DIRECTION('',(0.,0.707106781187,0.707106781187));
#6238 = DIRECTION('',(-1.,0.,0.));
#6239 = ADVANCED_FACE('',(#6240),#6251,.F.);
#6240 = FACE_BOUND('',#6241,.F.);
#6241 = EDGE_LOOP('',(#6242,#6243,#6244,#6245));
#6242 = ORIENTED_EDGE('',*,*,#6164,.F.);
#6243 = ORIENTED_EDGE('',*,*,#4710,.T.);
#6244 = ORIENTED_EDGE('',*,*,#6219,.T.);
#6245 = ORIENTED_EDGE('',*,*,#6246,.F.);
#6246 = EDGE_CURVE('',#6165,#6220,#6247,.T.);
#6247 = LINE('',#6248,#6249);
#6248 = CARTESIAN_POINT('',(-0.125,-6.25,6.));
#6249 = VECTOR('',#6250,1.);
#6250 = DIRECTION('',(0.,1.,0.));
#6251 = PLANE('',#6252);
#6252 = AXIS2_PLACEMENT_3D('',#6253,#6254,#6255);
#6253 = CARTESIAN_POINT('',(-0.1875,-6.25,5.9375));
#6254 = DIRECTION('',(0.707106781187,0.,-0.707106781187));
#6255 = DIRECTION('',(0.,1.,0.));
#6256 = ADVANCED_FACE('',(#6257),#6282,.T.);
#6257 = FACE_BOUND('',#6258,.F.);
#6258 = EDGE_LOOP('',(#6259,#6267,#6268,#6276));
#6259 = ORIENTED_EDGE('',*,*,#6260,.F.);
#6260 = EDGE_CURVE('',#4734,#6261,#6263,.T.);
#6261 = VERTEX_POINT('',#6262);
#6262 = CARTESIAN_POINT('',(1.875,-5.875,6.));
#6263 = LINE('',#6264,#6265);
#6264 = CARTESIAN_POINT('',(1.875,-5.875,6.));
#6265 = VECTOR('',#6266,1.);
#6266 = DIRECTION('',(0.57735026919,-0.57735026919,0.57735026919));
#6267 = ORIENTED_EDGE('',*,*,#4741,.T.);
#6268 = ORIENTED_EDGE('',*,*,#6269,.T.);
#6269 = EDGE_CURVE('',#4725,#6270,#6272,.T.);
#6270 = VERTEX_POINT('',#6271);
#6271 = CARTESIAN_POINT('',(2.125,-5.875,6.));
#6272 = LINE('',#6273,#6274);
#6273 = CARTESIAN_POINT('',(2.041666666667,-5.958333333333,
    6.083333333333));
#6274 = VECTOR('',#6275,1.);
#6275 = DIRECTION('',(-0.57735026919,-0.57735026919,0.57735026919));
#6276 = ORIENTED_EDGE('',*,*,#6277,.F.);
#6277 = EDGE_CURVE('',#6261,#6270,#6278,.T.);
#6278 = LINE('',#6279,#6280);
#6279 = CARTESIAN_POINT('',(1.75,-5.875,6.));
#6280 = VECTOR('',#6281,1.);
#6281 = DIRECTION('',(1.,0.,0.));
#6282 = PLANE('',#6283);
#6283 = AXIS2_PLACEMENT_3D('',#6284,#6285,#6286);
#6284 = CARTESIAN_POINT('',(1.75,-5.8125,5.9375));
#6285 = DIRECTION('',(0.,0.707106781187,0.707106781187));
#6286 = DIRECTION('',(-1.,0.,0.));
#6287 = ADVANCED_FACE('',(#6288),#6306,.F.);
#6288 = FACE_BOUND('',#6289,.F.);
#6289 = EDGE_LOOP('',(#6290,#6298,#6299,#6300));
#6290 = ORIENTED_EDGE('',*,*,#6291,.F.);
#6291 = EDGE_CURVE('',#4756,#6292,#6294,.T.);
#6292 = VERTEX_POINT('',#6293);
#6293 = CARTESIAN_POINT('',(1.875,-6.125,6.));
#6294 = LINE('',#6295,#6296);
#6295 = CARTESIAN_POINT('',(1.791666666667,-6.208333333333,
    5.916666666667));
#6296 = VECTOR('',#6297,1.);
#6297 = DIRECTION('',(0.57735026919,0.57735026919,0.57735026919));
#6298 = ORIENTED_EDGE('',*,*,#4765,.T.);
#6299 = ORIENTED_EDGE('',*,*,#6260,.T.);
#6300 = ORIENTED_EDGE('',*,*,#6301,.F.);
#6301 = EDGE_CURVE('',#6292,#6261,#6302,.T.);
#6302 = LINE('',#6303,#6304);
#6303 = CARTESIAN_POINT('',(1.875,-6.25,6.));
#6304 = VECTOR('',#6305,1.);
#6305 = DIRECTION('',(0.,1.,0.));
#6306 = PLANE('',#6307);
#6307 = AXIS2_PLACEMENT_3D('',#6308,#6309,#6310);
#6308 = CARTESIAN_POINT('',(1.8125,-6.25,5.9375));
#6309 = DIRECTION('',(0.707106781187,0.,-0.707106781187));
#6310 = DIRECTION('',(0.,1.,0.));
#6311 = ADVANCED_FACE('',(#6312),#6330,.F.);
#6312 = FACE_BOUND('',#6313,.T.);
#6313 = EDGE_LOOP('',(#6314,#6315,#6316,#6324));
#6314 = ORIENTED_EDGE('',*,*,#6291,.F.);
#6315 = ORIENTED_EDGE('',*,*,#4789,.T.);
#6316 = ORIENTED_EDGE('',*,*,#6317,.T.);
#6317 = EDGE_CURVE('',#4780,#6318,#6320,.T.);
#6318 = VERTEX_POINT('',#6319);
#6319 = CARTESIAN_POINT('',(2.125,-6.125,6.));
#6320 = LINE('',#6321,#6322);
#6321 = CARTESIAN_POINT('',(2.125,-6.125,6.));
#6322 = VECTOR('',#6323,1.);
#6323 = DIRECTION('',(-0.57735026919,0.57735026919,0.57735026919));
#6324 = ORIENTED_EDGE('',*,*,#6325,.F.);
#6325 = EDGE_CURVE('',#6292,#6318,#6326,.T.);
#6326 = LINE('',#6327,#6328);
#6327 = CARTESIAN_POINT('',(1.75,-6.125,6.));
#6328 = VECTOR('',#6329,1.);
#6329 = DIRECTION('',(1.,0.,0.));
#6330 = PLANE('',#6331);
#6331 = AXIS2_PLACEMENT_3D('',#6332,#6333,#6334);
#6332 = CARTESIAN_POINT('',(1.75,-6.1875,5.9375));
#6333 = DIRECTION('',(0.,0.707106781187,-0.707106781187));
#6334 = DIRECTION('',(-1.,0.,-0.));
#6335 = ADVANCED_FACE('',(#6336),#6347,.T.);
#6336 = FACE_BOUND('',#6337,.T.);
#6337 = EDGE_LOOP('',(#6338,#6339,#6340,#6341));
#6338 = ORIENTED_EDGE('',*,*,#6317,.F.);
#6339 = ORIENTED_EDGE('',*,*,#4806,.T.);
#6340 = ORIENTED_EDGE('',*,*,#6269,.T.);
#6341 = ORIENTED_EDGE('',*,*,#6342,.F.);
#6342 = EDGE_CURVE('',#6318,#6270,#6343,.T.);
#6343 = LINE('',#6344,#6345);
#6344 = CARTESIAN_POINT('',(2.125,-6.25,6.));
#6345 = VECTOR('',#6346,1.);
#6346 = DIRECTION('',(0.,1.,0.));
#6347 = PLANE('',#6348);
#6348 = AXIS2_PLACEMENT_3D('',#6349,#6350,#6351);
#6349 = CARTESIAN_POINT('',(2.1875,-6.25,5.9375));
#6350 = DIRECTION('',(0.707106781187,0.,0.707106781187));
#6351 = DIRECTION('',(-0.,1.,0.));
#6352 = ADVANCED_FACE('',(#6353),#6359,.F.);
#6353 = FACE_BOUND('',#6354,.F.);
#6354 = EDGE_LOOP('',(#6355,#6356,#6357,#6358));
#6355 = ORIENTED_EDGE('',*,*,#4861,.F.);
#6356 = ORIENTED_EDGE('',*,*,#4885,.T.);
#6357 = ORIENTED_EDGE('',*,*,#4902,.T.);
#6358 = ORIENTED_EDGE('',*,*,#4837,.F.);
#6359 = PLANE('',#6360);
#6360 = AXIS2_PLACEMENT_3D('',#6361,#6362,#6363);
#6361 = CARTESIAN_POINT('',(1.75,-4.25,-2.8));
#6362 = DIRECTION('',(0.,0.,1.));
#6363 = DIRECTION('',(1.,0.,-0.));
#6364 = ADVANCED_FACE('',(#6365),#6371,.F.);
#6365 = FACE_BOUND('',#6366,.F.);
#6366 = EDGE_LOOP('',(#6367,#6368,#6369,#6370));
#6367 = ORIENTED_EDGE('',*,*,#4981,.F.);
#6368 = ORIENTED_EDGE('',*,*,#4998,.T.);
#6369 = ORIENTED_EDGE('',*,*,#4933,.T.);
#6370 = ORIENTED_EDGE('',*,*,#4957,.F.);
#6371 = PLANE('',#6372);
#6372 = AXIS2_PLACEMENT_3D('',#6373,#6374,#6375);
#6373 = CARTESIAN_POINT('',(-0.25,-4.25,-2.8));
#6374 = DIRECTION('',(0.,0.,1.));
#6375 = DIRECTION('',(1.,0.,-0.));
#6376 = ADVANCED_FACE('',(#6377),#6383,.F.);
#6377 = FACE_BOUND('',#6378,.F.);
#6378 = EDGE_LOOP('',(#6379,#6380,#6381,#6382));
#6379 = ORIENTED_EDGE('',*,*,#5053,.F.);
#6380 = ORIENTED_EDGE('',*,*,#5077,.T.);
#6381 = ORIENTED_EDGE('',*,*,#5094,.T.);
#6382 = ORIENTED_EDGE('',*,*,#5029,.F.);
#6383 = PLANE('',#6384);
#6384 = AXIS2_PLACEMENT_3D('',#6385,#6386,#6387);
#6385 = CARTESIAN_POINT('',(-0.25,-0.25,-2.8));
#6386 = DIRECTION('',(0.,0.,1.));
#6387 = DIRECTION('',(1.,0.,-0.));
#6388 = ADVANCED_FACE('',(#6389),#6395,.F.);
#6389 = FACE_BOUND('',#6390,.F.);
#6390 = EDGE_LOOP('',(#6391,#6392,#6393,#6394));
#6391 = ORIENTED_EDGE('',*,*,#5173,.F.);
#6392 = ORIENTED_EDGE('',*,*,#5190,.T.);
#6393 = ORIENTED_EDGE('',*,*,#5125,.T.);
#6394 = ORIENTED_EDGE('',*,*,#5149,.F.);
#6395 = PLANE('',#6396);
#6396 = AXIS2_PLACEMENT_3D('',#6397,#6398,#6399);
#6397 = CARTESIAN_POINT('',(-0.25,-2.25,-2.8));
#6398 = DIRECTION('',(0.,0.,1.));
#6399 = DIRECTION('',(1.,0.,-0.));
#6400 = ADVANCED_FACE('',(#6401),#6407,.F.);
#6401 = FACE_BOUND('',#6402,.F.);
#6402 = EDGE_LOOP('',(#6403,#6404,#6405,#6406));
#6403 = ORIENTED_EDGE('',*,*,#5245,.F.);
#6404 = ORIENTED_EDGE('',*,*,#5269,.T.);
#6405 = ORIENTED_EDGE('',*,*,#5286,.T.);
#6406 = ORIENTED_EDGE('',*,*,#5221,.F.);
#6407 = PLANE('',#6408);
#6408 = AXIS2_PLACEMENT_3D('',#6409,#6410,#6411);
#6409 = CARTESIAN_POINT('',(1.75,-0.25,-2.8));
#6410 = DIRECTION('',(0.,0.,1.));
#6411 = DIRECTION('',(1.,0.,-0.));
#6412 = ADVANCED_FACE('',(#6413),#6419,.F.);
#6413 = FACE_BOUND('',#6414,.F.);
#6414 = EDGE_LOOP('',(#6415,#6416,#6417,#6418));
#6415 = ORIENTED_EDGE('',*,*,#5341,.F.);
#6416 = ORIENTED_EDGE('',*,*,#5365,.T.);
#6417 = ORIENTED_EDGE('',*,*,#5382,.T.);
#6418 = ORIENTED_EDGE('',*,*,#5317,.F.);
#6419 = PLANE('',#6420);
#6420 = AXIS2_PLACEMENT_3D('',#6421,#6422,#6423);
#6421 = CARTESIAN_POINT('',(1.75,-2.25,-2.8));
#6422 = DIRECTION('',(0.,0.,1.));
#6423 = DIRECTION('',(1.,0.,-0.));
#6424 = ADVANCED_FACE('',(#6425),#6431,.F.);
#6425 = FACE_BOUND('',#6426,.F.);
#6426 = EDGE_LOOP('',(#6427,#6428,#6429,#6430));
#6427 = ORIENTED_EDGE('',*,*,#5478,.F.);
#6428 = ORIENTED_EDGE('',*,*,#5413,.T.);
#6429 = ORIENTED_EDGE('',*,*,#5437,.T.);
#6430 = ORIENTED_EDGE('',*,*,#5461,.F.);
#6431 = PLANE('',#6432);
#6432 = AXIS2_PLACEMENT_3D('',#6433,#6434,#6435);
#6433 = CARTESIAN_POINT('',(-0.25,-6.25,-2.8));
#6434 = DIRECTION('',(0.,0.,1.));
#6435 = DIRECTION('',(1.,0.,-0.));
#6436 = ADVANCED_FACE('',(#6437),#6443,.F.);
#6437 = FACE_BOUND('',#6438,.F.);
#6438 = EDGE_LOOP('',(#6439,#6440,#6441,#6442));
#6439 = ORIENTED_EDGE('',*,*,#5533,.F.);
#6440 = ORIENTED_EDGE('',*,*,#5557,.T.);
#6441 = ORIENTED_EDGE('',*,*,#5574,.T.);
#6442 = ORIENTED_EDGE('',*,*,#5509,.F.);
#6443 = PLANE('',#6444);
#6444 = AXIS2_PLACEMENT_3D('',#6445,#6446,#6447);
#6445 = CARTESIAN_POINT('',(1.75,-6.25,-2.8));
#6446 = DIRECTION('',(0.,0.,1.));
#6447 = DIRECTION('',(1.,0.,-0.));
#6448 = ADVANCED_FACE('',(#6449),#6455,.T.);
#6449 = FACE_BOUND('',#6450,.T.);
#6450 = EDGE_LOOP('',(#6451,#6452,#6453,#6454));
#6451 = ORIENTED_EDGE('',*,*,#5629,.F.);
#6452 = ORIENTED_EDGE('',*,*,#5653,.T.);
#6453 = ORIENTED_EDGE('',*,*,#5670,.T.);
#6454 = ORIENTED_EDGE('',*,*,#5605,.F.);
#6455 = PLANE('',#6456);
#6456 = AXIS2_PLACEMENT_3D('',#6457,#6458,#6459);
#6457 = CARTESIAN_POINT('',(1.75,-4.25,6.));
#6458 = DIRECTION('',(0.,0.,1.));
#6459 = DIRECTION('',(1.,0.,-0.));
#6460 = ADVANCED_FACE('',(#6461),#6467,.T.);
#6461 = FACE_BOUND('',#6462,.T.);
#6462 = EDGE_LOOP('',(#6463,#6464,#6465,#6466));
#6463 = ORIENTED_EDGE('',*,*,#5749,.F.);
#6464 = ORIENTED_EDGE('',*,*,#5766,.T.);
#6465 = ORIENTED_EDGE('',*,*,#5701,.T.);
#6466 = ORIENTED_EDGE('',*,*,#5725,.F.);
#6467 = PLANE('',#6468);
#6468 = AXIS2_PLACEMENT_3D('',#6469,#6470,#6471);
#6469 = CARTESIAN_POINT('',(-0.25,-4.25,6.));
#6470 = DIRECTION('',(0.,0.,1.));
#6471 = DIRECTION('',(1.,0.,-0.));
#6472 = ADVANCED_FACE('',(#6473),#6479,.T.);
#6473 = FACE_BOUND('',#6474,.T.);
#6474 = EDGE_LOOP('',(#6475,#6476,#6477,#6478));
#6475 = ORIENTED_EDGE('',*,*,#5821,.F.);
#6476 = ORIENTED_EDGE('',*,*,#5845,.T.);
#6477 = ORIENTED_EDGE('',*,*,#5862,.T.);
#6478 = ORIENTED_EDGE('',*,*,#5797,.F.);
#6479 = PLANE('',#6480);
#6480 = AXIS2_PLACEMENT_3D('',#6481,#6482,#6483);
#6481 = CARTESIAN_POINT('',(-0.25,-0.25,6.));
#6482 = DIRECTION('',(0.,0.,1.));
#6483 = DIRECTION('',(1.,0.,-0.));
#6484 = ADVANCED_FACE('',(#6485),#6491,.T.);
#6485 = FACE_BOUND('',#6486,.T.);
#6486 = EDGE_LOOP('',(#6487,#6488,#6489,#6490));
#6487 = ORIENTED_EDGE('',*,*,#5941,.F.);
#6488 = ORIENTED_EDGE('',*,*,#5958,.T.);
#6489 = ORIENTED_EDGE('',*,*,#5893,.T.);
#6490 = ORIENTED_EDGE('',*,*,#5917,.F.);
#6491 = PLANE('',#6492);
#6492 = AXIS2_PLACEMENT_3D('',#6493,#6494,#6495);
#6493 = CARTESIAN_POINT('',(-0.25,-2.25,6.));
#6494 = DIRECTION('',(0.,0.,1.));
#6495 = DIRECTION('',(1.,0.,-0.));
#6496 = ADVANCED_FACE('',(#6497),#6503,.T.);
#6497 = FACE_BOUND('',#6498,.T.);
#6498 = EDGE_LOOP('',(#6499,#6500,#6501,#6502));
#6499 = ORIENTED_EDGE('',*,*,#6013,.F.);
#6500 = ORIENTED_EDGE('',*,*,#6037,.T.);
#6501 = ORIENTED_EDGE('',*,*,#6054,.T.);
#6502 = ORIENTED_EDGE('',*,*,#5989,.F.);
#6503 = PLANE('',#6504);
#6504 = AXIS2_PLACEMENT_3D('',#6505,#6506,#6507);
#6505 = CARTESIAN_POINT('',(1.75,-0.25,6.));
#6506 = DIRECTION('',(0.,0.,1.));
#6507 = DIRECTION('',(1.,0.,-0.));
#6508 = ADVANCED_FACE('',(#6509),#6515,.T.);
#6509 = FACE_BOUND('',#6510,.T.);
#6510 = EDGE_LOOP('',(#6511,#6512,#6513,#6514));
#6511 = ORIENTED_EDGE('',*,*,#6109,.F.);
#6512 = ORIENTED_EDGE('',*,*,#6133,.T.);
#6513 = ORIENTED_EDGE('',*,*,#6150,.T.);
#6514 = ORIENTED_EDGE('',*,*,#6085,.F.);
#6515 = PLANE('',#6516);
#6516 = AXIS2_PLACEMENT_3D('',#6517,#6518,#6519);
#6517 = CARTESIAN_POINT('',(1.75,-2.25,6.));
#6518 = DIRECTION('',(0.,0.,1.));
#6519 = DIRECTION('',(1.,0.,-0.));
#6520 = ADVANCED_FACE('',(#6521),#6527,.T.);
#6521 = FACE_BOUND('',#6522,.T.);
#6522 = EDGE_LOOP('',(#6523,#6524,#6525,#6526));
#6523 = ORIENTED_EDGE('',*,*,#6246,.F.);
#6524 = ORIENTED_EDGE('',*,*,#6181,.T.);
#6525 = ORIENTED_EDGE('',*,*,#6205,.T.);
#6526 = ORIENTED_EDGE('',*,*,#6229,.F.);
#6527 = PLANE('',#6528);
#6528 = AXIS2_PLACEMENT_3D('',#6529,#6530,#6531);
#6529 = CARTESIAN_POINT('',(-0.25,-6.25,6.));
#6530 = DIRECTION('',(0.,0.,1.));
#6531 = DIRECTION('',(1.,0.,-0.));
#6532 = ADVANCED_FACE('',(#6533),#6539,.T.);
#6533 = FACE_BOUND('',#6534,.T.);
#6534 = EDGE_LOOP('',(#6535,#6536,#6537,#6538));
#6535 = ORIENTED_EDGE('',*,*,#6301,.F.);
#6536 = ORIENTED_EDGE('',*,*,#6325,.T.);
#6537 = ORIENTED_EDGE('',*,*,#6342,.T.);
#6538 = ORIENTED_EDGE('',*,*,#6277,.F.);
#6539 = PLANE('',#6540);
#6540 = AXIS2_PLACEMENT_3D('',#6541,#6542,#6543);
#6541 = CARTESIAN_POINT('',(1.75,-6.25,6.));
#6542 = DIRECTION('',(0.,0.,1.));
#6543 = DIRECTION('',(1.,0.,-0.));
#6544 = ( GEOMETRIC_REPRESENTATION_CONTEXT(3) 
GLOBAL_UNCERTAINTY_ASSIGNED_CONTEXT((#6548)) 
GLOBAL_UNIT_ASSIGNED_CONTEXT((#6545,#6546,#6547)) REPRESENTATION_CONTEXT
('Context #1','3D Context with UNIT and UNCERTAINTY') );
#6545 = ( LENGTH_UNIT() NAMED_UNIT(*) SI_UNIT(.MILLI.,.METRE.) );
#6546 = ( NAMED_UNIT(*) PLANE_ANGLE_UNIT() SI_UNIT($,.RADIAN.) );
#6547 = ( NAMED_UNIT(*) SI_UNIT($,.STERADIAN.) SOLID_ANGLE_UNIT() );
#6548 = UNCERTAINTY_MEASURE_WITH_UNIT(LENGTH_MEASURE(1.E-07),#6545,
  'distance_accuracy_value','confusion accuracy');
#6549 = CONTEXT_DEPENDENT_SHAPE_REPRESENTATION(#6550,#6552);
#6550 = ( REPRESENTATION_RELATIONSHIP('','',#1859,#1836) 
REPRESENTATION_RELATIONSHIP_WITH_TRANSFORMATION(#6551) 
SHAPE_REPRESENTATION_RELATIONSHIP() );
#6551 = ITEM_DEFINED_TRANSFORMATION('','',#11,#1837);
#6552 = PRODUCT_DEFINITION_SHAPE('Placement','Placement of an item',
  #6553);
#6553 = NEXT_ASSEMBLY_USAGE_OCCURRENCE('5','=>[0:1:1:7]','',#1831,#1854,
  $);
#6554 = PRODUCT_RELATED_PRODUCT_CATEGORY('part',$,(#1856));
#6555 = SHAPE_DEFINITION_REPRESENTATION(#6556,#6562);
#6556 = PRODUCT_DEFINITION_SHAPE('','',#6557);
#6557 = PRODUCT_DEFINITION('design','',#6558,#6561);
#6558 = PRODUCT_DEFINITION_FORMATION('','',#6559);
#6559 = PRODUCT('PCB-02_PCB','PCB-02_PCB','',(#6560));
#6560 = PRODUCT_CONTEXT('',#2,'mechanical');
#6561 = PRODUCT_DEFINITION_CONTEXT('part definition',#2,'design');
#6562 = ADVANCED_BREP_SHAPE_REPRESENTATION('',(#11,#6563),#7991);
#6563 = MANIFOLD_SOLID_BREP('',#6564);
#6564 = CLOSED_SHELL('',(#6565,#6605,#6636,#6667,#7034,#7401,#7418,#7435
    ,#7452,#7469,#7486,#7503,#7520,#7537,#7549,#7566,#7583,#7600,#7617,
    #7634,#7651,#7668,#7685,#7702,#7719,#7736,#7753,#7770,#7787,#7804,
    #7821,#7838,#7855,#7872,#7889,#7906,#7923,#7940,#7957,#7974));
#6565 = ADVANCED_FACE('',(#6566),#6600,.T.);
#6566 = FACE_BOUND('',#6567,.T.);
#6567 = EDGE_LOOP('',(#6568,#6578,#6586,#6594));
#6568 = ORIENTED_EDGE('',*,*,#6569,.T.);
#6569 = EDGE_CURVE('',#6570,#6572,#6574,.T.);
#6570 = VERTEX_POINT('',#6571);
#6571 = CARTESIAN_POINT('',(175.41,-64.3,0.));
#6572 = VERTEX_POINT('',#6573);
#6573 = CARTESIAN_POINT('',(175.41,-64.3,1.51));
#6574 = LINE('',#6575,#6576);
#6575 = CARTESIAN_POINT('',(175.41,-64.3,0.));
#6576 = VECTOR('',#6577,1.);
#6577 = DIRECTION('',(0.,0.,1.));
#6578 = ORIENTED_EDGE('',*,*,#6579,.T.);
#6579 = EDGE_CURVE('',#6572,#6580,#6582,.T.);
#6580 = VERTEX_POINT('',#6581);
#6581 = CARTESIAN_POINT('',(172.11,-64.3,1.51));
#6582 = LINE('',#6583,#6584);
#6583 = CARTESIAN_POINT('',(175.41,-64.3,1.51));
#6584 = VECTOR('',#6585,1.);
#6585 = DIRECTION('',(-1.,0.,0.));
#6586 = ORIENTED_EDGE('',*,*,#6587,.F.);
#6587 = EDGE_CURVE('',#6588,#6580,#6590,.T.);
#6588 = VERTEX_POINT('',#6589);
#6589 = CARTESIAN_POINT('',(172.11,-64.3,0.));
#6590 = LINE('',#6591,#6592);
#6591 = CARTESIAN_POINT('',(172.11,-64.3,0.));
#6592 = VECTOR('',#6593,1.);
#6593 = DIRECTION('',(0.,0.,1.));
#6594 = ORIENTED_EDGE('',*,*,#6595,.F.);
#6595 = EDGE_CURVE('',#6570,#6588,#6596,.T.);
#6596 = LINE('',#6597,#6598);
#6597 = CARTESIAN_POINT('',(175.41,-64.3,0.));
#6598 = VECTOR('',#6599,1.);
#6599 = DIRECTION('',(-1.,0.,0.));
#6600 = PLANE('',#6601);
#6601 = AXIS2_PLACEMENT_3D('',#6602,#6603,#6604);
#6602 = CARTESIAN_POINT('',(175.41,-64.3,0.));
#6603 = DIRECTION('',(0.,-1.,0.));
#6604 = DIRECTION('',(-1.,0.,0.));
#6605 = ADVANCED_FACE('',(#6606),#6631,.T.);
#6606 = FACE_BOUND('',#6607,.T.);
#6607 = EDGE_LOOP('',(#6608,#6618,#6624,#6625));
#6608 = ORIENTED_EDGE('',*,*,#6609,.T.);
#6609 = EDGE_CURVE('',#6610,#6612,#6614,.T.);
#6610 = VERTEX_POINT('',#6611);
#6611 = CARTESIAN_POINT('',(175.41,-55.76,0.));
#6612 = VERTEX_POINT('',#6613);
#6613 = CARTESIAN_POINT('',(175.41,-55.76,1.51));
#6614 = LINE('',#6615,#6616);
#6615 = CARTESIAN_POINT('',(175.41,-55.76,0.));
#6616 = VECTOR('',#6617,1.);
#6617 = DIRECTION('',(0.,0.,1.));
#6618 = ORIENTED_EDGE('',*,*,#6619,.T.);
#6619 = EDGE_CURVE('',#6612,#6572,#6620,.T.);
#6620 = LINE('',#6621,#6622);
#6621 = CARTESIAN_POINT('',(175.41,-55.76,1.51));
#6622 = VECTOR('',#6623,1.);
#6623 = DIRECTION('',(0.,-1.,0.));
#6624 = ORIENTED_EDGE('',*,*,#6569,.F.);
#6625 = ORIENTED_EDGE('',*,*,#6626,.F.);
#6626 = EDGE_CURVE('',#6610,#6570,#6627,.T.);
#6627 = LINE('',#6628,#6629);
#6628 = CARTESIAN_POINT('',(175.41,-55.76,0.));
#6629 = VECTOR('',#6630,1.);
#6630 = DIRECTION('',(0.,-1.,0.));
#6631 = PLANE('',#6632);
#6632 = AXIS2_PLACEMENT_3D('',#6633,#6634,#6635);
#6633 = CARTESIAN_POINT('',(175.41,-55.76,0.));
#6634 = DIRECTION('',(1.,0.,-0.));
#6635 = DIRECTION('',(0.,-1.,0.));
#6636 = ADVANCED_FACE('',(#6637),#6662,.T.);
#6637 = FACE_BOUND('',#6638,.T.);
#6638 = EDGE_LOOP('',(#6639,#6640,#6648,#6656));
#6639 = ORIENTED_EDGE('',*,*,#6587,.T.);
#6640 = ORIENTED_EDGE('',*,*,#6641,.T.);
#6641 = EDGE_CURVE('',#6580,#6642,#6644,.T.);
#6642 = VERTEX_POINT('',#6643);
#6643 = CARTESIAN_POINT('',(172.11,-74.7,1.51));
#6644 = LINE('',#6645,#6646);
#6645 = CARTESIAN_POINT('',(172.11,-64.3,1.51));
#6646 = VECTOR('',#6647,1.);
#6647 = DIRECTION('',(0.,-1.,0.));
#6648 = ORIENTED_EDGE('',*,*,#6649,.F.);
#6649 = EDGE_CURVE('',#6650,#6642,#6652,.T.);
#6650 = VERTEX_POINT('',#6651);
#6651 = CARTESIAN_POINT('',(172.11,-74.7,0.));
#6652 = LINE('',#6653,#6654);
#6653 = CARTESIAN_POINT('',(172.11,-74.7,0.));
#6654 = VECTOR('',#6655,1.);
#6655 = DIRECTION('',(0.,0.,1.));
#6656 = ORIENTED_EDGE('',*,*,#6657,.F.);
#6657 = EDGE_CURVE('',#6588,#6650,#6658,.T.);
#6658 = LINE('',#6659,#6660);
#6659 = CARTESIAN_POINT('',(172.11,-64.3,0.));
#6660 = VECTOR('',#6661,1.);
#6661 = DIRECTION('',(0.,-1.,0.));
#6662 = PLANE('',#6663);
#6663 = AXIS2_PLACEMENT_3D('',#6664,#6665,#6666);
#6664 = CARTESIAN_POINT('',(172.11,-64.3,0.));
#6665 = DIRECTION('',(1.,0.,-0.));
#6666 = DIRECTION('',(0.,-1.,0.));
#6667 = ADVANCED_FACE('',(#6668,#6743,#6754,#6765,#6776,#6787,#6798,
    #6809,#6820,#6831,#6842,#6853,#6864,#6875,#6886,#6897,#6908,#6919,
    #6930,#6941,#6952,#6963,#6974,#6985,#6996,#7007,#7018),#7029,.F.);
#6668 = FACE_BOUND('',#6669,.F.);
#6669 = EDGE_LOOP('',(#6670,#6671,#6672,#6680,#6688,#6696,#6704,#6712,
    #6720,#6728,#6736,#6742));
#6670 = ORIENTED_EDGE('',*,*,#6595,.F.);
#6671 = ORIENTED_EDGE('',*,*,#6626,.F.);
#6672 = ORIENTED_EDGE('',*,*,#6673,.F.);
#6673 = EDGE_CURVE('',#6674,#6610,#6676,.T.);
#6674 = VERTEX_POINT('',#6675);
#6675 = CARTESIAN_POINT('',(148.96,-55.76,0.));
#6676 = LINE('',#6677,#6678);
#6677 = CARTESIAN_POINT('',(148.96,-55.76,0.));
#6678 = VECTOR('',#6679,1.);
#6679 = DIRECTION('',(1.,0.,0.));
#6680 = ORIENTED_EDGE('',*,*,#6681,.F.);
#6681 = EDGE_CURVE('',#6682,#6674,#6684,.T.);
#6682 = VERTEX_POINT('',#6683);
#6683 = CARTESIAN_POINT('',(148.96,-64.3,0.));
#6684 = LINE('',#6685,#6686);
#6685 = CARTESIAN_POINT('',(148.96,-64.3,0.));
#6686 = VECTOR('',#6687,1.);
#6687 = DIRECTION('',(0.,1.,0.));
#6688 = ORIENTED_EDGE('',*,*,#6689,.F.);
#6689 = EDGE_CURVE('',#6690,#6682,#6692,.T.);
#6690 = VERTEX_POINT('',#6691);
#6691 = CARTESIAN_POINT('',(154.61,-64.3,0.));
#6692 = LINE('',#6693,#6694);
#6693 = CARTESIAN_POINT('',(154.61,-64.3,0.));
#6694 = VECTOR('',#6695,1.);
#6695 = DIRECTION('',(-1.,0.,0.));
#6696 = ORIENTED_EDGE('',*,*,#6697,.F.);
#6697 = EDGE_CURVE('',#6698,#6690,#6700,.T.);
#6698 = VERTEX_POINT('',#6699);
#6699 = CARTESIAN_POINT('',(154.61,-74.7,0.));
#6700 = LINE('',#6701,#6702);
#6701 = CARTESIAN_POINT('',(154.61,-74.7,0.));
#6702 = VECTOR('',#6703,1.);
#6703 = DIRECTION('',(0.,1.,0.));
#6704 = ORIENTED_EDGE('',*,*,#6705,.F.);
#6705 = EDGE_CURVE('',#6706,#6698,#6708,.T.);
#6706 = VERTEX_POINT('',#6707);
#6707 = CARTESIAN_POINT('',(148.96,-74.7,0.));
#6708 = LINE('',#6709,#6710);
#6709 = CARTESIAN_POINT('',(148.96,-74.7,0.));
#6710 = VECTOR('',#6711,1.);
#6711 = DIRECTION('',(1.,0.,0.));
#6712 = ORIENTED_EDGE('',*,*,#6713,.F.);
#6713 = EDGE_CURVE('',#6714,#6706,#6716,.T.);
#6714 = VERTEX_POINT('',#6715);
#6715 = CARTESIAN_POINT('',(148.96,-92.18,0.));
#6716 = LINE('',#6717,#6718);
#6717 = CARTESIAN_POINT('',(148.96,-92.18,0.));
#6718 = VECTOR('',#6719,1.);
#6719 = DIRECTION('',(0.,1.,0.));
#6720 = ORIENTED_EDGE('',*,*,#6721,.F.);
#6721 = EDGE_CURVE('',#6722,#6714,#6724,.T.);
#6722 = VERTEX_POINT('',#6723);
#6723 = CARTESIAN_POINT('',(175.41,-92.18,0.));
#6724 = LINE('',#6725,#6726);
#6725 = CARTESIAN_POINT('',(175.41,-92.18,0.));
#6726 = VECTOR('',#6727,1.);
#6727 = DIRECTION('',(-1.,0.,0.));
#6728 = ORIENTED_EDGE('',*,*,#6729,.F.);
#6729 = EDGE_CURVE('',#6730,#6722,#6732,.T.);
#6730 = VERTEX_POINT('',#6731);
#6731 = CARTESIAN_POINT('',(175.41,-74.7,0.));
#6732 = LINE('',#6733,#6734);
#6733 = CARTESIAN_POINT('',(175.41,-74.7,0.));
#6734 = VECTOR('',#6735,1.);
#6735 = DIRECTION('',(0.,-1.,0.));
#6736 = ORIENTED_EDGE('',*,*,#6737,.F.);
#6737 = EDGE_CURVE('',#6650,#6730,#6738,.T.);
#6738 = LINE('',#6739,#6740);
#6739 = CARTESIAN_POINT('',(172.11,-74.7,0.));
#6740 = VECTOR('',#6741,1.);
#6741 = DIRECTION('',(1.,0.,0.));
#6742 = ORIENTED_EDGE('',*,*,#6657,.F.);
#6743 = FACE_BOUND('',#6744,.F.);
#6744 = EDGE_LOOP('',(#6745));
#6745 = ORIENTED_EDGE('',*,*,#6746,.T.);
#6746 = EDGE_CURVE('',#6747,#6747,#6749,.T.);
#6747 = VERTEX_POINT('',#6748);
#6748 = CARTESIAN_POINT('',(151.5,-89.4,0.));
#6749 = CIRCLE('',#6750,0.4);
#6750 = AXIS2_PLACEMENT_3D('',#6751,#6752,#6753);
#6751 = CARTESIAN_POINT('',(151.5,-89.,0.));
#6752 = DIRECTION('',(-0.,0.,-1.));
#6753 = DIRECTION('',(-0.,-1.,0.));
#6754 = FACE_BOUND('',#6755,.F.);
#6755 = EDGE_LOOP('',(#6756));
#6756 = ORIENTED_EDGE('',*,*,#6757,.T.);
#6757 = EDGE_CURVE('',#6758,#6758,#6760,.T.);
#6758 = VERTEX_POINT('',#6759);
#6759 = CARTESIAN_POINT('',(153.5,-89.4,0.));
#6760 = CIRCLE('',#6761,0.4);
#6761 = AXIS2_PLACEMENT_3D('',#6762,#6763,#6764);
#6762 = CARTESIAN_POINT('',(153.5,-89.,0.));
#6763 = DIRECTION('',(-0.,0.,-1.));
#6764 = DIRECTION('',(-0.,-1.,0.));
#6765 = FACE_BOUND('',#6766,.F.);
#6766 = EDGE_LOOP('',(#6767));
#6767 = ORIENTED_EDGE('',*,*,#6768,.T.);
#6768 = EDGE_CURVE('',#6769,#6769,#6771,.T.);
#6769 = VERTEX_POINT('',#6770);
#6770 = CARTESIAN_POINT('',(151.5,-87.4,0.));
#6771 = CIRCLE('',#6772,0.4);
#6772 = AXIS2_PLACEMENT_3D('',#6773,#6774,#6775);
#6773 = CARTESIAN_POINT('',(151.5,-87.,0.));
#6774 = DIRECTION('',(-0.,0.,-1.));
#6775 = DIRECTION('',(-0.,-1.,0.));
#6776 = FACE_BOUND('',#6777,.F.);
#6777 = EDGE_LOOP('',(#6778));
#6778 = ORIENTED_EDGE('',*,*,#6779,.T.);
#6779 = EDGE_CURVE('',#6780,#6780,#6782,.T.);
#6780 = VERTEX_POINT('',#6781);
#6781 = CARTESIAN_POINT('',(153.5,-87.4,0.));
#6782 = CIRCLE('',#6783,0.4);
#6783 = AXIS2_PLACEMENT_3D('',#6784,#6785,#6786);
#6784 = CARTESIAN_POINT('',(153.5,-87.,0.));
#6785 = DIRECTION('',(-0.,0.,-1.));
#6786 = DIRECTION('',(-0.,-1.,0.));
#6787 = FACE_BOUND('',#6788,.F.);
#6788 = EDGE_LOOP('',(#6789));
#6789 = ORIENTED_EDGE('',*,*,#6790,.T.);
#6790 = EDGE_CURVE('',#6791,#6791,#6793,.T.);
#6791 = VERTEX_POINT('',#6792);
#6792 = CARTESIAN_POINT('',(151.5,-85.4,0.));
#6793 = CIRCLE('',#6794,0.4);
#6794 = AXIS2_PLACEMENT_3D('',#6795,#6796,#6797);
#6795 = CARTESIAN_POINT('',(151.5,-85.,0.));
#6796 = DIRECTION('',(-0.,0.,-1.));
#6797 = DIRECTION('',(-0.,-1.,0.));
#6798 = FACE_BOUND('',#6799,.F.);
#6799 = EDGE_LOOP('',(#6800));
#6800 = ORIENTED_EDGE('',*,*,#6801,.T.);
#6801 = EDGE_CURVE('',#6802,#6802,#6804,.T.);
#6802 = VERTEX_POINT('',#6803);
#6803 = CARTESIAN_POINT('',(153.5,-85.4,0.));
#6804 = CIRCLE('',#6805,0.4);
#6805 = AXIS2_PLACEMENT_3D('',#6806,#6807,#6808);
#6806 = CARTESIAN_POINT('',(153.5,-85.,0.));
#6807 = DIRECTION('',(-0.,0.,-1.));
#6808 = DIRECTION('',(-0.,-1.,0.));
#6809 = FACE_BOUND('',#6810,.F.);
#6810 = EDGE_LOOP('',(#6811));
#6811 = ORIENTED_EDGE('',*,*,#6812,.T.);
#6812 = EDGE_CURVE('',#6813,#6813,#6815,.T.);
#6813 = VERTEX_POINT('',#6814);
#6814 = CARTESIAN_POINT('',(151.5,-83.4,0.));
#6815 = CIRCLE('',#6816,0.4);
#6816 = AXIS2_PLACEMENT_3D('',#6817,#6818,#6819);
#6817 = CARTESIAN_POINT('',(151.5,-83.,0.));
#6818 = DIRECTION('',(-0.,0.,-1.));
#6819 = DIRECTION('',(-0.,-1.,0.));
#6820 = FACE_BOUND('',#6821,.F.);
#6821 = EDGE_LOOP('',(#6822));
#6822 = ORIENTED_EDGE('',*,*,#6823,.T.);
#6823 = EDGE_CURVE('',#6824,#6824,#6826,.T.);
#6824 = VERTEX_POINT('',#6825);
#6825 = CARTESIAN_POINT('',(153.5,-83.4,0.));
#6826 = CIRCLE('',#6827,0.4);
#6827 = AXIS2_PLACEMENT_3D('',#6828,#6829,#6830);
#6828 = CARTESIAN_POINT('',(153.5,-83.,0.));
#6829 = DIRECTION('',(-0.,0.,-1.));
#6830 = DIRECTION('',(-0.,-1.,0.));
#6831 = FACE_BOUND('',#6832,.F.);
#6832 = EDGE_LOOP('',(#6833));
#6833 = ORIENTED_EDGE('',*,*,#6834,.T.);
#6834 = EDGE_CURVE('',#6835,#6835,#6837,.T.);
#6835 = VERTEX_POINT('',#6836);
#6836 = CARTESIAN_POINT('',(156.22,-77.62,0.));
#6837 = CIRCLE('',#6838,0.5);
#6838 = AXIS2_PLACEMENT_3D('',#6839,#6840,#6841);
#6839 = CARTESIAN_POINT('',(156.22,-77.12,0.));
#6840 = DIRECTION('',(-0.,0.,-1.));
#6841 = DIRECTION('',(-0.,-1.,0.));
#6842 = FACE_BOUND('',#6843,.F.);
#6843 = EDGE_LOOP('',(#6844));
#6844 = ORIENTED_EDGE('',*,*,#6845,.T.);
#6845 = EDGE_CURVE('',#6846,#6846,#6848,.T.);
#6846 = VERTEX_POINT('',#6847);
#6847 = CARTESIAN_POINT('',(158.76,-77.62,0.));
#6848 = CIRCLE('',#6849,0.5);
#6849 = AXIS2_PLACEMENT_3D('',#6850,#6851,#6852);
#6850 = CARTESIAN_POINT('',(158.76,-77.12,0.));
#6851 = DIRECTION('',(-0.,0.,-1.));
#6852 = DIRECTION('',(-0.,-1.,0.));
#6853 = FACE_BOUND('',#6854,.F.);
#6854 = EDGE_LOOP('',(#6855));
#6855 = ORIENTED_EDGE('',*,*,#6856,.T.);
#6856 = EDGE_CURVE('',#6857,#6857,#6859,.T.);
#6857 = VERTEX_POINT('',#6858);
#6858 = CARTESIAN_POINT('',(161.3,-77.62,0.));
#6859 = CIRCLE('',#6860,0.5);
#6860 = AXIS2_PLACEMENT_3D('',#6861,#6862,#6863);
#6861 = CARTESIAN_POINT('',(161.3,-77.12,0.));
#6862 = DIRECTION('',(-0.,0.,-1.));
#6863 = DIRECTION('',(-0.,-1.,0.));
#6864 = FACE_BOUND('',#6865,.F.);
#6865 = EDGE_LOOP('',(#6866));
#6866 = ORIENTED_EDGE('',*,*,#6867,.T.);
#6867 = EDGE_CURVE('',#6868,#6868,#6870,.T.);
#6868 = VERTEX_POINT('',#6869);
#6869 = CARTESIAN_POINT('',(163.5,-90.1,0.));
#6870 = CIRCLE('',#6871,1.1);
#6871 = AXIS2_PLACEMENT_3D('',#6872,#6873,#6874);
#6872 = CARTESIAN_POINT('',(163.5,-89.,0.));
#6873 = DIRECTION('',(-0.,0.,-1.));
#6874 = DIRECTION('',(-0.,-1.,0.));
#6875 = FACE_BOUND('',#6876,.F.);
#6876 = EDGE_LOOP('',(#6877));
#6877 = ORIENTED_EDGE('',*,*,#6878,.T.);
#6878 = EDGE_CURVE('',#6879,#6879,#6881,.T.);
#6879 = VERTEX_POINT('',#6880);
#6880 = CARTESIAN_POINT('',(172.,-90.1,0.));
#6881 = CIRCLE('',#6882,1.1);
#6882 = AXIS2_PLACEMENT_3D('',#6883,#6884,#6885);
#6883 = CARTESIAN_POINT('',(172.,-89.,0.));
#6884 = DIRECTION('',(-0.,0.,-1.));
#6885 = DIRECTION('',(-0.,-1.,0.));
#6886 = FACE_BOUND('',#6887,.F.);
#6887 = EDGE_LOOP('',(#6888));
#6888 = ORIENTED_EDGE('',*,*,#6889,.T.);
#6889 = EDGE_CURVE('',#6890,#6890,#6892,.T.);
#6890 = VERTEX_POINT('',#6891);
#6891 = CARTESIAN_POINT('',(163.84,-77.62,0.));
#6892 = CIRCLE('',#6893,0.5);
#6893 = AXIS2_PLACEMENT_3D('',#6894,#6895,#6896);
#6894 = CARTESIAN_POINT('',(163.84,-77.12,0.));
#6895 = DIRECTION('',(-0.,0.,-1.));
#6896 = DIRECTION('',(-0.,-1.,0.));
#6897 = FACE_BOUND('',#6898,.F.);
#6898 = EDGE_LOOP('',(#6899));
#6899 = ORIENTED_EDGE('',*,*,#6900,.T.);
#6900 = EDGE_CURVE('',#6901,#6901,#6903,.T.);
#6901 = VERTEX_POINT('',#6902);
#6902 = CARTESIAN_POINT('',(166.38,-77.62,0.));
#6903 = CIRCLE('',#6904,0.5);
#6904 = AXIS2_PLACEMENT_3D('',#6905,#6906,#6907);
#6905 = CARTESIAN_POINT('',(166.38,-77.12,0.));
#6906 = DIRECTION('',(-0.,0.,-1.));
#6907 = DIRECTION('',(-0.,-1.,0.));
#6908 = FACE_BOUND('',#6909,.F.);
#6909 = EDGE_LOOP('',(#6910));
#6910 = ORIENTED_EDGE('',*,*,#6911,.T.);
#6911 = EDGE_CURVE('',#6912,#6912,#6914,.T.);
#6912 = VERTEX_POINT('',#6913);
#6913 = CARTESIAN_POINT('',(168.92,-77.62,0.));
#6914 = CIRCLE('',#6915,0.5);
#6915 = AXIS2_PLACEMENT_3D('',#6916,#6917,#6918);
#6916 = CARTESIAN_POINT('',(168.92,-77.12,0.));
#6917 = DIRECTION('',(-0.,0.,-1.));
#6918 = DIRECTION('',(-0.,-1.,0.));
#6919 = FACE_BOUND('',#6920,.F.);
#6920 = EDGE_LOOP('',(#6921));
#6921 = ORIENTED_EDGE('',*,*,#6922,.T.);
#6922 = EDGE_CURVE('',#6923,#6923,#6925,.T.);
#6923 = VERTEX_POINT('',#6924);
#6924 = CARTESIAN_POINT('',(171.46,-77.62,0.));
#6925 = CIRCLE('',#6926,0.5);
#6926 = AXIS2_PLACEMENT_3D('',#6927,#6928,#6929);
#6927 = CARTESIAN_POINT('',(171.46,-77.12,0.));
#6928 = DIRECTION('',(-0.,0.,-1.));
#6929 = DIRECTION('',(-0.,-1.,0.));
#6930 = FACE_BOUND('',#6931,.F.);
#6931 = EDGE_LOOP('',(#6932));
#6932 = ORIENTED_EDGE('',*,*,#6933,.T.);
#6933 = EDGE_CURVE('',#6934,#6934,#6936,.T.);
#6934 = VERTEX_POINT('',#6935);
#6935 = CARTESIAN_POINT('',(174.,-77.62,0.));
#6936 = CIRCLE('',#6937,0.5);
#6937 = AXIS2_PLACEMENT_3D('',#6938,#6939,#6940);
#6938 = CARTESIAN_POINT('',(174.,-77.12,0.));
#6939 = DIRECTION('',(-0.,0.,-1.));
#6940 = DIRECTION('',(-0.,-1.,0.));
#6941 = FACE_BOUND('',#6942,.F.);
#6942 = EDGE_LOOP('',(#6943));
#6943 = ORIENTED_EDGE('',*,*,#6944,.T.);
#6944 = EDGE_CURVE('',#6945,#6945,#6947,.T.);
#6945 = VERTEX_POINT('',#6946);
#6946 = CARTESIAN_POINT('',(156.22,-62.38,0.));
#6947 = CIRCLE('',#6948,0.5);
#6948 = AXIS2_PLACEMENT_3D('',#6949,#6950,#6951);
#6949 = CARTESIAN_POINT('',(156.22,-61.88,0.));
#6950 = DIRECTION('',(-0.,0.,-1.));
#6951 = DIRECTION('',(-0.,-1.,0.));
#6952 = FACE_BOUND('',#6953,.F.);
#6953 = EDGE_LOOP('',(#6954));
#6954 = ORIENTED_EDGE('',*,*,#6955,.T.);
#6955 = EDGE_CURVE('',#6956,#6956,#6958,.T.);
#6956 = VERTEX_POINT('',#6957);
#6957 = CARTESIAN_POINT('',(158.76,-62.38,0.));
#6958 = CIRCLE('',#6959,0.5);
#6959 = AXIS2_PLACEMENT_3D('',#6960,#6961,#6962);
#6960 = CARTESIAN_POINT('',(158.76,-61.88,0.));
#6961 = DIRECTION('',(-0.,0.,-1.));
#6962 = DIRECTION('',(-0.,-1.,0.));
#6963 = FACE_BOUND('',#6964,.F.);
#6964 = EDGE_LOOP('',(#6965));
#6965 = ORIENTED_EDGE('',*,*,#6966,.T.);
#6966 = EDGE_CURVE('',#6967,#6967,#6969,.T.);
#6967 = VERTEX_POINT('',#6968);
#6968 = CARTESIAN_POINT('',(161.3,-62.38,0.));
#6969 = CIRCLE('',#6970,0.5);
#6970 = AXIS2_PLACEMENT_3D('',#6971,#6972,#6973);
#6971 = CARTESIAN_POINT('',(161.3,-61.88,0.));
#6972 = DIRECTION('',(-0.,0.,-1.));
#6973 = DIRECTION('',(-0.,-1.,0.));
#6974 = FACE_BOUND('',#6975,.F.);
#6975 = EDGE_LOOP('',(#6976));
#6976 = ORIENTED_EDGE('',*,*,#6977,.T.);
#6977 = EDGE_CURVE('',#6978,#6978,#6980,.T.);
#6978 = VERTEX_POINT('',#6979);
#6979 = CARTESIAN_POINT('',(163.84,-62.38,0.));
#6980 = CIRCLE('',#6981,0.5);
#6981 = AXIS2_PLACEMENT_3D('',#6982,#6983,#6984);
#6982 = CARTESIAN_POINT('',(163.84,-61.88,0.));
#6983 = DIRECTION('',(-0.,0.,-1.));
#6984 = DIRECTION('',(-0.,-1.,0.));
#6985 = FACE_BOUND('',#6986,.F.);
#6986 = EDGE_LOOP('',(#6987));
#6987 = ORIENTED_EDGE('',*,*,#6988,.T.);
#6988 = EDGE_CURVE('',#6989,#6989,#6991,.T.);
#6989 = VERTEX_POINT('',#6990);
#6990 = CARTESIAN_POINT('',(166.38,-62.38,0.));
#6991 = CIRCLE('',#6992,0.5);
#6992 = AXIS2_PLACEMENT_3D('',#6993,#6994,#6995);
#6993 = CARTESIAN_POINT('',(166.38,-61.88,0.));
#6994 = DIRECTION('',(-0.,0.,-1.));
#6995 = DIRECTION('',(-0.,-1.,0.));
#6996 = FACE_BOUND('',#6997,.F.);
#6997 = EDGE_LOOP('',(#6998));
#6998 = ORIENTED_EDGE('',*,*,#6999,.T.);
#6999 = EDGE_CURVE('',#7000,#7000,#7002,.T.);
#7000 = VERTEX_POINT('',#7001);
#7001 = CARTESIAN_POINT('',(168.92,-62.38,0.));
#7002 = CIRCLE('',#7003,0.5);
#7003 = AXIS2_PLACEMENT_3D('',#7004,#7005,#7006);
#7004 = CARTESIAN_POINT('',(168.92,-61.88,0.));
#7005 = DIRECTION('',(-0.,0.,-1.));
#7006 = DIRECTION('',(-0.,-1.,0.));
#7007 = FACE_BOUND('',#7008,.F.);
#7008 = EDGE_LOOP('',(#7009));
#7009 = ORIENTED_EDGE('',*,*,#7010,.T.);
#7010 = EDGE_CURVE('',#7011,#7011,#7013,.T.);
#7011 = VERTEX_POINT('',#7012);
#7012 = CARTESIAN_POINT('',(171.46,-62.38,0.));
#7013 = CIRCLE('',#7014,0.5);
#7014 = AXIS2_PLACEMENT_3D('',#7015,#7016,#7017);
#7015 = CARTESIAN_POINT('',(171.46,-61.88,0.));
#7016 = DIRECTION('',(-0.,0.,-1.));
#7017 = DIRECTION('',(-0.,-1.,0.));
#7018 = FACE_BOUND('',#7019,.F.);
#7019 = EDGE_LOOP('',(#7020));
#7020 = ORIENTED_EDGE('',*,*,#7021,.T.);
#7021 = EDGE_CURVE('',#7022,#7022,#7024,.T.);
#7022 = VERTEX_POINT('',#7023);
#7023 = CARTESIAN_POINT('',(174.,-62.38,0.));
#7024 = CIRCLE('',#7025,0.5);
#7025 = AXIS2_PLACEMENT_3D('',#7026,#7027,#7028);
#7026 = CARTESIAN_POINT('',(174.,-61.88,0.));
#7027 = DIRECTION('',(-0.,0.,-1.));
#7028 = DIRECTION('',(-0.,-1.,0.));
#7029 = PLANE('',#7030);
#7030 = AXIS2_PLACEMENT_3D('',#7031,#7032,#7033);
#7031 = CARTESIAN_POINT('',(0.,0.,0.));
#7032 = DIRECTION('',(0.,0.,1.));
#7033 = DIRECTION('',(1.,0.,-0.));
#7034 = ADVANCED_FACE('',(#7035,#7110,#7121,#7132,#7143,#7154,#7165,
    #7176,#7187,#7198,#7209,#7220,#7231,#7242,#7253,#7264,#7275,#7286,
    #7297,#7308,#7319,#7330,#7341,#7352,#7363,#7374,#7385),#7396,.T.);
#7035 = FACE_BOUND('',#7036,.T.);
#7036 = EDGE_LOOP('',(#7037,#7038,#7039,#7047,#7055,#7063,#7071,#7079,
    #7087,#7095,#7103,#7109));
#7037 = ORIENTED_EDGE('',*,*,#6579,.F.);
#7038 = ORIENTED_EDGE('',*,*,#6619,.F.);
#7039 = ORIENTED_EDGE('',*,*,#7040,.F.);
#7040 = EDGE_CURVE('',#7041,#6612,#7043,.T.);
#7041 = VERTEX_POINT('',#7042);
#7042 = CARTESIAN_POINT('',(148.96,-55.76,1.51));
#7043 = LINE('',#7044,#7045);
#7044 = CARTESIAN_POINT('',(148.96,-55.76,1.51));
#7045 = VECTOR('',#7046,1.);
#7046 = DIRECTION('',(1.,0.,0.));
#7047 = ORIENTED_EDGE('',*,*,#7048,.F.);
#7048 = EDGE_CURVE('',#7049,#7041,#7051,.T.);
#7049 = VERTEX_POINT('',#7050);
#7050 = CARTESIAN_POINT('',(148.96,-64.3,1.51));
#7051 = LINE('',#7052,#7053);
#7052 = CARTESIAN_POINT('',(148.96,-64.3,1.51));
#7053 = VECTOR('',#7054,1.);
#7054 = DIRECTION('',(0.,1.,0.));
#7055 = ORIENTED_EDGE('',*,*,#7056,.F.);
#7056 = EDGE_CURVE('',#7057,#7049,#7059,.T.);
#7057 = VERTEX_POINT('',#7058);
#7058 = CARTESIAN_POINT('',(154.61,-64.3,1.51));
#7059 = LINE('',#7060,#7061);
#7060 = CARTESIAN_POINT('',(154.61,-64.3,1.51));
#7061 = VECTOR('',#7062,1.);
#7062 = DIRECTION('',(-1.,0.,0.));
#7063 = ORIENTED_EDGE('',*,*,#7064,.F.);
#7064 = EDGE_CURVE('',#7065,#7057,#7067,.T.);
#7065 = VERTEX_POINT('',#7066);
#7066 = CARTESIAN_POINT('',(154.61,-74.7,1.51));
#7067 = LINE('',#7068,#7069);
#7068 = CARTESIAN_POINT('',(154.61,-74.7,1.51));
#7069 = VECTOR('',#7070,1.);
#7070 = DIRECTION('',(0.,1.,0.));
#7071 = ORIENTED_EDGE('',*,*,#7072,.F.);
#7072 = EDGE_CURVE('',#7073,#7065,#7075,.T.);
#7073 = VERTEX_POINT('',#7074);
#7074 = CARTESIAN_POINT('',(148.96,-74.7,1.51));
#7075 = LINE('',#7076,#7077);
#7076 = CARTESIAN_POINT('',(148.96,-74.7,1.51));
#7077 = VECTOR('',#7078,1.);
#7078 = DIRECTION('',(1.,0.,0.));
#7079 = ORIENTED_EDGE('',*,*,#7080,.F.);
#7080 = EDGE_CURVE('',#7081,#7073,#7083,.T.);
#7081 = VERTEX_POINT('',#7082);
#7082 = CARTESIAN_POINT('',(148.96,-92.18,1.51));
#7083 = LINE('',#7084,#7085);
#7084 = CARTESIAN_POINT('',(148.96,-92.18,1.51));
#7085 = VECTOR('',#7086,1.);
#7086 = DIRECTION('',(0.,1.,0.));
#7087 = ORIENTED_EDGE('',*,*,#7088,.F.);
#7088 = EDGE_CURVE('',#7089,#7081,#7091,.T.);
#7089 = VERTEX_POINT('',#7090);
#7090 = CARTESIAN_POINT('',(175.41,-92.18,1.51));
#7091 = LINE('',#7092,#7093);
#7092 = CARTESIAN_POINT('',(175.41,-92.18,1.51));
#7093 = VECTOR('',#7094,1.);
#7094 = DIRECTION('',(-1.,0.,0.));
#7095 = ORIENTED_EDGE('',*,*,#7096,.F.);
#7096 = EDGE_CURVE('',#7097,#7089,#7099,.T.);
#7097 = VERTEX_POINT('',#7098);
#7098 = CARTESIAN_POINT('',(175.41,-74.7,1.51));
#7099 = LINE('',#7100,#7101);
#7100 = CARTESIAN_POINT('',(175.41,-74.7,1.51));
#7101 = VECTOR('',#7102,1.);
#7102 = DIRECTION('',(0.,-1.,0.));
#7103 = ORIENTED_EDGE('',*,*,#7104,.F.);
#7104 = EDGE_CURVE('',#6642,#7097,#7105,.T.);
#7105 = LINE('',#7106,#7107);
#7106 = CARTESIAN_POINT('',(172.11,-74.7,1.51));
#7107 = VECTOR('',#7108,1.);
#7108 = DIRECTION('',(1.,0.,0.));
#7109 = ORIENTED_EDGE('',*,*,#6641,.F.);
#7110 = FACE_BOUND('',#7111,.T.);
#7111 = EDGE_LOOP('',(#7112));
#7112 = ORIENTED_EDGE('',*,*,#7113,.T.);
#7113 = EDGE_CURVE('',#7114,#7114,#7116,.T.);
#7114 = VERTEX_POINT('',#7115);
#7115 = CARTESIAN_POINT('',(151.5,-89.4,1.51));
#7116 = CIRCLE('',#7117,0.4);
#7117 = AXIS2_PLACEMENT_3D('',#7118,#7119,#7120);
#7118 = CARTESIAN_POINT('',(151.5,-89.,1.51));
#7119 = DIRECTION('',(-0.,0.,-1.));
#7120 = DIRECTION('',(-0.,-1.,0.));
#7121 = FACE_BOUND('',#7122,.T.);
#7122 = EDGE_LOOP('',(#7123));
#7123 = ORIENTED_EDGE('',*,*,#7124,.T.);
#7124 = EDGE_CURVE('',#7125,#7125,#7127,.T.);
#7125 = VERTEX_POINT('',#7126);
#7126 = CARTESIAN_POINT('',(153.5,-89.4,1.51));
#7127 = CIRCLE('',#7128,0.4);
#7128 = AXIS2_PLACEMENT_3D('',#7129,#7130,#7131);
#7129 = CARTESIAN_POINT('',(153.5,-89.,1.51));
#7130 = DIRECTION('',(-0.,0.,-1.));
#7131 = DIRECTION('',(-0.,-1.,0.));
#7132 = FACE_BOUND('',#7133,.T.);
#7133 = EDGE_LOOP('',(#7134));
#7134 = ORIENTED_EDGE('',*,*,#7135,.T.);
#7135 = EDGE_CURVE('',#7136,#7136,#7138,.T.);
#7136 = VERTEX_POINT('',#7137);
#7137 = CARTESIAN_POINT('',(151.5,-87.4,1.51));
#7138 = CIRCLE('',#7139,0.4);
#7139 = AXIS2_PLACEMENT_3D('',#7140,#7141,#7142);
#7140 = CARTESIAN_POINT('',(151.5,-87.,1.51));
#7141 = DIRECTION('',(-0.,0.,-1.));
#7142 = DIRECTION('',(-0.,-1.,0.));
#7143 = FACE_BOUND('',#7144,.T.);
#7144 = EDGE_LOOP('',(#7145));
#7145 = ORIENTED_EDGE('',*,*,#7146,.T.);
#7146 = EDGE_CURVE('',#7147,#7147,#7149,.T.);
#7147 = VERTEX_POINT('',#7148);
#7148 = CARTESIAN_POINT('',(153.5,-87.4,1.51));
#7149 = CIRCLE('',#7150,0.4);
#7150 = AXIS2_PLACEMENT_3D('',#7151,#7152,#7153);
#7151 = CARTESIAN_POINT('',(153.5,-87.,1.51));
#7152 = DIRECTION('',(-0.,0.,-1.));
#7153 = DIRECTION('',(-0.,-1.,0.));
#7154 = FACE_BOUND('',#7155,.T.);
#7155 = EDGE_LOOP('',(#7156));
#7156 = ORIENTED_EDGE('',*,*,#7157,.T.);
#7157 = EDGE_CURVE('',#7158,#7158,#7160,.T.);
#7158 = VERTEX_POINT('',#7159);
#7159 = CARTESIAN_POINT('',(151.5,-85.4,1.51));
#7160 = CIRCLE('',#7161,0.4);
#7161 = AXIS2_PLACEMENT_3D('',#7162,#7163,#7164);
#7162 = CARTESIAN_POINT('',(151.5,-85.,1.51));
#7163 = DIRECTION('',(-0.,0.,-1.));
#7164 = DIRECTION('',(-0.,-1.,0.));
#7165 = FACE_BOUND('',#7166,.T.);
#7166 = EDGE_LOOP('',(#7167));
#7167 = ORIENTED_EDGE('',*,*,#7168,.T.);
#7168 = EDGE_CURVE('',#7169,#7169,#7171,.T.);
#7169 = VERTEX_POINT('',#7170);
#7170 = CARTESIAN_POINT('',(153.5,-85.4,1.51));
#7171 = CIRCLE('',#7172,0.4);
#7172 = AXIS2_PLACEMENT_3D('',#7173,#7174,#7175);
#7173 = CARTESIAN_POINT('',(153.5,-85.,1.51));
#7174 = DIRECTION('',(-0.,0.,-1.));
#7175 = DIRECTION('',(-0.,-1.,0.));
#7176 = FACE_BOUND('',#7177,.T.);
#7177 = EDGE_LOOP('',(#7178));
#7178 = ORIENTED_EDGE('',*,*,#7179,.T.);
#7179 = EDGE_CURVE('',#7180,#7180,#7182,.T.);
#7180 = VERTEX_POINT('',#7181);
#7181 = CARTESIAN_POINT('',(151.5,-83.4,1.51));
#7182 = CIRCLE('',#7183,0.4);
#7183 = AXIS2_PLACEMENT_3D('',#7184,#7185,#7186);
#7184 = CARTESIAN_POINT('',(151.5,-83.,1.51));
#7185 = DIRECTION('',(-0.,0.,-1.));
#7186 = DIRECTION('',(-0.,-1.,0.));
#7187 = FACE_BOUND('',#7188,.T.);
#7188 = EDGE_LOOP('',(#7189));
#7189 = ORIENTED_EDGE('',*,*,#7190,.T.);
#7190 = EDGE_CURVE('',#7191,#7191,#7193,.T.);
#7191 = VERTEX_POINT('',#7192);
#7192 = CARTESIAN_POINT('',(153.5,-83.4,1.51));
#7193 = CIRCLE('',#7194,0.4);
#7194 = AXIS2_PLACEMENT_3D('',#7195,#7196,#7197);
#7195 = CARTESIAN_POINT('',(153.5,-83.,1.51));
#7196 = DIRECTION('',(-0.,0.,-1.));
#7197 = DIRECTION('',(-0.,-1.,0.));
#7198 = FACE_BOUND('',#7199,.T.);
#7199 = EDGE_LOOP('',(#7200));
#7200 = ORIENTED_EDGE('',*,*,#7201,.T.);
#7201 = EDGE_CURVE('',#7202,#7202,#7204,.T.);
#7202 = VERTEX_POINT('',#7203);
#7203 = CARTESIAN_POINT('',(156.22,-77.62,1.51));
#7204 = CIRCLE('',#7205,0.5);
#7205 = AXIS2_PLACEMENT_3D('',#7206,#7207,#7208);
#7206 = CARTESIAN_POINT('',(156.22,-77.12,1.51));
#7207 = DIRECTION('',(-0.,0.,-1.));
#7208 = DIRECTION('',(-0.,-1.,0.));
#7209 = FACE_BOUND('',#7210,.T.);
#7210 = EDGE_LOOP('',(#7211));
#7211 = ORIENTED_EDGE('',*,*,#7212,.T.);
#7212 = EDGE_CURVE('',#7213,#7213,#7215,.T.);
#7213 = VERTEX_POINT('',#7214);
#7214 = CARTESIAN_POINT('',(158.76,-77.62,1.51));
#7215 = CIRCLE('',#7216,0.5);
#7216 = AXIS2_PLACEMENT_3D('',#7217,#7218,#7219);
#7217 = CARTESIAN_POINT('',(158.76,-77.12,1.51));
#7218 = DIRECTION('',(-0.,0.,-1.));
#7219 = DIRECTION('',(-0.,-1.,0.));
#7220 = FACE_BOUND('',#7221,.T.);
#7221 = EDGE_LOOP('',(#7222));
#7222 = ORIENTED_EDGE('',*,*,#7223,.T.);
#7223 = EDGE_CURVE('',#7224,#7224,#7226,.T.);
#7224 = VERTEX_POINT('',#7225);
#7225 = CARTESIAN_POINT('',(161.3,-77.62,1.51));
#7226 = CIRCLE('',#7227,0.5);
#7227 = AXIS2_PLACEMENT_3D('',#7228,#7229,#7230);
#7228 = CARTESIAN_POINT('',(161.3,-77.12,1.51));
#7229 = DIRECTION('',(-0.,0.,-1.));
#7230 = DIRECTION('',(-0.,-1.,0.));
#7231 = FACE_BOUND('',#7232,.T.);
#7232 = EDGE_LOOP('',(#7233));
#7233 = ORIENTED_EDGE('',*,*,#7234,.T.);
#7234 = EDGE_CURVE('',#7235,#7235,#7237,.T.);
#7235 = VERTEX_POINT('',#7236);
#7236 = CARTESIAN_POINT('',(163.5,-90.1,1.51));
#7237 = CIRCLE('',#7238,1.1);
#7238 = AXIS2_PLACEMENT_3D('',#7239,#7240,#7241);
#7239 = CARTESIAN_POINT('',(163.5,-89.,1.51));
#7240 = DIRECTION('',(-0.,0.,-1.));
#7241 = DIRECTION('',(-0.,-1.,0.));
#7242 = FACE_BOUND('',#7243,.T.);
#7243 = EDGE_LOOP('',(#7244));
#7244 = ORIENTED_EDGE('',*,*,#7245,.T.);
#7245 = EDGE_CURVE('',#7246,#7246,#7248,.T.);
#7246 = VERTEX_POINT('',#7247);
#7247 = CARTESIAN_POINT('',(172.,-90.1,1.51));
#7248 = CIRCLE('',#7249,1.1);
#7249 = AXIS2_PLACEMENT_3D('',#7250,#7251,#7252);
#7250 = CARTESIAN_POINT('',(172.,-89.,1.51));
#7251 = DIRECTION('',(-0.,0.,-1.));
#7252 = DIRECTION('',(-0.,-1.,0.));
#7253 = FACE_BOUND('',#7254,.T.);
#7254 = EDGE_LOOP('',(#7255));
#7255 = ORIENTED_EDGE('',*,*,#7256,.T.);
#7256 = EDGE_CURVE('',#7257,#7257,#7259,.T.);
#7257 = VERTEX_POINT('',#7258);
#7258 = CARTESIAN_POINT('',(163.84,-77.62,1.51));
#7259 = CIRCLE('',#7260,0.5);
#7260 = AXIS2_PLACEMENT_3D('',#7261,#7262,#7263);
#7261 = CARTESIAN_POINT('',(163.84,-77.12,1.51));
#7262 = DIRECTION('',(-0.,0.,-1.));
#7263 = DIRECTION('',(-0.,-1.,0.));
#7264 = FACE_BOUND('',#7265,.T.);
#7265 = EDGE_LOOP('',(#7266));
#7266 = ORIENTED_EDGE('',*,*,#7267,.T.);
#7267 = EDGE_CURVE('',#7268,#7268,#7270,.T.);
#7268 = VERTEX_POINT('',#7269);
#7269 = CARTESIAN_POINT('',(166.38,-77.62,1.51));
#7270 = CIRCLE('',#7271,0.5);
#7271 = AXIS2_PLACEMENT_3D('',#7272,#7273,#7274);
#7272 = CARTESIAN_POINT('',(166.38,-77.12,1.51));
#7273 = DIRECTION('',(-0.,0.,-1.));
#7274 = DIRECTION('',(-0.,-1.,0.));
#7275 = FACE_BOUND('',#7276,.T.);
#7276 = EDGE_LOOP('',(#7277));
#7277 = ORIENTED_EDGE('',*,*,#7278,.T.);
#7278 = EDGE_CURVE('',#7279,#7279,#7281,.T.);
#7279 = VERTEX_POINT('',#7280);
#7280 = CARTESIAN_POINT('',(168.92,-77.62,1.51));
#7281 = CIRCLE('',#7282,0.5);
#7282 = AXIS2_PLACEMENT_3D('',#7283,#7284,#7285);
#7283 = CARTESIAN_POINT('',(168.92,-77.12,1.51));
#7284 = DIRECTION('',(-0.,0.,-1.));
#7285 = DIRECTION('',(-0.,-1.,0.));
#7286 = FACE_BOUND('',#7287,.T.);
#7287 = EDGE_LOOP('',(#7288));
#7288 = ORIENTED_EDGE('',*,*,#7289,.T.);
#7289 = EDGE_CURVE('',#7290,#7290,#7292,.T.);
#7290 = VERTEX_POINT('',#7291);
#7291 = CARTESIAN_POINT('',(171.46,-77.62,1.51));
#7292 = CIRCLE('',#7293,0.5);
#7293 = AXIS2_PLACEMENT_3D('',#7294,#7295,#7296);
#7294 = CARTESIAN_POINT('',(171.46,-77.12,1.51));
#7295 = DIRECTION('',(-0.,0.,-1.));
#7296 = DIRECTION('',(-0.,-1.,0.));
#7297 = FACE_BOUND('',#7298,.T.);
#7298 = EDGE_LOOP('',(#7299));
#7299 = ORIENTED_EDGE('',*,*,#7300,.T.);
#7300 = EDGE_CURVE('',#7301,#7301,#7303,.T.);
#7301 = VERTEX_POINT('',#7302);
#7302 = CARTESIAN_POINT('',(174.,-77.62,1.51));
#7303 = CIRCLE('',#7304,0.5);
#7304 = AXIS2_PLACEMENT_3D('',#7305,#7306,#7307);
#7305 = CARTESIAN_POINT('',(174.,-77.12,1.51));
#7306 = DIRECTION('',(-0.,0.,-1.));
#7307 = DIRECTION('',(-0.,-1.,0.));
#7308 = FACE_BOUND('',#7309,.T.);
#7309 = EDGE_LOOP('',(#7310));
#7310 = ORIENTED_EDGE('',*,*,#7311,.T.);
#7311 = EDGE_CURVE('',#7312,#7312,#7314,.T.);
#7312 = VERTEX_POINT('',#7313);
#7313 = CARTESIAN_POINT('',(156.22,-62.38,1.51));
#7314 = CIRCLE('',#7315,0.5);
#7315 = AXIS2_PLACEMENT_3D('',#7316,#7317,#7318);
#7316 = CARTESIAN_POINT('',(156.22,-61.88,1.51));
#7317 = DIRECTION('',(-0.,0.,-1.));
#7318 = DIRECTION('',(-0.,-1.,0.));
#7319 = FACE_BOUND('',#7320,.T.);
#7320 = EDGE_LOOP('',(#7321));
#7321 = ORIENTED_EDGE('',*,*,#7322,.T.);
#7322 = EDGE_CURVE('',#7323,#7323,#7325,.T.);
#7323 = VERTEX_POINT('',#7324);
#7324 = CARTESIAN_POINT('',(158.76,-62.38,1.51));
#7325 = CIRCLE('',#7326,0.5);
#7326 = AXIS2_PLACEMENT_3D('',#7327,#7328,#7329);
#7327 = CARTESIAN_POINT('',(158.76,-61.88,1.51));
#7328 = DIRECTION('',(-0.,0.,-1.));
#7329 = DIRECTION('',(-0.,-1.,0.));
#7330 = FACE_BOUND('',#7331,.T.);
#7331 = EDGE_LOOP('',(#7332));
#7332 = ORIENTED_EDGE('',*,*,#7333,.T.);
#7333 = EDGE_CURVE('',#7334,#7334,#7336,.T.);
#7334 = VERTEX_POINT('',#7335);
#7335 = CARTESIAN_POINT('',(161.3,-62.38,1.51));
#7336 = CIRCLE('',#7337,0.5);
#7337 = AXIS2_PLACEMENT_3D('',#7338,#7339,#7340);
#7338 = CARTESIAN_POINT('',(161.3,-61.88,1.51));
#7339 = DIRECTION('',(-0.,0.,-1.));
#7340 = DIRECTION('',(-0.,-1.,0.));
#7341 = FACE_BOUND('',#7342,.T.);
#7342 = EDGE_LOOP('',(#7343));
#7343 = ORIENTED_EDGE('',*,*,#7344,.T.);
#7344 = EDGE_CURVE('',#7345,#7345,#7347,.T.);
#7345 = VERTEX_POINT('',#7346);
#7346 = CARTESIAN_POINT('',(163.84,-62.38,1.51));
#7347 = CIRCLE('',#7348,0.5);
#7348 = AXIS2_PLACEMENT_3D('',#7349,#7350,#7351);
#7349 = CARTESIAN_POINT('',(163.84,-61.88,1.51));
#7350 = DIRECTION('',(-0.,0.,-1.));
#7351 = DIRECTION('',(-0.,-1.,0.));
#7352 = FACE_BOUND('',#7353,.T.);
#7353 = EDGE_LOOP('',(#7354));
#7354 = ORIENTED_EDGE('',*,*,#7355,.T.);
#7355 = EDGE_CURVE('',#7356,#7356,#7358,.T.);
#7356 = VERTEX_POINT('',#7357);
#7357 = CARTESIAN_POINT('',(166.38,-62.38,1.51));
#7358 = CIRCLE('',#7359,0.5);
#7359 = AXIS2_PLACEMENT_3D('',#7360,#7361,#7362);
#7360 = CARTESIAN_POINT('',(166.38,-61.88,1.51));
#7361 = DIRECTION('',(-0.,0.,-1.));
#7362 = DIRECTION('',(-0.,-1.,0.));
#7363 = FACE_BOUND('',#7364,.T.);
#7364 = EDGE_LOOP('',(#7365));
#7365 = ORIENTED_EDGE('',*,*,#7366,.T.);
#7366 = EDGE_CURVE('',#7367,#7367,#7369,.T.);
#7367 = VERTEX_POINT('',#7368);
#7368 = CARTESIAN_POINT('',(168.92,-62.38,1.51));
#7369 = CIRCLE('',#7370,0.5);
#7370 = AXIS2_PLACEMENT_3D('',#7371,#7372,#7373);
#7371 = CARTESIAN_POINT('',(168.92,-61.88,1.51));
#7372 = DIRECTION('',(-0.,0.,-1.));
#7373 = DIRECTION('',(-0.,-1.,0.));
#7374 = FACE_BOUND('',#7375,.T.);
#7375 = EDGE_LOOP('',(#7376));
#7376 = ORIENTED_EDGE('',*,*,#7377,.T.);
#7377 = EDGE_CURVE('',#7378,#7378,#7380,.T.);
#7378 = VERTEX_POINT('',#7379);
#7379 = CARTESIAN_POINT('',(171.46,-62.38,1.51));
#7380 = CIRCLE('',#7381,0.5);
#7381 = AXIS2_PLACEMENT_3D('',#7382,#7383,#7384);
#7382 = CARTESIAN_POINT('',(171.46,-61.88,1.51));
#7383 = DIRECTION('',(-0.,0.,-1.));
#7384 = DIRECTION('',(-0.,-1.,0.));
#7385 = FACE_BOUND('',#7386,.T.);
#7386 = EDGE_LOOP('',(#7387));
#7387 = ORIENTED_EDGE('',*,*,#7388,.T.);
#7388 = EDGE_CURVE('',#7389,#7389,#7391,.T.);
#7389 = VERTEX_POINT('',#7390);
#7390 = CARTESIAN_POINT('',(174.,-62.38,1.51));
#7391 = CIRCLE('',#7392,0.5);
#7392 = AXIS2_PLACEMENT_3D('',#7393,#7394,#7395);
#7393 = CARTESIAN_POINT('',(174.,-61.88,1.51));
#7394 = DIRECTION('',(-0.,0.,-1.));
#7395 = DIRECTION('',(-0.,-1.,0.));
#7396 = PLANE('',#7397);
#7397 = AXIS2_PLACEMENT_3D('',#7398,#7399,#7400);
#7398 = CARTESIAN_POINT('',(0.,0.,1.51));
#7399 = DIRECTION('',(0.,0.,1.));
#7400 = DIRECTION('',(1.,0.,-0.));
#7401 = ADVANCED_FACE('',(#7402),#7413,.T.);
#7402 = FACE_BOUND('',#7403,.T.);
#7403 = EDGE_LOOP('',(#7404,#7410,#7411,#7412));
#7404 = ORIENTED_EDGE('',*,*,#7405,.T.);
#7405 = EDGE_CURVE('',#6674,#7041,#7406,.T.);
#7406 = LINE('',#7407,#7408);
#7407 = CARTESIAN_POINT('',(148.96,-55.76,0.));
#7408 = VECTOR('',#7409,1.);
#7409 = DIRECTION('',(0.,0.,1.));
#7410 = ORIENTED_EDGE('',*,*,#7040,.T.);
#7411 = ORIENTED_EDGE('',*,*,#6609,.F.);
#7412 = ORIENTED_EDGE('',*,*,#6673,.F.);
#7413 = PLANE('',#7414);
#7414 = AXIS2_PLACEMENT_3D('',#7415,#7416,#7417);
#7415 = CARTESIAN_POINT('',(148.96,-55.76,0.));
#7416 = DIRECTION('',(0.,1.,0.));
#7417 = DIRECTION('',(1.,0.,0.));
#7418 = ADVANCED_FACE('',(#7419),#7430,.T.);
#7419 = FACE_BOUND('',#7420,.T.);
#7420 = EDGE_LOOP('',(#7421,#7422,#7423,#7429));
#7421 = ORIENTED_EDGE('',*,*,#6649,.T.);
#7422 = ORIENTED_EDGE('',*,*,#7104,.T.);
#7423 = ORIENTED_EDGE('',*,*,#7424,.F.);
#7424 = EDGE_CURVE('',#6730,#7097,#7425,.T.);
#7425 = LINE('',#7426,#7427);
#7426 = CARTESIAN_POINT('',(175.41,-74.7,0.));
#7427 = VECTOR('',#7428,1.);
#7428 = DIRECTION('',(0.,0.,1.));
#7429 = ORIENTED_EDGE('',*,*,#6737,.F.);
#7430 = PLANE('',#7431);
#7431 = AXIS2_PLACEMENT_3D('',#7432,#7433,#7434);
#7432 = CARTESIAN_POINT('',(172.11,-74.7,0.));
#7433 = DIRECTION('',(0.,1.,0.));
#7434 = DIRECTION('',(1.,0.,0.));
#7435 = ADVANCED_FACE('',(#7436),#7447,.T.);
#7436 = FACE_BOUND('',#7437,.T.);
#7437 = EDGE_LOOP('',(#7438,#7444,#7445,#7446));
#7438 = ORIENTED_EDGE('',*,*,#7439,.T.);
#7439 = EDGE_CURVE('',#6682,#7049,#7440,.T.);
#7440 = LINE('',#7441,#7442);
#7441 = CARTESIAN_POINT('',(148.96,-64.3,0.));
#7442 = VECTOR('',#7443,1.);
#7443 = DIRECTION('',(0.,0.,1.));
#7444 = ORIENTED_EDGE('',*,*,#7048,.T.);
#7445 = ORIENTED_EDGE('',*,*,#7405,.F.);
#7446 = ORIENTED_EDGE('',*,*,#6681,.F.);
#7447 = PLANE('',#7448);
#7448 = AXIS2_PLACEMENT_3D('',#7449,#7450,#7451);
#7449 = CARTESIAN_POINT('',(148.96,-64.3,0.));
#7450 = DIRECTION('',(-1.,0.,0.));
#7451 = DIRECTION('',(0.,1.,0.));
#7452 = ADVANCED_FACE('',(#7453),#7464,.T.);
#7453 = FACE_BOUND('',#7454,.T.);
#7454 = EDGE_LOOP('',(#7455,#7456,#7457,#7463));
#7455 = ORIENTED_EDGE('',*,*,#7424,.T.);
#7456 = ORIENTED_EDGE('',*,*,#7096,.T.);
#7457 = ORIENTED_EDGE('',*,*,#7458,.F.);
#7458 = EDGE_CURVE('',#6722,#7089,#7459,.T.);
#7459 = LINE('',#7460,#7461);
#7460 = CARTESIAN_POINT('',(175.41,-92.18,0.));
#7461 = VECTOR('',#7462,1.);
#7462 = DIRECTION('',(0.,0.,1.));
#7463 = ORIENTED_EDGE('',*,*,#6729,.F.);
#7464 = PLANE('',#7465);
#7465 = AXIS2_PLACEMENT_3D('',#7466,#7467,#7468);
#7466 = CARTESIAN_POINT('',(175.41,-74.7,0.));
#7467 = DIRECTION('',(1.,0.,-0.));
#7468 = DIRECTION('',(0.,-1.,0.));
#7469 = ADVANCED_FACE('',(#7470),#7481,.T.);
#7470 = FACE_BOUND('',#7471,.T.);
#7471 = EDGE_LOOP('',(#7472,#7478,#7479,#7480));
#7472 = ORIENTED_EDGE('',*,*,#7473,.T.);
#7473 = EDGE_CURVE('',#6690,#7057,#7474,.T.);
#7474 = LINE('',#7475,#7476);
#7475 = CARTESIAN_POINT('',(154.61,-64.3,0.));
#7476 = VECTOR('',#7477,1.);
#7477 = DIRECTION('',(0.,0.,1.));
#7478 = ORIENTED_EDGE('',*,*,#7056,.T.);
#7479 = ORIENTED_EDGE('',*,*,#7439,.F.);
#7480 = ORIENTED_EDGE('',*,*,#6689,.F.);
#7481 = PLANE('',#7482);
#7482 = AXIS2_PLACEMENT_3D('',#7483,#7484,#7485);
#7483 = CARTESIAN_POINT('',(154.61,-64.3,0.));
#7484 = DIRECTION('',(0.,-1.,0.));
#7485 = DIRECTION('',(-1.,0.,0.));
#7486 = ADVANCED_FACE('',(#7487),#7498,.T.);
#7487 = FACE_BOUND('',#7488,.T.);
#7488 = EDGE_LOOP('',(#7489,#7490,#7491,#7497));
#7489 = ORIENTED_EDGE('',*,*,#7458,.T.);
#7490 = ORIENTED_EDGE('',*,*,#7088,.T.);
#7491 = ORIENTED_EDGE('',*,*,#7492,.F.);
#7492 = EDGE_CURVE('',#6714,#7081,#7493,.T.);
#7493 = LINE('',#7494,#7495);
#7494 = CARTESIAN_POINT('',(148.96,-92.18,0.));
#7495 = VECTOR('',#7496,1.);
#7496 = DIRECTION('',(0.,0.,1.));
#7497 = ORIENTED_EDGE('',*,*,#6721,.F.);
#7498 = PLANE('',#7499);
#7499 = AXIS2_PLACEMENT_3D('',#7500,#7501,#7502);
#7500 = CARTESIAN_POINT('',(175.41,-92.18,0.));
#7501 = DIRECTION('',(0.,-1.,0.));
#7502 = DIRECTION('',(-1.,0.,0.));
#7503 = ADVANCED_FACE('',(#7504),#7515,.T.);
#7504 = FACE_BOUND('',#7505,.T.);
#7505 = EDGE_LOOP('',(#7506,#7512,#7513,#7514));
#7506 = ORIENTED_EDGE('',*,*,#7507,.T.);
#7507 = EDGE_CURVE('',#6698,#7065,#7508,.T.);
#7508 = LINE('',#7509,#7510);
#7509 = CARTESIAN_POINT('',(154.61,-74.7,0.));
#7510 = VECTOR('',#7511,1.);
#7511 = DIRECTION('',(0.,0.,1.));
#7512 = ORIENTED_EDGE('',*,*,#7064,.T.);
#7513 = ORIENTED_EDGE('',*,*,#7473,.F.);
#7514 = ORIENTED_EDGE('',*,*,#6697,.F.);
#7515 = PLANE('',#7516);
#7516 = AXIS2_PLACEMENT_3D('',#7517,#7518,#7519);
#7517 = CARTESIAN_POINT('',(154.61,-74.7,0.));
#7518 = DIRECTION('',(-1.,0.,0.));
#7519 = DIRECTION('',(0.,1.,0.));
#7520 = ADVANCED_FACE('',(#7521),#7532,.T.);
#7521 = FACE_BOUND('',#7522,.T.);
#7522 = EDGE_LOOP('',(#7523,#7524,#7525,#7531));
#7523 = ORIENTED_EDGE('',*,*,#7492,.T.);
#7524 = ORIENTED_EDGE('',*,*,#7080,.T.);
#7525 = ORIENTED_EDGE('',*,*,#7526,.F.);
#7526 = EDGE_CURVE('',#6706,#7073,#7527,.T.);
#7527 = LINE('',#7528,#7529);
#7528 = CARTESIAN_POINT('',(148.96,-74.7,0.));
#7529 = VECTOR('',#7530,1.);
#7530 = DIRECTION('',(0.,0.,1.));
#7531 = ORIENTED_EDGE('',*,*,#6713,.F.);
#7532 = PLANE('',#7533);
#7533 = AXIS2_PLACEMENT_3D('',#7534,#7535,#7536);
#7534 = CARTESIAN_POINT('',(148.96,-92.18,0.));
#7535 = DIRECTION('',(-1.,0.,0.));
#7536 = DIRECTION('',(0.,1.,0.));
#7537 = ADVANCED_FACE('',(#7538),#7544,.T.);
#7538 = FACE_BOUND('',#7539,.T.);
#7539 = EDGE_LOOP('',(#7540,#7541,#7542,#7543));
#7540 = ORIENTED_EDGE('',*,*,#7526,.T.);
#7541 = ORIENTED_EDGE('',*,*,#7072,.T.);
#7542 = ORIENTED_EDGE('',*,*,#7507,.F.);
#7543 = ORIENTED_EDGE('',*,*,#6705,.F.);
#7544 = PLANE('',#7545);
#7545 = AXIS2_PLACEMENT_3D('',#7546,#7547,#7548);
#7546 = CARTESIAN_POINT('',(148.96,-74.7,0.));
#7547 = DIRECTION('',(0.,1.,0.));
#7548 = DIRECTION('',(1.,0.,0.));
#7549 = ADVANCED_FACE('',(#7550),#7561,.F.);
#7550 = FACE_BOUND('',#7551,.T.);
#7551 = EDGE_LOOP('',(#7552,#7553,#7559,#7560));
#7552 = ORIENTED_EDGE('',*,*,#6746,.T.);
#7553 = ORIENTED_EDGE('',*,*,#7554,.T.);
#7554 = EDGE_CURVE('',#6747,#7114,#7555,.T.);
#7555 = LINE('',#7556,#7557);
#7556 = CARTESIAN_POINT('',(151.5,-89.4,-4.6E-02));
#7557 = VECTOR('',#7558,1.);
#7558 = DIRECTION('',(0.,0.,1.));
#7559 = ORIENTED_EDGE('',*,*,#7113,.F.);
#7560 = ORIENTED_EDGE('',*,*,#7554,.F.);
#7561 = CYLINDRICAL_SURFACE('',#7562,0.4);
#7562 = AXIS2_PLACEMENT_3D('',#7563,#7564,#7565);
#7563 = CARTESIAN_POINT('',(151.5,-89.,-4.6E-02));
#7564 = DIRECTION('',(-0.,-0.,-1.));
#7565 = DIRECTION('',(-0.,-1.,0.));
#7566 = ADVANCED_FACE('',(#7567),#7578,.F.);
#7567 = FACE_BOUND('',#7568,.T.);
#7568 = EDGE_LOOP('',(#7569,#7570,#7576,#7577));
#7569 = ORIENTED_EDGE('',*,*,#6757,.T.);
#7570 = ORIENTED_EDGE('',*,*,#7571,.T.);
#7571 = EDGE_CURVE('',#6758,#7125,#7572,.T.);
#7572 = LINE('',#7573,#7574);
#7573 = CARTESIAN_POINT('',(153.5,-89.4,-4.6E-02));
#7574 = VECTOR('',#7575,1.);
#7575 = DIRECTION('',(0.,0.,1.));
#7576 = ORIENTED_EDGE('',*,*,#7124,.F.);
#7577 = ORIENTED_EDGE('',*,*,#7571,.F.);
#7578 = CYLINDRICAL_SURFACE('',#7579,0.4);
#7579 = AXIS2_PLACEMENT_3D('',#7580,#7581,#7582);
#7580 = CARTESIAN_POINT('',(153.5,-89.,-4.6E-02));
#7581 = DIRECTION('',(-0.,-0.,-1.));
#7582 = DIRECTION('',(-0.,-1.,0.));
#7583 = ADVANCED_FACE('',(#7584),#7595,.F.);
#7584 = FACE_BOUND('',#7585,.T.);
#7585 = EDGE_LOOP('',(#7586,#7587,#7593,#7594));
#7586 = ORIENTED_EDGE('',*,*,#6768,.T.);
#7587 = ORIENTED_EDGE('',*,*,#7588,.T.);
#7588 = EDGE_CURVE('',#6769,#7136,#7589,.T.);
#7589 = LINE('',#7590,#7591);
#7590 = CARTESIAN_POINT('',(151.5,-87.4,-4.6E-02));
#7591 = VECTOR('',#7592,1.);
#7592 = DIRECTION('',(0.,0.,1.));
#7593 = ORIENTED_EDGE('',*,*,#7135,.F.);
#7594 = ORIENTED_EDGE('',*,*,#7588,.F.);
#7595 = CYLINDRICAL_SURFACE('',#7596,0.4);
#7596 = AXIS2_PLACEMENT_3D('',#7597,#7598,#7599);
#7597 = CARTESIAN_POINT('',(151.5,-87.,-4.6E-02));
#7598 = DIRECTION('',(-0.,-0.,-1.));
#7599 = DIRECTION('',(-0.,-1.,0.));
#7600 = ADVANCED_FACE('',(#7601),#7612,.F.);
#7601 = FACE_BOUND('',#7602,.T.);
#7602 = EDGE_LOOP('',(#7603,#7604,#7610,#7611));
#7603 = ORIENTED_EDGE('',*,*,#6779,.T.);
#7604 = ORIENTED_EDGE('',*,*,#7605,.T.);
#7605 = EDGE_CURVE('',#6780,#7147,#7606,.T.);
#7606 = LINE('',#7607,#7608);
#7607 = CARTESIAN_POINT('',(153.5,-87.4,-4.6E-02));
#7608 = VECTOR('',#7609,1.);
#7609 = DIRECTION('',(0.,0.,1.));
#7610 = ORIENTED_EDGE('',*,*,#7146,.F.);
#7611 = ORIENTED_EDGE('',*,*,#7605,.F.);
#7612 = CYLINDRICAL_SURFACE('',#7613,0.4);
#7613 = AXIS2_PLACEMENT_3D('',#7614,#7615,#7616);
#7614 = CARTESIAN_POINT('',(153.5,-87.,-4.6E-02));
#7615 = DIRECTION('',(-0.,-0.,-1.));
#7616 = DIRECTION('',(-0.,-1.,0.));
#7617 = ADVANCED_FACE('',(#7618),#7629,.F.);
#7618 = FACE_BOUND('',#7619,.T.);
#7619 = EDGE_LOOP('',(#7620,#7621,#7627,#7628));
#7620 = ORIENTED_EDGE('',*,*,#6790,.T.);
#7621 = ORIENTED_EDGE('',*,*,#7622,.T.);
#7622 = EDGE_CURVE('',#6791,#7158,#7623,.T.);
#7623 = LINE('',#7624,#7625);
#7624 = CARTESIAN_POINT('',(151.5,-85.4,-4.6E-02));
#7625 = VECTOR('',#7626,1.);
#7626 = DIRECTION('',(0.,0.,1.));
#7627 = ORIENTED_EDGE('',*,*,#7157,.F.);
#7628 = ORIENTED_EDGE('',*,*,#7622,.F.);
#7629 = CYLINDRICAL_SURFACE('',#7630,0.4);
#7630 = AXIS2_PLACEMENT_3D('',#7631,#7632,#7633);
#7631 = CARTESIAN_POINT('',(151.5,-85.,-4.6E-02));
#7632 = DIRECTION('',(-0.,-0.,-1.));
#7633 = DIRECTION('',(-0.,-1.,0.));
#7634 = ADVANCED_FACE('',(#7635),#7646,.F.);
#7635 = FACE_BOUND('',#7636,.T.);
#7636 = EDGE_LOOP('',(#7637,#7638,#7644,#7645));
#7637 = ORIENTED_EDGE('',*,*,#6801,.T.);
#7638 = ORIENTED_EDGE('',*,*,#7639,.T.);
#7639 = EDGE_CURVE('',#6802,#7169,#7640,.T.);
#7640 = LINE('',#7641,#7642);
#7641 = CARTESIAN_POINT('',(153.5,-85.4,-4.6E-02));
#7642 = VECTOR('',#7643,1.);
#7643 = DIRECTION('',(0.,0.,1.));
#7644 = ORIENTED_EDGE('',*,*,#7168,.F.);
#7645 = ORIENTED_EDGE('',*,*,#7639,.F.);
#7646 = CYLINDRICAL_SURFACE('',#7647,0.4);
#7647 = AXIS2_PLACEMENT_3D('',#7648,#7649,#7650);
#7648 = CARTESIAN_POINT('',(153.5,-85.,-4.6E-02));
#7649 = DIRECTION('',(-0.,-0.,-1.));
#7650 = DIRECTION('',(-0.,-1.,0.));
#7651 = ADVANCED_FACE('',(#7652),#7663,.F.);
#7652 = FACE_BOUND('',#7653,.T.);
#7653 = EDGE_LOOP('',(#7654,#7655,#7661,#7662));
#7654 = ORIENTED_EDGE('',*,*,#6812,.T.);
#7655 = ORIENTED_EDGE('',*,*,#7656,.T.);
#7656 = EDGE_CURVE('',#6813,#7180,#7657,.T.);
#7657 = LINE('',#7658,#7659);
#7658 = CARTESIAN_POINT('',(151.5,-83.4,-4.6E-02));
#7659 = VECTOR('',#7660,1.);
#7660 = DIRECTION('',(0.,0.,1.));
#7661 = ORIENTED_EDGE('',*,*,#7179,.F.);
#7662 = ORIENTED_EDGE('',*,*,#7656,.F.);
#7663 = CYLINDRICAL_SURFACE('',#7664,0.4);
#7664 = AXIS2_PLACEMENT_3D('',#7665,#7666,#7667);
#7665 = CARTESIAN_POINT('',(151.5,-83.,-4.6E-02));
#7666 = DIRECTION('',(-0.,-0.,-1.));
#7667 = DIRECTION('',(-0.,-1.,0.));
#7668 = ADVANCED_FACE('',(#7669),#7680,.F.);
#7669 = FACE_BOUND('',#7670,.T.);
#7670 = EDGE_LOOP('',(#7671,#7672,#7678,#7679));
#7671 = ORIENTED_EDGE('',*,*,#6823,.T.);
#7672 = ORIENTED_EDGE('',*,*,#7673,.T.);
#7673 = EDGE_CURVE('',#6824,#7191,#7674,.T.);
#7674 = LINE('',#7675,#7676);
#7675 = CARTESIAN_POINT('',(153.5,-83.4,-4.6E-02));
#7676 = VECTOR('',#7677,1.);
#7677 = DIRECTION('',(0.,0.,1.));
#7678 = ORIENTED_EDGE('',*,*,#7190,.F.);
#7679 = ORIENTED_EDGE('',*,*,#7673,.F.);
#7680 = CYLINDRICAL_SURFACE('',#7681,0.4);
#7681 = AXIS2_PLACEMENT_3D('',#7682,#7683,#7684);
#7682 = CARTESIAN_POINT('',(153.5,-83.,-4.6E-02));
#7683 = DIRECTION('',(-0.,-0.,-1.));
#7684 = DIRECTION('',(-0.,-1.,0.));
#7685 = ADVANCED_FACE('',(#7686),#7697,.F.);
#7686 = FACE_BOUND('',#7687,.T.);
#7687 = EDGE_LOOP('',(#7688,#7689,#7695,#7696));
#7688 = ORIENTED_EDGE('',*,*,#6834,.T.);
#7689 = ORIENTED_EDGE('',*,*,#7690,.T.);
#7690 = EDGE_CURVE('',#6835,#7202,#7691,.T.);
#7691 = LINE('',#7692,#7693);
#7692 = CARTESIAN_POINT('',(156.22,-77.62,-4.6E-02));
#7693 = VECTOR('',#7694,1.);
#7694 = DIRECTION('',(0.,0.,1.));
#7695 = ORIENTED_EDGE('',*,*,#7201,.F.);
#7696 = ORIENTED_EDGE('',*,*,#7690,.F.);
#7697 = CYLINDRICAL_SURFACE('',#7698,0.5);
#7698 = AXIS2_PLACEMENT_3D('',#7699,#7700,#7701);
#7699 = CARTESIAN_POINT('',(156.22,-77.12,-4.6E-02));
#7700 = DIRECTION('',(-0.,-0.,-1.));
#7701 = DIRECTION('',(-0.,-1.,0.));
#7702 = ADVANCED_FACE('',(#7703),#7714,.F.);
#7703 = FACE_BOUND('',#7704,.T.);
#7704 = EDGE_LOOP('',(#7705,#7706,#7712,#7713));
#7705 = ORIENTED_EDGE('',*,*,#6845,.T.);
#7706 = ORIENTED_EDGE('',*,*,#7707,.T.);
#7707 = EDGE_CURVE('',#6846,#7213,#7708,.T.);
#7708 = LINE('',#7709,#7710);
#7709 = CARTESIAN_POINT('',(158.76,-77.62,-4.6E-02));
#7710 = VECTOR('',#7711,1.);
#7711 = DIRECTION('',(0.,0.,1.));
#7712 = ORIENTED_EDGE('',*,*,#7212,.F.);
#7713 = ORIENTED_EDGE('',*,*,#7707,.F.);
#7714 = CYLINDRICAL_SURFACE('',#7715,0.5);
#7715 = AXIS2_PLACEMENT_3D('',#7716,#7717,#7718);
#7716 = CARTESIAN_POINT('',(158.76,-77.12,-4.6E-02));
#7717 = DIRECTION('',(-0.,-0.,-1.));
#7718 = DIRECTION('',(-0.,-1.,0.));
#7719 = ADVANCED_FACE('',(#7720),#7731,.F.);
#7720 = FACE_BOUND('',#7721,.T.);
#7721 = EDGE_LOOP('',(#7722,#7723,#7729,#7730));
#7722 = ORIENTED_EDGE('',*,*,#6856,.T.);
#7723 = ORIENTED_EDGE('',*,*,#7724,.T.);
#7724 = EDGE_CURVE('',#6857,#7224,#7725,.T.);
#7725 = LINE('',#7726,#7727);
#7726 = CARTESIAN_POINT('',(161.3,-77.62,-4.6E-02));
#7727 = VECTOR('',#7728,1.);
#7728 = DIRECTION('',(0.,0.,1.));
#7729 = ORIENTED_EDGE('',*,*,#7223,.F.);
#7730 = ORIENTED_EDGE('',*,*,#7724,.F.);
#7731 = CYLINDRICAL_SURFACE('',#7732,0.5);
#7732 = AXIS2_PLACEMENT_3D('',#7733,#7734,#7735);
#7733 = CARTESIAN_POINT('',(161.3,-77.12,-4.6E-02));
#7734 = DIRECTION('',(-0.,-0.,-1.));
#7735 = DIRECTION('',(-0.,-1.,0.));
#7736 = ADVANCED_FACE('',(#7737),#7748,.F.);
#7737 = FACE_BOUND('',#7738,.T.);
#7738 = EDGE_LOOP('',(#7739,#7740,#7746,#7747));
#7739 = ORIENTED_EDGE('',*,*,#6867,.T.);
#7740 = ORIENTED_EDGE('',*,*,#7741,.T.);
#7741 = EDGE_CURVE('',#6868,#7235,#7742,.T.);
#7742 = LINE('',#7743,#7744);
#7743 = CARTESIAN_POINT('',(163.5,-90.1,-4.6E-02));
#7744 = VECTOR('',#7745,1.);
#7745 = DIRECTION('',(0.,0.,1.));
#7746 = ORIENTED_EDGE('',*,*,#7234,.F.);
#7747 = ORIENTED_EDGE('',*,*,#7741,.F.);
#7748 = CYLINDRICAL_SURFACE('',#7749,1.1);
#7749 = AXIS2_PLACEMENT_3D('',#7750,#7751,#7752);
#7750 = CARTESIAN_POINT('',(163.5,-89.,-4.6E-02));
#7751 = DIRECTION('',(-0.,-0.,-1.));
#7752 = DIRECTION('',(-0.,-1.,0.));
#7753 = ADVANCED_FACE('',(#7754),#7765,.F.);
#7754 = FACE_BOUND('',#7755,.T.);
#7755 = EDGE_LOOP('',(#7756,#7757,#7763,#7764));
#7756 = ORIENTED_EDGE('',*,*,#6878,.T.);
#7757 = ORIENTED_EDGE('',*,*,#7758,.T.);
#7758 = EDGE_CURVE('',#6879,#7246,#7759,.T.);
#7759 = LINE('',#7760,#7761);
#7760 = CARTESIAN_POINT('',(172.,-90.1,-4.6E-02));
#7761 = VECTOR('',#7762,1.);
#7762 = DIRECTION('',(0.,0.,1.));
#7763 = ORIENTED_EDGE('',*,*,#7245,.F.);
#7764 = ORIENTED_EDGE('',*,*,#7758,.F.);
#7765 = CYLINDRICAL_SURFACE('',#7766,1.1);
#7766 = AXIS2_PLACEMENT_3D('',#7767,#7768,#7769);
#7767 = CARTESIAN_POINT('',(172.,-89.,-4.6E-02));
#7768 = DIRECTION('',(-0.,-0.,-1.));
#7769 = DIRECTION('',(-0.,-1.,0.));
#7770 = ADVANCED_FACE('',(#7771),#7782,.F.);
#7771 = FACE_BOUND('',#7772,.T.);
#7772 = EDGE_LOOP('',(#7773,#7774,#7780,#7781));
#7773 = ORIENTED_EDGE('',*,*,#6889,.T.);
#7774 = ORIENTED_EDGE('',*,*,#7775,.T.);
#7775 = EDGE_CURVE('',#6890,#7257,#7776,.T.);
#7776 = LINE('',#7777,#7778);
#7777 = CARTESIAN_POINT('',(163.84,-77.62,-4.6E-02));
#7778 = VECTOR('',#7779,1.);
#7779 = DIRECTION('',(0.,0.,1.));
#7780 = ORIENTED_EDGE('',*,*,#7256,.F.);
#7781 = ORIENTED_EDGE('',*,*,#7775,.F.);
#7782 = CYLINDRICAL_SURFACE('',#7783,0.5);
#7783 = AXIS2_PLACEMENT_3D('',#7784,#7785,#7786);
#7784 = CARTESIAN_POINT('',(163.84,-77.12,-4.6E-02));
#7785 = DIRECTION('',(-0.,-0.,-1.));
#7786 = DIRECTION('',(-0.,-1.,0.));
#7787 = ADVANCED_FACE('',(#7788),#7799,.F.);
#7788 = FACE_BOUND('',#7789,.T.);
#7789 = EDGE_LOOP('',(#7790,#7791,#7797,#7798));
#7790 = ORIENTED_EDGE('',*,*,#6900,.T.);
#7791 = ORIENTED_EDGE('',*,*,#7792,.T.);
#7792 = EDGE_CURVE('',#6901,#7268,#7793,.T.);
#7793 = LINE('',#7794,#7795);
#7794 = CARTESIAN_POINT('',(166.38,-77.62,-4.6E-02));
#7795 = VECTOR('',#7796,1.);
#7796 = DIRECTION('',(0.,0.,1.));
#7797 = ORIENTED_EDGE('',*,*,#7267,.F.);
#7798 = ORIENTED_EDGE('',*,*,#7792,.F.);
#7799 = CYLINDRICAL_SURFACE('',#7800,0.5);
#7800 = AXIS2_PLACEMENT_3D('',#7801,#7802,#7803);
#7801 = CARTESIAN_POINT('',(166.38,-77.12,-4.6E-02));
#7802 = DIRECTION('',(-0.,-0.,-1.));
#7803 = DIRECTION('',(-0.,-1.,0.));
#7804 = ADVANCED_FACE('',(#7805),#7816,.F.);
#7805 = FACE_BOUND('',#7806,.T.);
#7806 = EDGE_LOOP('',(#7807,#7808,#7814,#7815));
#7807 = ORIENTED_EDGE('',*,*,#6911,.T.);
#7808 = ORIENTED_EDGE('',*,*,#7809,.T.);
#7809 = EDGE_CURVE('',#6912,#7279,#7810,.T.);
#7810 = LINE('',#7811,#7812);
#7811 = CARTESIAN_POINT('',(168.92,-77.62,-4.6E-02));
#7812 = VECTOR('',#7813,1.);
#7813 = DIRECTION('',(0.,0.,1.));
#7814 = ORIENTED_EDGE('',*,*,#7278,.F.);
#7815 = ORIENTED_EDGE('',*,*,#7809,.F.);
#7816 = CYLINDRICAL_SURFACE('',#7817,0.5);
#7817 = AXIS2_PLACEMENT_3D('',#7818,#7819,#7820);
#7818 = CARTESIAN_POINT('',(168.92,-77.12,-4.6E-02));
#7819 = DIRECTION('',(-0.,-0.,-1.));
#7820 = DIRECTION('',(-0.,-1.,0.));
#7821 = ADVANCED_FACE('',(#7822),#7833,.F.);
#7822 = FACE_BOUND('',#7823,.T.);
#7823 = EDGE_LOOP('',(#7824,#7825,#7831,#7832));
#7824 = ORIENTED_EDGE('',*,*,#6922,.T.);
#7825 = ORIENTED_EDGE('',*,*,#7826,.T.);
#7826 = EDGE_CURVE('',#6923,#7290,#7827,.T.);
#7827 = LINE('',#7828,#7829);
#7828 = CARTESIAN_POINT('',(171.46,-77.62,-4.6E-02));
#7829 = VECTOR('',#7830,1.);
#7830 = DIRECTION('',(0.,0.,1.));
#7831 = ORIENTED_EDGE('',*,*,#7289,.F.);
#7832 = ORIENTED_EDGE('',*,*,#7826,.F.);
#7833 = CYLINDRICAL_SURFACE('',#7834,0.5);
#7834 = AXIS2_PLACEMENT_3D('',#7835,#7836,#7837);
#7835 = CARTESIAN_POINT('',(171.46,-77.12,-4.6E-02));
#7836 = DIRECTION('',(-0.,-0.,-1.));
#7837 = DIRECTION('',(-0.,-1.,0.));
#7838 = ADVANCED_FACE('',(#7839),#7850,.F.);
#7839 = FACE_BOUND('',#7840,.T.);
#7840 = EDGE_LOOP('',(#7841,#7842,#7848,#7849));
#7841 = ORIENTED_EDGE('',*,*,#6933,.T.);
#7842 = ORIENTED_EDGE('',*,*,#7843,.T.);
#7843 = EDGE_CURVE('',#6934,#7301,#7844,.T.);
#7844 = LINE('',#7845,#7846);
#7845 = CARTESIAN_POINT('',(174.,-77.62,-4.6E-02));
#7846 = VECTOR('',#7847,1.);
#7847 = DIRECTION('',(0.,0.,1.));
#7848 = ORIENTED_EDGE('',*,*,#7300,.F.);
#7849 = ORIENTED_EDGE('',*,*,#7843,.F.);
#7850 = CYLINDRICAL_SURFACE('',#7851,0.5);
#7851 = AXIS2_PLACEMENT_3D('',#7852,#7853,#7854);
#7852 = CARTESIAN_POINT('',(174.,-77.12,-4.6E-02));
#7853 = DIRECTION('',(-0.,-0.,-1.));
#7854 = DIRECTION('',(-0.,-1.,0.));
#7855 = ADVANCED_FACE('',(#7856),#7867,.F.);
#7856 = FACE_BOUND('',#7857,.T.);
#7857 = EDGE_LOOP('',(#7858,#7859,#7865,#7866));
#7858 = ORIENTED_EDGE('',*,*,#6944,.T.);
#7859 = ORIENTED_EDGE('',*,*,#7860,.T.);
#7860 = EDGE_CURVE('',#6945,#7312,#7861,.T.);
#7861 = LINE('',#7862,#7863);
#7862 = CARTESIAN_POINT('',(156.22,-62.38,-4.6E-02));
#7863 = VECTOR('',#7864,1.);
#7864 = DIRECTION('',(0.,0.,1.));
#7865 = ORIENTED_EDGE('',*,*,#7311,.F.);
#7866 = ORIENTED_EDGE('',*,*,#7860,.F.);
#7867 = CYLINDRICAL_SURFACE('',#7868,0.5);
#7868 = AXIS2_PLACEMENT_3D('',#7869,#7870,#7871);
#7869 = CARTESIAN_POINT('',(156.22,-61.88,-4.6E-02));
#7870 = DIRECTION('',(-0.,-0.,-1.));
#7871 = DIRECTION('',(-0.,-1.,0.));
#7872 = ADVANCED_FACE('',(#7873),#7884,.F.);
#7873 = FACE_BOUND('',#7874,.T.);
#7874 = EDGE_LOOP('',(#7875,#7876,#7882,#7883));
#7875 = ORIENTED_EDGE('',*,*,#6955,.T.);
#7876 = ORIENTED_EDGE('',*,*,#7877,.T.);
#7877 = EDGE_CURVE('',#6956,#7323,#7878,.T.);
#7878 = LINE('',#7879,#7880);
#7879 = CARTESIAN_POINT('',(158.76,-62.38,-4.6E-02));
#7880 = VECTOR('',#7881,1.);
#7881 = DIRECTION('',(0.,0.,1.));
#7882 = ORIENTED_EDGE('',*,*,#7322,.F.);
#7883 = ORIENTED_EDGE('',*,*,#7877,.F.);
#7884 = CYLINDRICAL_SURFACE('',#7885,0.5);
#7885 = AXIS2_PLACEMENT_3D('',#7886,#7887,#7888);
#7886 = CARTESIAN_POINT('',(158.76,-61.88,-4.6E-02));
#7887 = DIRECTION('',(-0.,-0.,-1.));
#7888 = DIRECTION('',(-0.,-1.,0.));
#7889 = ADVANCED_FACE('',(#7890),#7901,.F.);
#7890 = FACE_BOUND('',#7891,.T.);
#7891 = EDGE_LOOP('',(#7892,#7893,#7899,#7900));
#7892 = ORIENTED_EDGE('',*,*,#6966,.T.);
#7893 = ORIENTED_EDGE('',*,*,#7894,.T.);
#7894 = EDGE_CURVE('',#6967,#7334,#7895,.T.);
#7895 = LINE('',#7896,#7897);
#7896 = CARTESIAN_POINT('',(161.3,-62.38,-4.6E-02));
#7897 = VECTOR('',#7898,1.);
#7898 = DIRECTION('',(0.,0.,1.));
#7899 = ORIENTED_EDGE('',*,*,#7333,.F.);
#7900 = ORIENTED_EDGE('',*,*,#7894,.F.);
#7901 = CYLINDRICAL_SURFACE('',#7902,0.5);
#7902 = AXIS2_PLACEMENT_3D('',#7903,#7904,#7905);
#7903 = CARTESIAN_POINT('',(161.3,-61.88,-4.6E-02));
#7904 = DIRECTION('',(-0.,-0.,-1.));
#7905 = DIRECTION('',(-0.,-1.,0.));
#7906 = ADVANCED_FACE('',(#7907),#7918,.F.);
#7907 = FACE_BOUND('',#7908,.T.);
#7908 = EDGE_LOOP('',(#7909,#7910,#7916,#7917));
#7909 = ORIENTED_EDGE('',*,*,#6977,.T.);
#7910 = ORIENTED_EDGE('',*,*,#7911,.T.);
#7911 = EDGE_CURVE('',#6978,#7345,#7912,.T.);
#7912 = LINE('',#7913,#7914);
#7913 = CARTESIAN_POINT('',(163.84,-62.38,-4.6E-02));
#7914 = VECTOR('',#7915,1.);
#7915 = DIRECTION('',(0.,0.,1.));
#7916 = ORIENTED_EDGE('',*,*,#7344,.F.);
#7917 = ORIENTED_EDGE('',*,*,#7911,.F.);
#7918 = CYLINDRICAL_SURFACE('',#7919,0.5);
#7919 = AXIS2_PLACEMENT_3D('',#7920,#7921,#7922);
#7920 = CARTESIAN_POINT('',(163.84,-61.88,-4.6E-02));
#7921 = DIRECTION('',(-0.,-0.,-1.));
#7922 = DIRECTION('',(-0.,-1.,0.));
#7923 = ADVANCED_FACE('',(#7924),#7935,.F.);
#7924 = FACE_BOUND('',#7925,.T.);
#7925 = EDGE_LOOP('',(#7926,#7927,#7933,#7934));
#7926 = ORIENTED_EDGE('',*,*,#6988,.T.);
#7927 = ORIENTED_EDGE('',*,*,#7928,.T.);
#7928 = EDGE_CURVE('',#6989,#7356,#7929,.T.);
#7929 = LINE('',#7930,#7931);
#7930 = CARTESIAN_POINT('',(166.38,-62.38,-4.6E-02));
#7931 = VECTOR('',#7932,1.);
#7932 = DIRECTION('',(0.,0.,1.));
#7933 = ORIENTED_EDGE('',*,*,#7355,.F.);
#7934 = ORIENTED_EDGE('',*,*,#7928,.F.);
#7935 = CYLINDRICAL_SURFACE('',#7936,0.5);
#7936 = AXIS2_PLACEMENT_3D('',#7937,#7938,#7939);
#7937 = CARTESIAN_POINT('',(166.38,-61.88,-4.6E-02));
#7938 = DIRECTION('',(-0.,-0.,-1.));
#7939 = DIRECTION('',(-0.,-1.,0.));
#7940 = ADVANCED_FACE('',(#7941),#7952,.F.);
#7941 = FACE_BOUND('',#7942,.T.);
#7942 = EDGE_LOOP('',(#7943,#7944,#7950,#7951));
#7943 = ORIENTED_EDGE('',*,*,#6999,.T.);
#7944 = ORIENTED_EDGE('',*,*,#7945,.T.);
#7945 = EDGE_CURVE('',#7000,#7367,#7946,.T.);
#7946 = LINE('',#7947,#7948);
#7947 = CARTESIAN_POINT('',(168.92,-62.38,-4.6E-02));
#7948 = VECTOR('',#7949,1.);
#7949 = DIRECTION('',(0.,0.,1.));
#7950 = ORIENTED_EDGE('',*,*,#7366,.F.);
#7951 = ORIENTED_EDGE('',*,*,#7945,.F.);
#7952 = CYLINDRICAL_SURFACE('',#7953,0.5);
#7953 = AXIS2_PLACEMENT_3D('',#7954,#7955,#7956);
#7954 = CARTESIAN_POINT('',(168.92,-61.88,-4.6E-02));
#7955 = DIRECTION('',(-0.,-0.,-1.));
#7956 = DIRECTION('',(-0.,-1.,0.));
#7957 = ADVANCED_FACE('',(#7958),#7969,.F.);
#7958 = FACE_BOUND('',#7959,.T.);
#7959 = EDGE_LOOP('',(#7960,#7961,#7967,#7968));
#7960 = ORIENTED_EDGE('',*,*,#7010,.T.);
#7961 = ORIENTED_EDGE('',*,*,#7962,.T.);
#7962 = EDGE_CURVE('',#7011,#7378,#7963,.T.);
#7963 = LINE('',#7964,#7965);
#7964 = CARTESIAN_POINT('',(171.46,-62.38,-4.6E-02));
#7965 = VECTOR('',#7966,1.);
#7966 = DIRECTION('',(0.,0.,1.));
#7967 = ORIENTED_EDGE('',*,*,#7377,.F.);
#7968 = ORIENTED_EDGE('',*,*,#7962,.F.);
#7969 = CYLINDRICAL_SURFACE('',#7970,0.5);
#7970 = AXIS2_PLACEMENT_3D('',#7971,#7972,#7973);
#7971 = CARTESIAN_POINT('',(171.46,-61.88,-4.6E-02));
#7972 = DIRECTION('',(-0.,-0.,-1.));
#7973 = DIRECTION('',(-0.,-1.,0.));
#7974 = ADVANCED_FACE('',(#7975),#7986,.F.);
#7975 = FACE_BOUND('',#7976,.T.);
#7976 = EDGE_LOOP('',(#7977,#7978,#7984,#7985));
#7977 = ORIENTED_EDGE('',*,*,#7021,.T.);
#7978 = ORIENTED_EDGE('',*,*,#7979,.T.);
#7979 = EDGE_CURVE('',#7022,#7389,#7980,.T.);
#7980 = LINE('',#7981,#7982);
#7981 = CARTESIAN_POINT('',(174.,-62.38,-4.6E-02));
#7982 = VECTOR('',#7983,1.);
#7983 = DIRECTION('',(0.,0.,1.));
#7984 = ORIENTED_EDGE('',*,*,#7388,.F.);
#7985 = ORIENTED_EDGE('',*,*,#7979,.F.);
#7986 = CYLINDRICAL_SURFACE('',#7987,0.5);
#7987 = AXIS2_PLACEMENT_3D('',#7988,#7989,#7990);
#7988 = CARTESIAN_POINT('',(174.,-61.88,-4.6E-02));
#7989 = DIRECTION('',(-0.,-0.,-1.));
#7990 = DIRECTION('',(-0.,-1.,0.));
#7991 = ( GEOMETRIC_REPRESENTATION_CONTEXT(3) 
GLOBAL_UNCERTAINTY_ASSIGNED_CONTEXT((#7995)) 
GLOBAL_UNIT_ASSIGNED_CONTEXT((#7992,#7993,#7994)) REPRESENTATION_CONTEXT
('Context #1','3D Context with UNIT and UNCERTAINTY') );
#7992 = ( LENGTH_UNIT() NAMED_UNIT(*) SI_UNIT(.MILLI.,.METRE.) );
#7993 = ( NAMED_UNIT(*) PLANE_ANGLE_UNIT() SI_UNIT($,.RADIAN.) );
#7994 = ( NAMED_UNIT(*) SI_UNIT($,.STERADIAN.) SOLID_ANGLE_UNIT() );
#7995 = UNCERTAINTY_MEASURE_WITH_UNIT(LENGTH_MEASURE(1.E-07),#7992,
  'distance_accuracy_value','confusion accuracy');
#7996 = CONTEXT_DEPENDENT_SHAPE_REPRESENTATION(#7997,#7999);
#7997 = ( REPRESENTATION_RELATIONSHIP('','',#6562,#10) 
REPRESENTATION_RELATIONSHIP_WITH_TRANSFORMATION(#7998) 
SHAPE_REPRESENTATION_RELATIONSHIP() );
#7998 = ITEM_DEFINED_TRANSFORMATION('','',#11,#27);
#7999 = PRODUCT_DEFINITION_SHAPE('Placement','Placement of an item',
  #8000);
#8000 = NEXT_ASSEMBLY_USAGE_OCCURRENCE('7','=>[0:1:1:8]','',#5,#6557,$);
#8001 = PRODUCT_RELATED_PRODUCT_CATEGORY('part',$,(#6559));
#8002 = MECHANICAL_DESIGN_GEOMETRIC_PRESENTATION_REPRESENTATION('',(
    #8003,#8011,#8018,#8025,#8032,#8039,#8046,#8053,#8060,#8067,#8074,
    #8082,#8089,#8096,#8103,#8110,#8117,#8124,#8131,#8138,#8145,#8152,
    #8159,#8166,#8173,#8180,#8187,#8194),#1818);
#8003 = STYLED_ITEM('color',(#8004),#966);
#8004 = PRESENTATION_STYLE_ASSIGNMENT((#8005));
#8005 = SURFACE_STYLE_USAGE(.BOTH.,#8006);
#8006 = SURFACE_SIDE_STYLE('',(#8007));
#8007 = SURFACE_STYLE_FILL_AREA(#8008);
#8008 = FILL_AREA_STYLE('',(#8009));
#8009 = FILL_AREA_STYLE_COLOUR('',#8010);
#8010 = COLOUR_RGB('',0.823999987314,0.819999987296,0.781000009244);
#8011 = STYLED_ITEM('color',(#8012),#1042);
#8012 = PRESENTATION_STYLE_ASSIGNMENT((#8013));
#8013 = SURFACE_STYLE_USAGE(.BOTH.,#8014);
#8014 = SURFACE_SIDE_STYLE('',(#8015));
#8015 = SURFACE_STYLE_FILL_AREA(#8016);
#8016 = FILL_AREA_STYLE('',(#8017));
#8017 = FILL_AREA_STYLE_COLOUR('',#8010);
#8018 = STYLED_ITEM('color',(#8019),#1073);
#8019 = PRESENTATION_STYLE_ASSIGNMENT((#8020));
#8020 = SURFACE_STYLE_USAGE(.BOTH.,#8021);
#8021 = SURFACE_SIDE_STYLE('',(#8022));
#8022 = SURFACE_STYLE_FILL_AREA(#8023);
#8023 = FILL_AREA_STYLE('',(#8024));
#8024 = FILL_AREA_STYLE_COLOUR('',#8010);
#8025 = STYLED_ITEM('color',(#8026),#1098);
#8026 = PRESENTATION_STYLE_ASSIGNMENT((#8027));
#8027 = SURFACE_STYLE_USAGE(.BOTH.,#8028);
#8028 = SURFACE_SIDE_STYLE('',(#8029));
#8029 = SURFACE_STYLE_FILL_AREA(#8030);
#8030 = FILL_AREA_STYLE('',(#8031));
#8031 = FILL_AREA_STYLE_COLOUR('',#8010);
#8032 = STYLED_ITEM('color',(#8033),#1123);
#8033 = PRESENTATION_STYLE_ASSIGNMENT((#8034));
#8034 = SURFACE_STYLE_USAGE(.BOTH.,#8035);
#8035 = SURFACE_SIDE_STYLE('',(#8036));
#8036 = SURFACE_STYLE_FILL_AREA(#8037);
#8037 = FILL_AREA_STYLE('',(#8038));
#8038 = FILL_AREA_STYLE_COLOUR('',#8010);
#8039 = STYLED_ITEM('color',(#8040),#1147);
#8040 = PRESENTATION_STYLE_ASSIGNMENT((#8041));
#8041 = SURFACE_STYLE_USAGE(.BOTH.,#8042);
#8042 = SURFACE_SIDE_STYLE('',(#8043));
#8043 = SURFACE_STYLE_FILL_AREA(#8044);
#8044 = FILL_AREA_STYLE('',(#8045));
#8045 = FILL_AREA_STYLE_COLOUR('',#8010);
#8046 = STYLED_ITEM('color',(#8047),#1171);
#8047 = PRESENTATION_STYLE_ASSIGNMENT((#8048));
#8048 = SURFACE_STYLE_USAGE(.BOTH.,#8049);
#8049 = SURFACE_SIDE_STYLE('',(#8050));
#8050 = SURFACE_STYLE_FILL_AREA(#8051);
#8051 = FILL_AREA_STYLE('',(#8052));
#8052 = FILL_AREA_STYLE_COLOUR('',#8010);
#8053 = STYLED_ITEM('color',(#8054),#1196);
#8054 = PRESENTATION_STYLE_ASSIGNMENT((#8055));
#8055 = SURFACE_STYLE_USAGE(.BOTH.,#8056);
#8056 = SURFACE_SIDE_STYLE('',(#8057));
#8057 = SURFACE_STYLE_FILL_AREA(#8058);
#8058 = FILL_AREA_STYLE('',(#8059));
#8059 = FILL_AREA_STYLE_COLOUR('',#8010);
#8060 = STYLED_ITEM('color',(#8061),#1221);
#8061 = PRESENTATION_STYLE_ASSIGNMENT((#8062));
#8062 = SURFACE_STYLE_USAGE(.BOTH.,#8063);
#8063 = SURFACE_SIDE_STYLE('',(#8064));
#8064 = SURFACE_STYLE_FILL_AREA(#8065);
#8065 = FILL_AREA_STYLE('',(#8066));
#8066 = FILL_AREA_STYLE_COLOUR('',#8010);
#8067 = STYLED_ITEM('color',(#8068),#1238);
#8068 = PRESENTATION_STYLE_ASSIGNMENT((#8069));
#8069 = SURFACE_STYLE_USAGE(.BOTH.,#8070);
#8070 = SURFACE_SIDE_STYLE('',(#8071));
#8071 = SURFACE_STYLE_FILL_AREA(#8072);
#8072 = FILL_AREA_STYLE('',(#8073));
#8073 = FILL_AREA_STYLE_COLOUR('',#8010);
#8074 = STYLED_ITEM('color',(#8075),#1324);
#8075 = PRESENTATION_STYLE_ASSIGNMENT((#8076));
#8076 = SURFACE_STYLE_USAGE(.BOTH.,#8077);
#8077 = SURFACE_SIDE_STYLE('',(#8078));
#8078 = SURFACE_STYLE_FILL_AREA(#8079);
#8079 = FILL_AREA_STYLE('',(#8080));
#8080 = FILL_AREA_STYLE_COLOUR('',#8081);
#8081 = COLOUR_RGB('',0.379000005575,0.270000008848,0.214999999939);
#8082 = STYLED_ITEM('color',(#8083),#1356);
#8083 = PRESENTATION_STYLE_ASSIGNMENT((#8084));
#8084 = SURFACE_STYLE_USAGE(.BOTH.,#8085);
#8085 = SURFACE_SIDE_STYLE('',(#8086));
#8086 = SURFACE_STYLE_FILL_AREA(#8087);
#8087 = FILL_AREA_STYLE('',(#8088));
#8088 = FILL_AREA_STYLE_COLOUR('',#8081);
#8089 = STYLED_ITEM('color',(#8090),#1380);
#8090 = PRESENTATION_STYLE_ASSIGNMENT((#8091));
#8091 = SURFACE_STYLE_USAGE(.BOTH.,#8092);
#8092 = SURFACE_SIDE_STYLE('',(#8093));
#8093 = SURFACE_STYLE_FILL_AREA(#8094);
#8094 = FILL_AREA_STYLE('',(#8095));
#8095 = FILL_AREA_STYLE_COLOUR('',#8081);
#8096 = STYLED_ITEM('color',(#8097),#1405);
#8097 = PRESENTATION_STYLE_ASSIGNMENT((#8098));
#8098 = SURFACE_STYLE_USAGE(.BOTH.,#8099);
#8099 = SURFACE_SIDE_STYLE('',(#8100));
#8100 = SURFACE_STYLE_FILL_AREA(#8101);
#8101 = FILL_AREA_STYLE('',(#8102));
#8102 = FILL_AREA_STYLE_COLOUR('',#8081);
#8103 = STYLED_ITEM('color',(#8104),#1429);
#8104 = PRESENTATION_STYLE_ASSIGNMENT((#8105));
#8105 = SURFACE_STYLE_USAGE(.BOTH.,#8106);
#8106 = SURFACE_SIDE_STYLE('',(#8107));
#8107 = SURFACE_STYLE_FILL_AREA(#8108);
#8108 = FILL_AREA_STYLE('',(#8109));
#8109 = FILL_AREA_STYLE_COLOUR('',#8081);
#8110 = STYLED_ITEM('color',(#8111),#1454);
#8111 = PRESENTATION_STYLE_ASSIGNMENT((#8112));
#8112 = SURFACE_STYLE_USAGE(.BOTH.,#8113);
#8113 = SURFACE_SIDE_STYLE('',(#8114));
#8114 = SURFACE_STYLE_FILL_AREA(#8115);
#8115 = FILL_AREA_STYLE('',(#8116));
#8116 = FILL_AREA_STYLE_COLOUR('',#8081);
#8117 = STYLED_ITEM('color',(#8118),#1478);
#8118 = PRESENTATION_STYLE_ASSIGNMENT((#8119));
#8119 = SURFACE_STYLE_USAGE(.BOTH.,#8120);
#8120 = SURFACE_SIDE_STYLE('',(#8121));
#8121 = SURFACE_STYLE_FILL_AREA(#8122);
#8122 = FILL_AREA_STYLE('',(#8123));
#8123 = FILL_AREA_STYLE_COLOUR('',#8081);
#8124 = STYLED_ITEM('color',(#8125),#1503);
#8125 = PRESENTATION_STYLE_ASSIGNMENT((#8126));
#8126 = SURFACE_STYLE_USAGE(.BOTH.,#8127);
#8127 = SURFACE_SIDE_STYLE('',(#8128));
#8128 = SURFACE_STYLE_FILL_AREA(#8129);
#8129 = FILL_AREA_STYLE('',(#8130));
#8130 = FILL_AREA_STYLE_COLOUR('',#8081);
#8131 = STYLED_ITEM('color',(#8132),#1520);
#8132 = PRESENTATION_STYLE_ASSIGNMENT((#8133));
#8133 = SURFACE_STYLE_USAGE(.BOTH.,#8134);
#8134 = SURFACE_SIDE_STYLE('',(#8135));
#8135 = SURFACE_STYLE_FILL_AREA(#8136);
#8136 = FILL_AREA_STYLE('',(#8137));
#8137 = FILL_AREA_STYLE_COLOUR('',#8010);
#8138 = STYLED_ITEM('color',(#8139),#1606);
#8139 = PRESENTATION_STYLE_ASSIGNMENT((#8140));
#8140 = SURFACE_STYLE_USAGE(.BOTH.,#8141);
#8141 = SURFACE_SIDE_STYLE('',(#8142));
#8142 = SURFACE_STYLE_FILL_AREA(#8143);
#8143 = FILL_AREA_STYLE('',(#8144));
#8144 = FILL_AREA_STYLE_COLOUR('',#8010);
#8145 = STYLED_ITEM('color',(#8146),#1637);
#8146 = PRESENTATION_STYLE_ASSIGNMENT((#8147));
#8147 = SURFACE_STYLE_USAGE(.BOTH.,#8148);
#8148 = SURFACE_SIDE_STYLE('',(#8149));
#8149 = SURFACE_STYLE_FILL_AREA(#8150);
#8150 = FILL_AREA_STYLE('',(#8151));
#8151 = FILL_AREA_STYLE_COLOUR('',#8010);
#8152 = STYLED_ITEM('color',(#8153),#1662);
#8153 = PRESENTATION_STYLE_ASSIGNMENT((#8154));
#8154 = SURFACE_STYLE_USAGE(.BOTH.,#8155);
#8155 = SURFACE_SIDE_STYLE('',(#8156));
#8156 = SURFACE_STYLE_FILL_AREA(#8157);
#8157 = FILL_AREA_STYLE('',(#8158));
#8158 = FILL_AREA_STYLE_COLOUR('',#8010);
#8159 = STYLED_ITEM('color',(#8160),#1687);
#8160 = PRESENTATION_STYLE_ASSIGNMENT((#8161));
#8161 = SURFACE_STYLE_USAGE(.BOTH.,#8162);
#8162 = SURFACE_SIDE_STYLE('',(#8163));
#8163 = SURFACE_STYLE_FILL_AREA(#8164);
#8164 = FILL_AREA_STYLE('',(#8165));
#8165 = FILL_AREA_STYLE_COLOUR('',#8010);
#8166 = STYLED_ITEM('color',(#8167),#1711);
#8167 = PRESENTATION_STYLE_ASSIGNMENT((#8168));
#8168 = SURFACE_STYLE_USAGE(.BOTH.,#8169);
#8169 = SURFACE_SIDE_STYLE('',(#8170));
#8170 = SURFACE_STYLE_FILL_AREA(#8171);
#8171 = FILL_AREA_STYLE('',(#8172));
#8172 = FILL_AREA_STYLE_COLOUR('',#8010);
#8173 = STYLED_ITEM('color',(#8174),#1735);
#8174 = PRESENTATION_STYLE_ASSIGNMENT((#8175));
#8175 = SURFACE_STYLE_USAGE(.BOTH.,#8176);
#8176 = SURFACE_SIDE_STYLE('',(#8177));
#8177 = SURFACE_STYLE_FILL_AREA(#8178);
#8178 = FILL_AREA_STYLE('',(#8179));
#8179 = FILL_AREA_STYLE_COLOUR('',#8010);
#8180 = STYLED_ITEM('color',(#8181),#1760);
#8181 = PRESENTATION_STYLE_ASSIGNMENT((#8182));
#8182 = SURFACE_STYLE_USAGE(.BOTH.,#8183);
#8183 = SURFACE_SIDE_STYLE('',(#8184));
#8184 = SURFACE_STYLE_FILL_AREA(#8185);
#8185 = FILL_AREA_STYLE('',(#8186));
#8186 = FILL_AREA_STYLE_COLOUR('',#8010);
#8187 = STYLED_ITEM('color',(#8188),#1785);
#8188 = PRESENTATION_STYLE_ASSIGNMENT((#8189));
#8189 = SURFACE_STYLE_USAGE(.BOTH.,#8190);
#8190 = SURFACE_SIDE_STYLE('',(#8191));
#8191 = SURFACE_STYLE_FILL_AREA(#8192);
#8192 = FILL_AREA_STYLE('',(#8193));
#8193 = FILL_AREA_STYLE_COLOUR('',#8010);
#8194 = STYLED_ITEM('color',(#8195),#1802);
#8195 = PRESENTATION_STYLE_ASSIGNMENT((#8196));
#8196 = SURFACE_STYLE_USAGE(.BOTH.,#8197);
#8197 = SURFACE_SIDE_STYLE('',(#8198));
#8198 = SURFACE_STYLE_FILL_AREA(#8199);
#8199 = FILL_AREA_STYLE('',(#8200));
#8200 = FILL_AREA_STYLE_COLOUR('',#8010);
#8201 = MECHANICAL_DESIGN_GEOMETRIC_PRESENTATION_REPRESENTATION('',(
    #8202,#8209,#8216,#8223,#8230,#8237,#8244,#8251,#8258,#8265,#8272,
    #8279,#8286,#8293,#8300,#8307,#8314,#8321,#8328,#8335,#8342,#8349,
    #8356,#8363,#8370,#8377,#8384,#8391),#922);
#8202 = STYLED_ITEM('color',(#8203),#70);
#8203 = PRESENTATION_STYLE_ASSIGNMENT((#8204));
#8204 = SURFACE_STYLE_USAGE(.BOTH.,#8205);
#8205 = SURFACE_SIDE_STYLE('',(#8206));
#8206 = SURFACE_STYLE_FILL_AREA(#8207);
#8207 = FILL_AREA_STYLE('',(#8208));
#8208 = FILL_AREA_STYLE_COLOUR('',#8010);
#8209 = STYLED_ITEM('color',(#8210),#146);
#8210 = PRESENTATION_STYLE_ASSIGNMENT((#8211));
#8211 = SURFACE_STYLE_USAGE(.BOTH.,#8212);
#8212 = SURFACE_SIDE_STYLE('',(#8213));
#8213 = SURFACE_STYLE_FILL_AREA(#8214);
#8214 = FILL_AREA_STYLE('',(#8215));
#8215 = FILL_AREA_STYLE_COLOUR('',#8010);
#8216 = STYLED_ITEM('color',(#8217),#177);
#8217 = PRESENTATION_STYLE_ASSIGNMENT((#8218));
#8218 = SURFACE_STYLE_USAGE(.BOTH.,#8219);
#8219 = SURFACE_SIDE_STYLE('',(#8220));
#8220 = SURFACE_STYLE_FILL_AREA(#8221);
#8221 = FILL_AREA_STYLE('',(#8222));
#8222 = FILL_AREA_STYLE_COLOUR('',#8010);
#8223 = STYLED_ITEM('color',(#8224),#202);
#8224 = PRESENTATION_STYLE_ASSIGNMENT((#8225));
#8225 = SURFACE_STYLE_USAGE(.BOTH.,#8226);
#8226 = SURFACE_SIDE_STYLE('',(#8227));
#8227 = SURFACE_STYLE_FILL_AREA(#8228);
#8228 = FILL_AREA_STYLE('',(#8229));
#8229 = FILL_AREA_STYLE_COLOUR('',#8010);
#8230 = STYLED_ITEM('color',(#8231),#227);
#8231 = PRESENTATION_STYLE_ASSIGNMENT((#8232));
#8232 = SURFACE_STYLE_USAGE(.BOTH.,#8233);
#8233 = SURFACE_SIDE_STYLE('',(#8234));
#8234 = SURFACE_STYLE_FILL_AREA(#8235);
#8235 = FILL_AREA_STYLE('',(#8236));
#8236 = FILL_AREA_STYLE_COLOUR('',#8010);
#8237 = STYLED_ITEM('color',(#8238),#251);
#8238 = PRESENTATION_STYLE_ASSIGNMENT((#8239));
#8239 = SURFACE_STYLE_USAGE(.BOTH.,#8240);
#8240 = SURFACE_SIDE_STYLE('',(#8241));
#8241 = SURFACE_STYLE_FILL_AREA(#8242);
#8242 = FILL_AREA_STYLE('',(#8243));
#8243 = FILL_AREA_STYLE_COLOUR('',#8010);
#8244 = STYLED_ITEM('color',(#8245),#275);
#8245 = PRESENTATION_STYLE_ASSIGNMENT((#8246));
#8246 = SURFACE_STYLE_USAGE(.BOTH.,#8247);
#8247 = SURFACE_SIDE_STYLE('',(#8248));
#8248 = SURFACE_STYLE_FILL_AREA(#8249);
#8249 = FILL_AREA_STYLE('',(#8250));
#8250 = FILL_AREA_STYLE_COLOUR('',#8010);
#8251 = STYLED_ITEM('color',(#8252),#300);
#8252 = PRESENTATION_STYLE_ASSIGNMENT((#8253));
#8253 = SURFACE_STYLE_USAGE(.BOTH.,#8254);
#8254 = SURFACE_SIDE_STYLE('',(#8255));
#8255 = SURFACE_STYLE_FILL_AREA(#8256);
#8256 = FILL_AREA_STYLE('',(#8257));
#8257 = FILL_AREA_STYLE_COLOUR('',#8010);
#8258 = STYLED_ITEM('color',(#8259),#325);
#8259 = PRESENTATION_STYLE_ASSIGNMENT((#8260));
#8260 = SURFACE_STYLE_USAGE(.BOTH.,#8261);
#8261 = SURFACE_SIDE_STYLE('',(#8262));
#8262 = SURFACE_STYLE_FILL_AREA(#8263);
#8263 = FILL_AREA_STYLE('',(#8264));
#8264 = FILL_AREA_STYLE_COLOUR('',#8010);
#8265 = STYLED_ITEM('color',(#8266),#342);
#8266 = PRESENTATION_STYLE_ASSIGNMENT((#8267));
#8267 = SURFACE_STYLE_USAGE(.BOTH.,#8268);
#8268 = SURFACE_SIDE_STYLE('',(#8269));
#8269 = SURFACE_STYLE_FILL_AREA(#8270);
#8270 = FILL_AREA_STYLE('',(#8271));
#8271 = FILL_AREA_STYLE_COLOUR('',#8010);
#8272 = STYLED_ITEM('color',(#8273),#428);
#8273 = PRESENTATION_STYLE_ASSIGNMENT((#8274));
#8274 = SURFACE_STYLE_USAGE(.BOTH.,#8275);
#8275 = SURFACE_SIDE_STYLE('',(#8276));
#8276 = SURFACE_STYLE_FILL_AREA(#8277);
#8277 = FILL_AREA_STYLE('',(#8278));
#8278 = FILL_AREA_STYLE_COLOUR('',#8081);
#8279 = STYLED_ITEM('color',(#8280),#460);
#8280 = PRESENTATION_STYLE_ASSIGNMENT((#8281));
#8281 = SURFACE_STYLE_USAGE(.BOTH.,#8282);
#8282 = SURFACE_SIDE_STYLE('',(#8283));
#8283 = SURFACE_STYLE_FILL_AREA(#8284);
#8284 = FILL_AREA_STYLE('',(#8285));
#8285 = FILL_AREA_STYLE_COLOUR('',#8081);
#8286 = STYLED_ITEM('color',(#8287),#484);
#8287 = PRESENTATION_STYLE_ASSIGNMENT((#8288));
#8288 = SURFACE_STYLE_USAGE(.BOTH.,#8289);
#8289 = SURFACE_SIDE_STYLE('',(#8290));
#8290 = SURFACE_STYLE_FILL_AREA(#8291);
#8291 = FILL_AREA_STYLE('',(#8292));
#8292 = FILL_AREA_STYLE_COLOUR('',#8081);
#8293 = STYLED_ITEM('color',(#8294),#509);
#8294 = PRESENTATION_STYLE_ASSIGNMENT((#8295));
#8295 = SURFACE_STYLE_USAGE(.BOTH.,#8296);
#8296 = SURFACE_SIDE_STYLE('',(#8297));
#8297 = SURFACE_STYLE_FILL_AREA(#8298);
#8298 = FILL_AREA_STYLE('',(#8299));
#8299 = FILL_AREA_STYLE_COLOUR('',#8081);
#8300 = STYLED_ITEM('color',(#8301),#533);
#8301 = PRESENTATION_STYLE_ASSIGNMENT((#8302));
#8302 = SURFACE_STYLE_USAGE(.BOTH.,#8303);
#8303 = SURFACE_SIDE_STYLE('',(#8304));
#8304 = SURFACE_STYLE_FILL_AREA(#8305);
#8305 = FILL_AREA_STYLE('',(#8306));
#8306 = FILL_AREA_STYLE_COLOUR('',#8081);
#8307 = STYLED_ITEM('color',(#8308),#558);
#8308 = PRESENTATION_STYLE_ASSIGNMENT((#8309));
#8309 = SURFACE_STYLE_USAGE(.BOTH.,#8310);
#8310 = SURFACE_SIDE_STYLE('',(#8311));
#8311 = SURFACE_STYLE_FILL_AREA(#8312);
#8312 = FILL_AREA_STYLE('',(#8313));
#8313 = FILL_AREA_STYLE_COLOUR('',#8081);
#8314 = STYLED_ITEM('color',(#8315),#582);
#8315 = PRESENTATION_STYLE_ASSIGNMENT((#8316));
#8316 = SURFACE_STYLE_USAGE(.BOTH.,#8317);
#8317 = SURFACE_SIDE_STYLE('',(#8318));
#8318 = SURFACE_STYLE_FILL_AREA(#8319);
#8319 = FILL_AREA_STYLE('',(#8320));
#8320 = FILL_AREA_STYLE_COLOUR('',#8081);
#8321 = STYLED_ITEM('color',(#8322),#607);
#8322 = PRESENTATION_STYLE_ASSIGNMENT((#8323));
#8323 = SURFACE_STYLE_USAGE(.BOTH.,#8324);
#8324 = SURFACE_SIDE_STYLE('',(#8325));
#8325 = SURFACE_STYLE_FILL_AREA(#8326);
#8326 = FILL_AREA_STYLE('',(#8327));
#8327 = FILL_AREA_STYLE_COLOUR('',#8081);
#8328 = STYLED_ITEM('color',(#8329),#624);
#8329 = PRESENTATION_STYLE_ASSIGNMENT((#8330));
#8330 = SURFACE_STYLE_USAGE(.BOTH.,#8331);
#8331 = SURFACE_SIDE_STYLE('',(#8332));
#8332 = SURFACE_STYLE_FILL_AREA(#8333);
#8333 = FILL_AREA_STYLE('',(#8334));
#8334 = FILL_AREA_STYLE_COLOUR('',#8010);
#8335 = STYLED_ITEM('color',(#8336),#710);
#8336 = PRESENTATION_STYLE_ASSIGNMENT((#8337));
#8337 = SURFACE_STYLE_USAGE(.BOTH.,#8338);
#8338 = SURFACE_SIDE_STYLE('',(#8339));
#8339 = SURFACE_STYLE_FILL_AREA(#8340);
#8340 = FILL_AREA_STYLE('',(#8341));
#8341 = FILL_AREA_STYLE_COLOUR('',#8010);
#8342 = STYLED_ITEM('color',(#8343),#741);
#8343 = PRESENTATION_STYLE_ASSIGNMENT((#8344));
#8344 = SURFACE_STYLE_USAGE(.BOTH.,#8345);
#8345 = SURFACE_SIDE_STYLE('',(#8346));
#8346 = SURFACE_STYLE_FILL_AREA(#8347);
#8347 = FILL_AREA_STYLE('',(#8348));
#8348 = FILL_AREA_STYLE_COLOUR('',#8010);
#8349 = STYLED_ITEM('color',(#8350),#766);
#8350 = PRESENTATION_STYLE_ASSIGNMENT((#8351));
#8351 = SURFACE_STYLE_USAGE(.BOTH.,#8352);
#8352 = SURFACE_SIDE_STYLE('',(#8353));
#8353 = SURFACE_STYLE_FILL_AREA(#8354);
#8354 = FILL_AREA_STYLE('',(#8355));
#8355 = FILL_AREA_STYLE_COLOUR('',#8010);
#8356 = STYLED_ITEM('color',(#8357),#791);
#8357 = PRESENTATION_STYLE_ASSIGNMENT((#8358));
#8358 = SURFACE_STYLE_USAGE(.BOTH.,#8359);
#8359 = SURFACE_SIDE_STYLE('',(#8360));
#8360 = SURFACE_STYLE_FILL_AREA(#8361);
#8361 = FILL_AREA_STYLE('',(#8362));
#8362 = FILL_AREA_STYLE_COLOUR('',#8010);
#8363 = STYLED_ITEM('color',(#8364),#815);
#8364 = PRESENTATION_STYLE_ASSIGNMENT((#8365));
#8365 = SURFACE_STYLE_USAGE(.BOTH.,#8366);
#8366 = SURFACE_SIDE_STYLE('',(#8367));
#8367 = SURFACE_STYLE_FILL_AREA(#8368);
#8368 = FILL_AREA_STYLE('',(#8369));
#8369 = FILL_AREA_STYLE_COLOUR('',#8010);
#8370 = STYLED_ITEM('color',(#8371),#839);
#8371 = PRESENTATION_STYLE_ASSIGNMENT((#8372));
#8372 = SURFACE_STYLE_USAGE(.BOTH.,#8373);
#8373 = SURFACE_SIDE_STYLE('',(#8374));
#8374 = SURFACE_STYLE_FILL_AREA(#8375);
#8375 = FILL_AREA_STYLE('',(#8376));
#8376 = FILL_AREA_STYLE_COLOUR('',#8010);
#8377 = STYLED_ITEM('color',(#8378),#864);
#8378 = PRESENTATION_STYLE_ASSIGNMENT((#8379));
#8379 = SURFACE_STYLE_USAGE(.BOTH.,#8380);
#8380 = SURFACE_SIDE_STYLE('',(#8381));
#8381 = SURFACE_STYLE_FILL_AREA(#8382);
#8382 = FILL_AREA_STYLE('',(#8383));
#8383 = FILL_AREA_STYLE_COLOUR('',#8010);
#8384 = STYLED_ITEM('color',(#8385),#889);
#8385 = PRESENTATION_STYLE_ASSIGNMENT((#8386));
#8386 = SURFACE_STYLE_USAGE(.BOTH.,#8387);
#8387 = SURFACE_SIDE_STYLE('',(#8388));
#8388 = SURFACE_STYLE_FILL_AREA(#8389);
#8389 = FILL_AREA_STYLE('',(#8390));
#8390 = FILL_AREA_STYLE_COLOUR('',#8010);
#8391 = STYLED_ITEM('color',(#8392),#906);
#8392 = PRESENTATION_STYLE_ASSIGNMENT((#8393));
#8393 = SURFACE_STYLE_USAGE(.BOTH.,#8394);
#8394 = SURFACE_SIDE_STYLE('',(#8395));
#8395 = SURFACE_STYLE_FILL_AREA(#8396);
#8396 = FILL_AREA_STYLE('',(#8397));
#8397 = FILL_AREA_STYLE_COLOUR('',#8010);
#8398 = MECHANICAL_DESIGN_GEOMETRIC_PRESENTATION_REPRESENTATION('',(
    #8399),#7991);
#8399 = STYLED_ITEM('color',(#8400),#6563);
#8400 = PRESENTATION_STYLE_ASSIGNMENT((#8401));
#8401 = SURFACE_STYLE_USAGE(.BOTH.,#8402);
#8402 = SURFACE_SIDE_STYLE('',(#8403));
#8403 = SURFACE_STYLE_FILL_AREA(#8404);
#8404 = FILL_AREA_STYLE('',(#8405));
#8405 = FILL_AREA_STYLE_COLOUR('',#8406);
#8406 = COLOUR_RGB('',0.313304153717,0.484529207832,0.410020903123);
#8407 = MECHANICAL_DESIGN_GEOMETRIC_PRESENTATION_REPRESENTATION('',(
    #8408,#8416,#8423,#8430,#8437,#8444,#8451,#8458,#8465,#8472,#8479,
    #8486,#8493,#8500,#8507,#8514,#8521,#8528,#8535,#8542,#8549,#8556,
    #8563,#8570,#8577,#8584,#8591,#8598,#8605,#8613,#8620,#8627,#8634,
    #8641,#8648,#8655,#8662,#8669,#8676,#8683,#8690,#8697,#8704,#8711,
    #8718,#8725,#8732,#8739,#8746,#8753,#8760,#8767,#8774,#8781,#8788,
    #8795,#8802,#8809,#8816,#8823,#8830,#8837,#8844,#8851,#8858,#8865,
    #8872,#8879,#8886,#8893,#8900,#8907,#8914,#8921,#8928,#8935,#8942,
    #8949,#8956,#8963,#8970,#8977,#8984,#8991,#8998,#9005,#9012,#9019,
    #9026,#9033,#9040,#9047,#9054,#9061,#9068,#9075,#9082,#9089,#9096,
    #9103,#9110,#9117,#9124,#9131,#9138,#9145,#9152,#9159,#9166,#9173,
    #9180,#9187,#9194,#9201,#9208,#9215,#9222,#9229,#9236,#9243,#9250,
    #9257,#9264,#9271,#9278,#9285,#9292,#9299,#9306,#9313,#9320,#9327,
    #9334,#9341,#9348,#9355,#9362,#9369,#9376,#9383,#9390,#9397,#9404,
    #9411,#9418,#9425,#9432,#9439,#9446,#9453,#9460,#9467,#9474,#9481,
    #9488,#9495,#9502,#9509,#9516,#9523,#9530,#9537,#9544,#9551,#9558,
    #9565,#9572,#9579,#9586,#9593,#9600,#9607),#6544);
#8408 = STYLED_ITEM('color',(#8409),#1862);
#8409 = PRESENTATION_STYLE_ASSIGNMENT((#8410));
#8410 = SURFACE_STYLE_USAGE(.BOTH.,#8411);
#8411 = SURFACE_SIDE_STYLE('',(#8412));
#8412 = SURFACE_STYLE_FILL_AREA(#8413);
#8413 = FILL_AREA_STYLE('',(#8414));
#8414 = FILL_AREA_STYLE_COLOUR('',#8415);
#8415 = COLOUR_RGB('',0.147999998088,0.144999993226,0.144999993226);
#8416 = STYLED_ITEM('color',(#8417),#1902);
#8417 = PRESENTATION_STYLE_ASSIGNMENT((#8418));
#8418 = SURFACE_STYLE_USAGE(.BOTH.,#8419);
#8419 = SURFACE_SIDE_STYLE('',(#8420));
#8420 = SURFACE_STYLE_FILL_AREA(#8421);
#8421 = FILL_AREA_STYLE('',(#8422));
#8422 = FILL_AREA_STYLE_COLOUR('',#8415);
#8423 = STYLED_ITEM('color',(#8424),#1933);
#8424 = PRESENTATION_STYLE_ASSIGNMENT((#8425));
#8425 = SURFACE_STYLE_USAGE(.BOTH.,#8426);
#8426 = SURFACE_SIDE_STYLE('',(#8427));
#8427 = SURFACE_STYLE_FILL_AREA(#8428);
#8428 = FILL_AREA_STYLE('',(#8429));
#8429 = FILL_AREA_STYLE_COLOUR('',#8415);
#8430 = STYLED_ITEM('color',(#8431),#1964);
#8431 = PRESENTATION_STYLE_ASSIGNMENT((#8432));
#8432 = SURFACE_STYLE_USAGE(.BOTH.,#8433);
#8433 = SURFACE_SIDE_STYLE('',(#8434));
#8434 = SURFACE_STYLE_FILL_AREA(#8435);
#8435 = FILL_AREA_STYLE('',(#8436));
#8436 = FILL_AREA_STYLE_COLOUR('',#8415);
#8437 = STYLED_ITEM('color',(#8438),#2429);
#8438 = PRESENTATION_STYLE_ASSIGNMENT((#8439));
#8439 = SURFACE_STYLE_USAGE(.BOTH.,#8440);
#8440 = SURFACE_SIDE_STYLE('',(#8441));
#8441 = SURFACE_STYLE_FILL_AREA(#8442);
#8442 = FILL_AREA_STYLE('',(#8443));
#8443 = FILL_AREA_STYLE_COLOUR('',#8415);
#8444 = STYLED_ITEM('color',(#8445),#2894);
#8445 = PRESENTATION_STYLE_ASSIGNMENT((#8446));
#8446 = SURFACE_STYLE_USAGE(.BOTH.,#8447);
#8447 = SURFACE_SIDE_STYLE('',(#8448));
#8448 = SURFACE_STYLE_FILL_AREA(#8449);
#8449 = FILL_AREA_STYLE('',(#8450));
#8450 = FILL_AREA_STYLE_COLOUR('',#8415);
#8451 = STYLED_ITEM('color',(#8452),#2911);
#8452 = PRESENTATION_STYLE_ASSIGNMENT((#8453));
#8453 = SURFACE_STYLE_USAGE(.BOTH.,#8454);
#8454 = SURFACE_SIDE_STYLE('',(#8455));
#8455 = SURFACE_STYLE_FILL_AREA(#8456);
#8456 = FILL_AREA_STYLE('',(#8457));
#8457 = FILL_AREA_STYLE_COLOUR('',#8415);
#8458 = STYLED_ITEM('color',(#8459),#2928);
#8459 = PRESENTATION_STYLE_ASSIGNMENT((#8460));
#8460 = SURFACE_STYLE_USAGE(.BOTH.,#8461);
#8461 = SURFACE_SIDE_STYLE('',(#8462));
#8462 = SURFACE_STYLE_FILL_AREA(#8463);
#8463 = FILL_AREA_STYLE('',(#8464));
#8464 = FILL_AREA_STYLE_COLOUR('',#8415);
#8465 = STYLED_ITEM('color',(#8466),#2945);
#8466 = PRESENTATION_STYLE_ASSIGNMENT((#8467));
#8467 = SURFACE_STYLE_USAGE(.BOTH.,#8468);
#8468 = SURFACE_SIDE_STYLE('',(#8469));
#8469 = SURFACE_STYLE_FILL_AREA(#8470);
#8470 = FILL_AREA_STYLE('',(#8471));
#8471 = FILL_AREA_STYLE_COLOUR('',#8415);
#8472 = STYLED_ITEM('color',(#8473),#2962);
#8473 = PRESENTATION_STYLE_ASSIGNMENT((#8474));
#8474 = SURFACE_STYLE_USAGE(.BOTH.,#8475);
#8475 = SURFACE_SIDE_STYLE('',(#8476));
#8476 = SURFACE_STYLE_FILL_AREA(#8477);
#8477 = FILL_AREA_STYLE('',(#8478));
#8478 = FILL_AREA_STYLE_COLOUR('',#8415);
#8479 = STYLED_ITEM('color',(#8480),#2979);
#8480 = PRESENTATION_STYLE_ASSIGNMENT((#8481));
#8481 = SURFACE_STYLE_USAGE(.BOTH.,#8482);
#8482 = SURFACE_SIDE_STYLE('',(#8483));
#8483 = SURFACE_STYLE_FILL_AREA(#8484);
#8484 = FILL_AREA_STYLE('',(#8485));
#8485 = FILL_AREA_STYLE_COLOUR('',#8415);
#8486 = STYLED_ITEM('color',(#8487),#2996);
#8487 = PRESENTATION_STYLE_ASSIGNMENT((#8488));
#8488 = SURFACE_STYLE_USAGE(.BOTH.,#8489);
#8489 = SURFACE_SIDE_STYLE('',(#8490));
#8490 = SURFACE_STYLE_FILL_AREA(#8491);
#8491 = FILL_AREA_STYLE('',(#8492));
#8492 = FILL_AREA_STYLE_COLOUR('',#8415);
#8493 = STYLED_ITEM('color',(#8494),#3013);
#8494 = PRESENTATION_STYLE_ASSIGNMENT((#8495));
#8495 = SURFACE_STYLE_USAGE(.BOTH.,#8496);
#8496 = SURFACE_SIDE_STYLE('',(#8497));
#8497 = SURFACE_STYLE_FILL_AREA(#8498);
#8498 = FILL_AREA_STYLE('',(#8499));
#8499 = FILL_AREA_STYLE_COLOUR('',#8415);
#8500 = STYLED_ITEM('color',(#8501),#3030);
#8501 = PRESENTATION_STYLE_ASSIGNMENT((#8502));
#8502 = SURFACE_STYLE_USAGE(.BOTH.,#8503);
#8503 = SURFACE_SIDE_STYLE('',(#8504));
#8504 = SURFACE_STYLE_FILL_AREA(#8505);
#8505 = FILL_AREA_STYLE('',(#8506));
#8506 = FILL_AREA_STYLE_COLOUR('',#8415);
#8507 = STYLED_ITEM('color',(#8508),#3047);
#8508 = PRESENTATION_STYLE_ASSIGNMENT((#8509));
#8509 = SURFACE_STYLE_USAGE(.BOTH.,#8510);
#8510 = SURFACE_SIDE_STYLE('',(#8511));
#8511 = SURFACE_STYLE_FILL_AREA(#8512);
#8512 = FILL_AREA_STYLE('',(#8513));
#8513 = FILL_AREA_STYLE_COLOUR('',#8415);
#8514 = STYLED_ITEM('color',(#8515),#3064);
#8515 = PRESENTATION_STYLE_ASSIGNMENT((#8516));
#8516 = SURFACE_STYLE_USAGE(.BOTH.,#8517);
#8517 = SURFACE_SIDE_STYLE('',(#8518));
#8518 = SURFACE_STYLE_FILL_AREA(#8519);
#8519 = FILL_AREA_STYLE('',(#8520));
#8520 = FILL_AREA_STYLE_COLOUR('',#8415);
#8521 = STYLED_ITEM('color',(#8522),#3081);
#8522 = PRESENTATION_STYLE_ASSIGNMENT((#8523));
#8523 = SURFACE_STYLE_USAGE(.BOTH.,#8524);
#8524 = SURFACE_SIDE_STYLE('',(#8525));
#8525 = SURFACE_STYLE_FILL_AREA(#8526);
#8526 = FILL_AREA_STYLE('',(#8527));
#8527 = FILL_AREA_STYLE_COLOUR('',#8415);
#8528 = STYLED_ITEM('color',(#8529),#3098);
#8529 = PRESENTATION_STYLE_ASSIGNMENT((#8530));
#8530 = SURFACE_STYLE_USAGE(.BOTH.,#8531);
#8531 = SURFACE_SIDE_STYLE('',(#8532));
#8532 = SURFACE_STYLE_FILL_AREA(#8533);
#8533 = FILL_AREA_STYLE('',(#8534));
#8534 = FILL_AREA_STYLE_COLOUR('',#8415);
#8535 = STYLED_ITEM('color',(#8536),#3115);
#8536 = PRESENTATION_STYLE_ASSIGNMENT((#8537));
#8537 = SURFACE_STYLE_USAGE(.BOTH.,#8538);
#8538 = SURFACE_SIDE_STYLE('',(#8539));
#8539 = SURFACE_STYLE_FILL_AREA(#8540);
#8540 = FILL_AREA_STYLE('',(#8541));
#8541 = FILL_AREA_STYLE_COLOUR('',#8415);
#8542 = STYLED_ITEM('color',(#8543),#3132);
#8543 = PRESENTATION_STYLE_ASSIGNMENT((#8544));
#8544 = SURFACE_STYLE_USAGE(.BOTH.,#8545);
#8545 = SURFACE_SIDE_STYLE('',(#8546));
#8546 = SURFACE_STYLE_FILL_AREA(#8547);
#8547 = FILL_AREA_STYLE('',(#8548));
#8548 = FILL_AREA_STYLE_COLOUR('',#8415);
#8549 = STYLED_ITEM('color',(#8550),#3149);
#8550 = PRESENTATION_STYLE_ASSIGNMENT((#8551));
#8551 = SURFACE_STYLE_USAGE(.BOTH.,#8552);
#8552 = SURFACE_SIDE_STYLE('',(#8553));
#8553 = SURFACE_STYLE_FILL_AREA(#8554);
#8554 = FILL_AREA_STYLE('',(#8555));
#8555 = FILL_AREA_STYLE_COLOUR('',#8415);
#8556 = STYLED_ITEM('color',(#8557),#3166);
#8557 = PRESENTATION_STYLE_ASSIGNMENT((#8558));
#8558 = SURFACE_STYLE_USAGE(.BOTH.,#8559);
#8559 = SURFACE_SIDE_STYLE('',(#8560));
#8560 = SURFACE_STYLE_FILL_AREA(#8561);
#8561 = FILL_AREA_STYLE('',(#8562));
#8562 = FILL_AREA_STYLE_COLOUR('',#8415);
#8563 = STYLED_ITEM('color',(#8564),#3183);
#8564 = PRESENTATION_STYLE_ASSIGNMENT((#8565));
#8565 = SURFACE_STYLE_USAGE(.BOTH.,#8566);
#8566 = SURFACE_SIDE_STYLE('',(#8567));
#8567 = SURFACE_STYLE_FILL_AREA(#8568);
#8568 = FILL_AREA_STYLE('',(#8569));
#8569 = FILL_AREA_STYLE_COLOUR('',#8415);
#8570 = STYLED_ITEM('color',(#8571),#3200);
#8571 = PRESENTATION_STYLE_ASSIGNMENT((#8572));
#8572 = SURFACE_STYLE_USAGE(.BOTH.,#8573);
#8573 = SURFACE_SIDE_STYLE('',(#8574));
#8574 = SURFACE_STYLE_FILL_AREA(#8575);
#8575 = FILL_AREA_STYLE('',(#8576));
#8576 = FILL_AREA_STYLE_COLOUR('',#8415);
#8577 = STYLED_ITEM('color',(#8578),#3217);
#8578 = PRESENTATION_STYLE_ASSIGNMENT((#8579));
#8579 = SURFACE_STYLE_USAGE(.BOTH.,#8580);
#8580 = SURFACE_SIDE_STYLE('',(#8581));
#8581 = SURFACE_STYLE_FILL_AREA(#8582);
#8582 = FILL_AREA_STYLE('',(#8583));
#8583 = FILL_AREA_STYLE_COLOUR('',#8415);
#8584 = STYLED_ITEM('color',(#8585),#3234);
#8585 = PRESENTATION_STYLE_ASSIGNMENT((#8586));
#8586 = SURFACE_STYLE_USAGE(.BOTH.,#8587);
#8587 = SURFACE_SIDE_STYLE('',(#8588));
#8588 = SURFACE_STYLE_FILL_AREA(#8589);
#8589 = FILL_AREA_STYLE('',(#8590));
#8590 = FILL_AREA_STYLE_COLOUR('',#8415);
#8591 = STYLED_ITEM('color',(#8592),#3251);
#8592 = PRESENTATION_STYLE_ASSIGNMENT((#8593));
#8593 = SURFACE_STYLE_USAGE(.BOTH.,#8594);
#8594 = SURFACE_SIDE_STYLE('',(#8595));
#8595 = SURFACE_STYLE_FILL_AREA(#8596);
#8596 = FILL_AREA_STYLE('',(#8597));
#8597 = FILL_AREA_STYLE_COLOUR('',#8415);
#8598 = STYLED_ITEM('color',(#8599),#3268);
#8599 = PRESENTATION_STYLE_ASSIGNMENT((#8600));
#8600 = SURFACE_STYLE_USAGE(.BOTH.,#8601);
#8601 = SURFACE_SIDE_STYLE('',(#8602));
#8602 = SURFACE_STYLE_FILL_AREA(#8603);
#8603 = FILL_AREA_STYLE('',(#8604));
#8604 = FILL_AREA_STYLE_COLOUR('',#8415);
#8605 = STYLED_ITEM('color',(#8606),#3280);
#8606 = PRESENTATION_STYLE_ASSIGNMENT((#8607));
#8607 = SURFACE_STYLE_USAGE(.BOTH.,#8608);
#8608 = SURFACE_SIDE_STYLE('',(#8609));
#8609 = SURFACE_STYLE_FILL_AREA(#8610);
#8610 = FILL_AREA_STYLE('',(#8611));
#8611 = FILL_AREA_STYLE_COLOUR('',#8612);
#8612 = COLOUR_RGB('',0.859000020776,0.737999965183,0.495999988746);
#8613 = STYLED_ITEM('color',(#8614),#3311);
#8614 = PRESENTATION_STYLE_ASSIGNMENT((#8615));
#8615 = SURFACE_STYLE_USAGE(.BOTH.,#8616);
#8616 = SURFACE_SIDE_STYLE('',(#8617));
#8617 = SURFACE_STYLE_FILL_AREA(#8618);
#8618 = FILL_AREA_STYLE('',(#8619));
#8619 = FILL_AREA_STYLE_COLOUR('',#8612);
#8620 = STYLED_ITEM('color',(#8621),#3335);
#8621 = PRESENTATION_STYLE_ASSIGNMENT((#8622));
#8622 = SURFACE_STYLE_USAGE(.BOTH.,#8623);
#8623 = SURFACE_SIDE_STYLE('',(#8624));
#8624 = SURFACE_STYLE_FILL_AREA(#8625);
#8625 = FILL_AREA_STYLE('',(#8626));
#8626 = FILL_AREA_STYLE_COLOUR('',#8612);
#8627 = STYLED_ITEM('color',(#8628),#3359);
#8628 = PRESENTATION_STYLE_ASSIGNMENT((#8629));
#8629 = SURFACE_STYLE_USAGE(.BOTH.,#8630);
#8630 = SURFACE_SIDE_STYLE('',(#8631));
#8631 = SURFACE_STYLE_FILL_AREA(#8632);
#8632 = FILL_AREA_STYLE('',(#8633));
#8633 = FILL_AREA_STYLE_COLOUR('',#8612);
#8634 = STYLED_ITEM('color',(#8635),#3376);
#8635 = PRESENTATION_STYLE_ASSIGNMENT((#8636));
#8636 = SURFACE_STYLE_USAGE(.BOTH.,#8637);
#8637 = SURFACE_SIDE_STYLE('',(#8638));
#8638 = SURFACE_STYLE_FILL_AREA(#8639);
#8639 = FILL_AREA_STYLE('',(#8640));
#8640 = FILL_AREA_STYLE_COLOUR('',#8612);
#8641 = STYLED_ITEM('color',(#8642),#3407);
#8642 = PRESENTATION_STYLE_ASSIGNMENT((#8643));
#8643 = SURFACE_STYLE_USAGE(.BOTH.,#8644);
#8644 = SURFACE_SIDE_STYLE('',(#8645));
#8645 = SURFACE_STYLE_FILL_AREA(#8646);
#8646 = FILL_AREA_STYLE('',(#8647));
#8647 = FILL_AREA_STYLE_COLOUR('',#8612);
#8648 = STYLED_ITEM('color',(#8649),#3431);
#8649 = PRESENTATION_STYLE_ASSIGNMENT((#8650));
#8650 = SURFACE_STYLE_USAGE(.BOTH.,#8651);
#8651 = SURFACE_SIDE_STYLE('',(#8652));
#8652 = SURFACE_STYLE_FILL_AREA(#8653);
#8653 = FILL_AREA_STYLE('',(#8654));
#8654 = FILL_AREA_STYLE_COLOUR('',#8612);
#8655 = STYLED_ITEM('color',(#8656),#3455);
#8656 = PRESENTATION_STYLE_ASSIGNMENT((#8657));
#8657 = SURFACE_STYLE_USAGE(.BOTH.,#8658);
#8658 = SURFACE_SIDE_STYLE('',(#8659));
#8659 = SURFACE_STYLE_FILL_AREA(#8660);
#8660 = FILL_AREA_STYLE('',(#8661));
#8661 = FILL_AREA_STYLE_COLOUR('',#8612);
#8662 = STYLED_ITEM('color',(#8663),#3472);
#8663 = PRESENTATION_STYLE_ASSIGNMENT((#8664));
#8664 = SURFACE_STYLE_USAGE(.BOTH.,#8665);
#8665 = SURFACE_SIDE_STYLE('',(#8666));
#8666 = SURFACE_STYLE_FILL_AREA(#8667);
#8667 = FILL_AREA_STYLE('',(#8668));
#8668 = FILL_AREA_STYLE_COLOUR('',#8612);
#8669 = STYLED_ITEM('color',(#8670),#3503);
#8670 = PRESENTATION_STYLE_ASSIGNMENT((#8671));
#8671 = SURFACE_STYLE_USAGE(.BOTH.,#8672);
#8672 = SURFACE_SIDE_STYLE('',(#8673));
#8673 = SURFACE_STYLE_FILL_AREA(#8674);
#8674 = FILL_AREA_STYLE('',(#8675));
#8675 = FILL_AREA_STYLE_COLOUR('',#8612);
#8676 = STYLED_ITEM('color',(#8677),#3527);
#8677 = PRESENTATION_STYLE_ASSIGNMENT((#8678));
#8678 = SURFACE_STYLE_USAGE(.BOTH.,#8679);
#8679 = SURFACE_SIDE_STYLE('',(#8680));
#8680 = SURFACE_STYLE_FILL_AREA(#8681);
#8681 = FILL_AREA_STYLE('',(#8682));
#8682 = FILL_AREA_STYLE_COLOUR('',#8612);
#8683 = STYLED_ITEM('color',(#8684),#3551);
#8684 = PRESENTATION_STYLE_ASSIGNMENT((#8685));
#8685 = SURFACE_STYLE_USAGE(.BOTH.,#8686);
#8686 = SURFACE_SIDE_STYLE('',(#8687));
#8687 = SURFACE_STYLE_FILL_AREA(#8688);
#8688 = FILL_AREA_STYLE('',(#8689));
#8689 = FILL_AREA_STYLE_COLOUR('',#8612);
#8690 = STYLED_ITEM('color',(#8691),#3568);
#8691 = PRESENTATION_STYLE_ASSIGNMENT((#8692));
#8692 = SURFACE_STYLE_USAGE(.BOTH.,#8693);
#8693 = SURFACE_SIDE_STYLE('',(#8694));
#8694 = SURFACE_STYLE_FILL_AREA(#8695);
#8695 = FILL_AREA_STYLE('',(#8696));
#8696 = FILL_AREA_STYLE_COLOUR('',#8612);
#8697 = STYLED_ITEM('color',(#8698),#3599);
#8698 = PRESENTATION_STYLE_ASSIGNMENT((#8699));
#8699 = SURFACE_STYLE_USAGE(.BOTH.,#8700);
#8700 = SURFACE_SIDE_STYLE('',(#8701));
#8701 = SURFACE_STYLE_FILL_AREA(#8702);
#8702 = FILL_AREA_STYLE('',(#8703));
#8703 = FILL_AREA_STYLE_COLOUR('',#8612);
#8704 = STYLED_ITEM('color',(#8705),#3623);
#8705 = PRESENTATION_STYLE_ASSIGNMENT((#8706));
#8706 = SURFACE_STYLE_USAGE(.BOTH.,#8707);
#8707 = SURFACE_SIDE_STYLE('',(#8708));
#8708 = SURFACE_STYLE_FILL_AREA(#8709);
#8709 = FILL_AREA_STYLE('',(#8710));
#8710 = FILL_AREA_STYLE_COLOUR('',#8612);
#8711 = STYLED_ITEM('color',(#8712),#3647);
#8712 = PRESENTATION_STYLE_ASSIGNMENT((#8713));
#8713 = SURFACE_STYLE_USAGE(.BOTH.,#8714);
#8714 = SURFACE_SIDE_STYLE('',(#8715));
#8715 = SURFACE_STYLE_FILL_AREA(#8716);
#8716 = FILL_AREA_STYLE('',(#8717));
#8717 = FILL_AREA_STYLE_COLOUR('',#8612);
#8718 = STYLED_ITEM('color',(#8719),#3664);
#8719 = PRESENTATION_STYLE_ASSIGNMENT((#8720));
#8720 = SURFACE_STYLE_USAGE(.BOTH.,#8721);
#8721 = SURFACE_SIDE_STYLE('',(#8722));
#8722 = SURFACE_STYLE_FILL_AREA(#8723);
#8723 = FILL_AREA_STYLE('',(#8724));
#8724 = FILL_AREA_STYLE_COLOUR('',#8612);
#8725 = STYLED_ITEM('color',(#8726),#3695);
#8726 = PRESENTATION_STYLE_ASSIGNMENT((#8727));
#8727 = SURFACE_STYLE_USAGE(.BOTH.,#8728);
#8728 = SURFACE_SIDE_STYLE('',(#8729));
#8729 = SURFACE_STYLE_FILL_AREA(#8730);
#8730 = FILL_AREA_STYLE('',(#8731));
#8731 = FILL_AREA_STYLE_COLOUR('',#8612);
#8732 = STYLED_ITEM('color',(#8733),#3719);
#8733 = PRESENTATION_STYLE_ASSIGNMENT((#8734));
#8734 = SURFACE_STYLE_USAGE(.BOTH.,#8735);
#8735 = SURFACE_SIDE_STYLE('',(#8736));
#8736 = SURFACE_STYLE_FILL_AREA(#8737);
#8737 = FILL_AREA_STYLE('',(#8738));
#8738 = FILL_AREA_STYLE_COLOUR('',#8612);
#8739 = STYLED_ITEM('color',(#8740),#3743);
#8740 = PRESENTATION_STYLE_ASSIGNMENT((#8741));
#8741 = SURFACE_STYLE_USAGE(.BOTH.,#8742);
#8742 = SURFACE_SIDE_STYLE('',(#8743));
#8743 = SURFACE_STYLE_FILL_AREA(#8744);
#8744 = FILL_AREA_STYLE('',(#8745));
#8745 = FILL_AREA_STYLE_COLOUR('',#8612);
#8746 = STYLED_ITEM('color',(#8747),#3760);
#8747 = PRESENTATION_STYLE_ASSIGNMENT((#8748));
#8748 = SURFACE_STYLE_USAGE(.BOTH.,#8749);
#8749 = SURFACE_SIDE_STYLE('',(#8750));
#8750 = SURFACE_STYLE_FILL_AREA(#8751);
#8751 = FILL_AREA_STYLE('',(#8752));
#8752 = FILL_AREA_STYLE_COLOUR('',#8612);
#8753 = STYLED_ITEM('color',(#8754),#3791);
#8754 = PRESENTATION_STYLE_ASSIGNMENT((#8755));
#8755 = SURFACE_STYLE_USAGE(.BOTH.,#8756);
#8756 = SURFACE_SIDE_STYLE('',(#8757));
#8757 = SURFACE_STYLE_FILL_AREA(#8758);
#8758 = FILL_AREA_STYLE('',(#8759));
#8759 = FILL_AREA_STYLE_COLOUR('',#8612);
#8760 = STYLED_ITEM('color',(#8761),#3815);
#8761 = PRESENTATION_STYLE_ASSIGNMENT((#8762));
#8762 = SURFACE_STYLE_USAGE(.BOTH.,#8763);
#8763 = SURFACE_SIDE_STYLE('',(#8764));
#8764 = SURFACE_STYLE_FILL_AREA(#8765);
#8765 = FILL_AREA_STYLE('',(#8766));
#8766 = FILL_AREA_STYLE_COLOUR('',#8612);
#8767 = STYLED_ITEM('color',(#8768),#3839);
#8768 = PRESENTATION_STYLE_ASSIGNMENT((#8769));
#8769 = SURFACE_STYLE_USAGE(.BOTH.,#8770);
#8770 = SURFACE_SIDE_STYLE('',(#8771));
#8771 = SURFACE_STYLE_FILL_AREA(#8772);
#8772 = FILL_AREA_STYLE('',(#8773));
#8773 = FILL_AREA_STYLE_COLOUR('',#8612);
#8774 = STYLED_ITEM('color',(#8775),#3856);
#8775 = PRESENTATION_STYLE_ASSIGNMENT((#8776));
#8776 = SURFACE_STYLE_USAGE(.BOTH.,#8777);
#8777 = SURFACE_SIDE_STYLE('',(#8778));
#8778 = SURFACE_STYLE_FILL_AREA(#8779);
#8779 = FILL_AREA_STYLE('',(#8780));
#8780 = FILL_AREA_STYLE_COLOUR('',#8612);
#8781 = STYLED_ITEM('color',(#8782),#3887);
#8782 = PRESENTATION_STYLE_ASSIGNMENT((#8783));
#8783 = SURFACE_STYLE_USAGE(.BOTH.,#8784);
#8784 = SURFACE_SIDE_STYLE('',(#8785));
#8785 = SURFACE_STYLE_FILL_AREA(#8786);
#8786 = FILL_AREA_STYLE('',(#8787));
#8787 = FILL_AREA_STYLE_COLOUR('',#8612);
#8788 = STYLED_ITEM('color',(#8789),#3911);
#8789 = PRESENTATION_STYLE_ASSIGNMENT((#8790));
#8790 = SURFACE_STYLE_USAGE(.BOTH.,#8791);
#8791 = SURFACE_SIDE_STYLE('',(#8792));
#8792 = SURFACE_STYLE_FILL_AREA(#8793);
#8793 = FILL_AREA_STYLE('',(#8794));
#8794 = FILL_AREA_STYLE_COLOUR('',#8612);
#8795 = STYLED_ITEM('color',(#8796),#3935);
#8796 = PRESENTATION_STYLE_ASSIGNMENT((#8797));
#8797 = SURFACE_STYLE_USAGE(.BOTH.,#8798);
#8798 = SURFACE_SIDE_STYLE('',(#8799));
#8799 = SURFACE_STYLE_FILL_AREA(#8800);
#8800 = FILL_AREA_STYLE('',(#8801));
#8801 = FILL_AREA_STYLE_COLOUR('',#8612);
#8802 = STYLED_ITEM('color',(#8803),#3952);
#8803 = PRESENTATION_STYLE_ASSIGNMENT((#8804));
#8804 = SURFACE_STYLE_USAGE(.BOTH.,#8805);
#8805 = SURFACE_SIDE_STYLE('',(#8806));
#8806 = SURFACE_STYLE_FILL_AREA(#8807);
#8807 = FILL_AREA_STYLE('',(#8808));
#8808 = FILL_AREA_STYLE_COLOUR('',#8612);
#8809 = STYLED_ITEM('color',(#8810),#3983);
#8810 = PRESENTATION_STYLE_ASSIGNMENT((#8811));
#8811 = SURFACE_STYLE_USAGE(.BOTH.,#8812);
#8812 = SURFACE_SIDE_STYLE('',(#8813));
#8813 = SURFACE_STYLE_FILL_AREA(#8814);
#8814 = FILL_AREA_STYLE('',(#8815));
#8815 = FILL_AREA_STYLE_COLOUR('',#8612);
#8816 = STYLED_ITEM('color',(#8817),#4007);
#8817 = PRESENTATION_STYLE_ASSIGNMENT((#8818));
#8818 = SURFACE_STYLE_USAGE(.BOTH.,#8819);
#8819 = SURFACE_SIDE_STYLE('',(#8820));
#8820 = SURFACE_STYLE_FILL_AREA(#8821);
#8821 = FILL_AREA_STYLE('',(#8822));
#8822 = FILL_AREA_STYLE_COLOUR('',#8612);
#8823 = STYLED_ITEM('color',(#8824),#4031);
#8824 = PRESENTATION_STYLE_ASSIGNMENT((#8825));
#8825 = SURFACE_STYLE_USAGE(.BOTH.,#8826);
#8826 = SURFACE_SIDE_STYLE('',(#8827));
#8827 = SURFACE_STYLE_FILL_AREA(#8828);
#8828 = FILL_AREA_STYLE('',(#8829));
#8829 = FILL_AREA_STYLE_COLOUR('',#8612);
#8830 = STYLED_ITEM('color',(#8831),#4048);
#8831 = PRESENTATION_STYLE_ASSIGNMENT((#8832));
#8832 = SURFACE_STYLE_USAGE(.BOTH.,#8833);
#8833 = SURFACE_SIDE_STYLE('',(#8834));
#8834 = SURFACE_STYLE_FILL_AREA(#8835);
#8835 = FILL_AREA_STYLE('',(#8836));
#8836 = FILL_AREA_STYLE_COLOUR('',#8612);
#8837 = STYLED_ITEM('color',(#8838),#4079);
#8838 = PRESENTATION_STYLE_ASSIGNMENT((#8839));
#8839 = SURFACE_STYLE_USAGE(.BOTH.,#8840);
#8840 = SURFACE_SIDE_STYLE('',(#8841));
#8841 = SURFACE_STYLE_FILL_AREA(#8842);
#8842 = FILL_AREA_STYLE('',(#8843));
#8843 = FILL_AREA_STYLE_COLOUR('',#8612);
#8844 = STYLED_ITEM('color',(#8845),#4103);
#8845 = PRESENTATION_STYLE_ASSIGNMENT((#8846));
#8846 = SURFACE_STYLE_USAGE(.BOTH.,#8847);
#8847 = SURFACE_SIDE_STYLE('',(#8848));
#8848 = SURFACE_STYLE_FILL_AREA(#8849);
#8849 = FILL_AREA_STYLE('',(#8850));
#8850 = FILL_AREA_STYLE_COLOUR('',#8612);
#8851 = STYLED_ITEM('color',(#8852),#4127);
#8852 = PRESENTATION_STYLE_ASSIGNMENT((#8853));
#8853 = SURFACE_STYLE_USAGE(.BOTH.,#8854);
#8854 = SURFACE_SIDE_STYLE('',(#8855));
#8855 = SURFACE_STYLE_FILL_AREA(#8856);
#8856 = FILL_AREA_STYLE('',(#8857));
#8857 = FILL_AREA_STYLE_COLOUR('',#8612);
#8858 = STYLED_ITEM('color',(#8859),#4144);
#8859 = PRESENTATION_STYLE_ASSIGNMENT((#8860));
#8860 = SURFACE_STYLE_USAGE(.BOTH.,#8861);
#8861 = SURFACE_SIDE_STYLE('',(#8862));
#8862 = SURFACE_STYLE_FILL_AREA(#8863);
#8863 = FILL_AREA_STYLE('',(#8864));
#8864 = FILL_AREA_STYLE_COLOUR('',#8612);
#8865 = STYLED_ITEM('color',(#8866),#4175);
#8866 = PRESENTATION_STYLE_ASSIGNMENT((#8867));
#8867 = SURFACE_STYLE_USAGE(.BOTH.,#8868);
#8868 = SURFACE_SIDE_STYLE('',(#8869));
#8869 = SURFACE_STYLE_FILL_AREA(#8870);
#8870 = FILL_AREA_STYLE('',(#8871));
#8871 = FILL_AREA_STYLE_COLOUR('',#8612);
#8872 = STYLED_ITEM('color',(#8873),#4199);
#8873 = PRESENTATION_STYLE_ASSIGNMENT((#8874));
#8874 = SURFACE_STYLE_USAGE(.BOTH.,#8875);
#8875 = SURFACE_SIDE_STYLE('',(#8876));
#8876 = SURFACE_STYLE_FILL_AREA(#8877);
#8877 = FILL_AREA_STYLE('',(#8878));
#8878 = FILL_AREA_STYLE_COLOUR('',#8612);
#8879 = STYLED_ITEM('color',(#8880),#4223);
#8880 = PRESENTATION_STYLE_ASSIGNMENT((#8881));
#8881 = SURFACE_STYLE_USAGE(.BOTH.,#8882);
#8882 = SURFACE_SIDE_STYLE('',(#8883));
#8883 = SURFACE_STYLE_FILL_AREA(#8884);
#8884 = FILL_AREA_STYLE('',(#8885));
#8885 = FILL_AREA_STYLE_COLOUR('',#8612);
#8886 = STYLED_ITEM('color',(#8887),#4240);
#8887 = PRESENTATION_STYLE_ASSIGNMENT((#8888));
#8888 = SURFACE_STYLE_USAGE(.BOTH.,#8889);
#8889 = SURFACE_SIDE_STYLE('',(#8890));
#8890 = SURFACE_STYLE_FILL_AREA(#8891);
#8891 = FILL_AREA_STYLE('',(#8892));
#8892 = FILL_AREA_STYLE_COLOUR('',#8612);
#8893 = STYLED_ITEM('color',(#8894),#4271);
#8894 = PRESENTATION_STYLE_ASSIGNMENT((#8895));
#8895 = SURFACE_STYLE_USAGE(.BOTH.,#8896);
#8896 = SURFACE_SIDE_STYLE('',(#8897));
#8897 = SURFACE_STYLE_FILL_AREA(#8898);
#8898 = FILL_AREA_STYLE('',(#8899));
#8899 = FILL_AREA_STYLE_COLOUR('',#8612);
#8900 = STYLED_ITEM('color',(#8901),#4295);
#8901 = PRESENTATION_STYLE_ASSIGNMENT((#8902));
#8902 = SURFACE_STYLE_USAGE(.BOTH.,#8903);
#8903 = SURFACE_SIDE_STYLE('',(#8904));
#8904 = SURFACE_STYLE_FILL_AREA(#8905);
#8905 = FILL_AREA_STYLE('',(#8906));
#8906 = FILL_AREA_STYLE_COLOUR('',#8612);
#8907 = STYLED_ITEM('color',(#8908),#4319);
#8908 = PRESENTATION_STYLE_ASSIGNMENT((#8909));
#8909 = SURFACE_STYLE_USAGE(.BOTH.,#8910);
#8910 = SURFACE_SIDE_STYLE('',(#8911));
#8911 = SURFACE_STYLE_FILL_AREA(#8912);
#8912 = FILL_AREA_STYLE('',(#8913));
#8913 = FILL_AREA_STYLE_COLOUR('',#8612);
#8914 = STYLED_ITEM('color',(#8915),#4336);
#8915 = PRESENTATION_STYLE_ASSIGNMENT((#8916));
#8916 = SURFACE_STYLE_USAGE(.BOTH.,#8917);
#8917 = SURFACE_SIDE_STYLE('',(#8918));
#8918 = SURFACE_STYLE_FILL_AREA(#8919);
#8919 = FILL_AREA_STYLE('',(#8920));
#8920 = FILL_AREA_STYLE_COLOUR('',#8612);
#8921 = STYLED_ITEM('color',(#8922),#4367);
#8922 = PRESENTATION_STYLE_ASSIGNMENT((#8923));
#8923 = SURFACE_STYLE_USAGE(.BOTH.,#8924);
#8924 = SURFACE_SIDE_STYLE('',(#8925));
#8925 = SURFACE_STYLE_FILL_AREA(#8926);
#8926 = FILL_AREA_STYLE('',(#8927));
#8927 = FILL_AREA_STYLE_COLOUR('',#8612);
#8928 = STYLED_ITEM('color',(#8929),#4391);
#8929 = PRESENTATION_STYLE_ASSIGNMENT((#8930));
#8930 = SURFACE_STYLE_USAGE(.BOTH.,#8931);
#8931 = SURFACE_SIDE_STYLE('',(#8932));
#8932 = SURFACE_STYLE_FILL_AREA(#8933);
#8933 = FILL_AREA_STYLE('',(#8934));
#8934 = FILL_AREA_STYLE_COLOUR('',#8612);
#8935 = STYLED_ITEM('color',(#8936),#4415);
#8936 = PRESENTATION_STYLE_ASSIGNMENT((#8937));
#8937 = SURFACE_STYLE_USAGE(.BOTH.,#8938);
#8938 = SURFACE_SIDE_STYLE('',(#8939));
#8939 = SURFACE_STYLE_FILL_AREA(#8940);
#8940 = FILL_AREA_STYLE('',(#8941));
#8941 = FILL_AREA_STYLE_COLOUR('',#8612);
#8942 = STYLED_ITEM('color',(#8943),#4432);
#8943 = PRESENTATION_STYLE_ASSIGNMENT((#8944));
#8944 = SURFACE_STYLE_USAGE(.BOTH.,#8945);
#8945 = SURFACE_SIDE_STYLE('',(#8946));
#8946 = SURFACE_STYLE_FILL_AREA(#8947);
#8947 = FILL_AREA_STYLE('',(#8948));
#8948 = FILL_AREA_STYLE_COLOUR('',#8612);
#8949 = STYLED_ITEM('color',(#8950),#4463);
#8950 = PRESENTATION_STYLE_ASSIGNMENT((#8951));
#8951 = SURFACE_STYLE_USAGE(.BOTH.,#8952);
#8952 = SURFACE_SIDE_STYLE('',(#8953));
#8953 = SURFACE_STYLE_FILL_AREA(#8954);
#8954 = FILL_AREA_STYLE('',(#8955));
#8955 = FILL_AREA_STYLE_COLOUR('',#8612);
#8956 = STYLED_ITEM('color',(#8957),#4487);
#8957 = PRESENTATION_STYLE_ASSIGNMENT((#8958));
#8958 = SURFACE_STYLE_USAGE(.BOTH.,#8959);
#8959 = SURFACE_SIDE_STYLE('',(#8960));
#8960 = SURFACE_STYLE_FILL_AREA(#8961);
#8961 = FILL_AREA_STYLE('',(#8962));
#8962 = FILL_AREA_STYLE_COLOUR('',#8612);
#8963 = STYLED_ITEM('color',(#8964),#4511);
#8964 = PRESENTATION_STYLE_ASSIGNMENT((#8965));
#8965 = SURFACE_STYLE_USAGE(.BOTH.,#8966);
#8966 = SURFACE_SIDE_STYLE('',(#8967));
#8967 = SURFACE_STYLE_FILL_AREA(#8968);
#8968 = FILL_AREA_STYLE('',(#8969));
#8969 = FILL_AREA_STYLE_COLOUR('',#8612);
#8970 = STYLED_ITEM('color',(#8971),#4528);
#8971 = PRESENTATION_STYLE_ASSIGNMENT((#8972));
#8972 = SURFACE_STYLE_USAGE(.BOTH.,#8973);
#8973 = SURFACE_SIDE_STYLE('',(#8974));
#8974 = SURFACE_STYLE_FILL_AREA(#8975);
#8975 = FILL_AREA_STYLE('',(#8976));
#8976 = FILL_AREA_STYLE_COLOUR('',#8612);
#8977 = STYLED_ITEM('color',(#8978),#4559);
#8978 = PRESENTATION_STYLE_ASSIGNMENT((#8979));
#8979 = SURFACE_STYLE_USAGE(.BOTH.,#8980);
#8980 = SURFACE_SIDE_STYLE('',(#8981));
#8981 = SURFACE_STYLE_FILL_AREA(#8982);
#8982 = FILL_AREA_STYLE('',(#8983));
#8983 = FILL_AREA_STYLE_COLOUR('',#8612);
#8984 = STYLED_ITEM('color',(#8985),#4583);
#8985 = PRESENTATION_STYLE_ASSIGNMENT((#8986));
#8986 = SURFACE_STYLE_USAGE(.BOTH.,#8987);
#8987 = SURFACE_SIDE_STYLE('',(#8988));
#8988 = SURFACE_STYLE_FILL_AREA(#8989);
#8989 = FILL_AREA_STYLE('',(#8990));
#8990 = FILL_AREA_STYLE_COLOUR('',#8612);
#8991 = STYLED_ITEM('color',(#8992),#4607);
#8992 = PRESENTATION_STYLE_ASSIGNMENT((#8993));
#8993 = SURFACE_STYLE_USAGE(.BOTH.,#8994);
#8994 = SURFACE_SIDE_STYLE('',(#8995));
#8995 = SURFACE_STYLE_FILL_AREA(#8996);
#8996 = FILL_AREA_STYLE('',(#8997));
#8997 = FILL_AREA_STYLE_COLOUR('',#8612);
#8998 = STYLED_ITEM('color',(#8999),#4624);
#8999 = PRESENTATION_STYLE_ASSIGNMENT((#9000));
#9000 = SURFACE_STYLE_USAGE(.BOTH.,#9001);
#9001 = SURFACE_SIDE_STYLE('',(#9002));
#9002 = SURFACE_STYLE_FILL_AREA(#9003);
#9003 = FILL_AREA_STYLE('',(#9004));
#9004 = FILL_AREA_STYLE_COLOUR('',#8612);
#9005 = STYLED_ITEM('color',(#9006),#4655);
#9006 = PRESENTATION_STYLE_ASSIGNMENT((#9007));
#9007 = SURFACE_STYLE_USAGE(.BOTH.,#9008);
#9008 = SURFACE_SIDE_STYLE('',(#9009));
#9009 = SURFACE_STYLE_FILL_AREA(#9010);
#9010 = FILL_AREA_STYLE('',(#9011));
#9011 = FILL_AREA_STYLE_COLOUR('',#8612);
#9012 = STYLED_ITEM('color',(#9013),#4679);
#9013 = PRESENTATION_STYLE_ASSIGNMENT((#9014));
#9014 = SURFACE_STYLE_USAGE(.BOTH.,#9015);
#9015 = SURFACE_SIDE_STYLE('',(#9016));
#9016 = SURFACE_STYLE_FILL_AREA(#9017);
#9017 = FILL_AREA_STYLE('',(#9018));
#9018 = FILL_AREA_STYLE_COLOUR('',#8612);
#9019 = STYLED_ITEM('color',(#9020),#4703);
#9020 = PRESENTATION_STYLE_ASSIGNMENT((#9021));
#9021 = SURFACE_STYLE_USAGE(.BOTH.,#9022);
#9022 = SURFACE_SIDE_STYLE('',(#9023));
#9023 = SURFACE_STYLE_FILL_AREA(#9024);
#9024 = FILL_AREA_STYLE('',(#9025));
#9025 = FILL_AREA_STYLE_COLOUR('',#8612);
#9026 = STYLED_ITEM('color',(#9027),#4720);
#9027 = PRESENTATION_STYLE_ASSIGNMENT((#9028));
#9028 = SURFACE_STYLE_USAGE(.BOTH.,#9029);
#9029 = SURFACE_SIDE_STYLE('',(#9030));
#9030 = SURFACE_STYLE_FILL_AREA(#9031);
#9031 = FILL_AREA_STYLE('',(#9032));
#9032 = FILL_AREA_STYLE_COLOUR('',#8612);
#9033 = STYLED_ITEM('color',(#9034),#4751);
#9034 = PRESENTATION_STYLE_ASSIGNMENT((#9035));
#9035 = SURFACE_STYLE_USAGE(.BOTH.,#9036);
#9036 = SURFACE_SIDE_STYLE('',(#9037));
#9037 = SURFACE_STYLE_FILL_AREA(#9038);
#9038 = FILL_AREA_STYLE('',(#9039));
#9039 = FILL_AREA_STYLE_COLOUR('',#8612);
#9040 = STYLED_ITEM('color',(#9041),#4775);
#9041 = PRESENTATION_STYLE_ASSIGNMENT((#9042));
#9042 = SURFACE_STYLE_USAGE(.BOTH.,#9043);
#9043 = SURFACE_SIDE_STYLE('',(#9044));
#9044 = SURFACE_STYLE_FILL_AREA(#9045);
#9045 = FILL_AREA_STYLE('',(#9046));
#9046 = FILL_AREA_STYLE_COLOUR('',#8612);
#9047 = STYLED_ITEM('color',(#9048),#4799);
#9048 = PRESENTATION_STYLE_ASSIGNMENT((#9049));
#9049 = SURFACE_STYLE_USAGE(.BOTH.,#9050);
#9050 = SURFACE_SIDE_STYLE('',(#9051));
#9051 = SURFACE_STYLE_FILL_AREA(#9052);
#9052 = FILL_AREA_STYLE('',(#9053));
#9053 = FILL_AREA_STYLE_COLOUR('',#8612);
#9054 = STYLED_ITEM('color',(#9055),#4816);
#9055 = PRESENTATION_STYLE_ASSIGNMENT((#9056));
#9056 = SURFACE_STYLE_USAGE(.BOTH.,#9057);
#9057 = SURFACE_SIDE_STYLE('',(#9058));
#9058 = SURFACE_STYLE_FILL_AREA(#9059);
#9059 = FILL_AREA_STYLE('',(#9060));
#9060 = FILL_AREA_STYLE_COLOUR('',#8612);
#9061 = STYLED_ITEM('color',(#9062),#4847);
#9062 = PRESENTATION_STYLE_ASSIGNMENT((#9063));
#9063 = SURFACE_STYLE_USAGE(.BOTH.,#9064);
#9064 = SURFACE_SIDE_STYLE('',(#9065));
#9065 = SURFACE_STYLE_FILL_AREA(#9066);
#9066 = FILL_AREA_STYLE('',(#9067));
#9067 = FILL_AREA_STYLE_COLOUR('',#8612);
#9068 = STYLED_ITEM('color',(#9069),#4871);
#9069 = PRESENTATION_STYLE_ASSIGNMENT((#9070));
#9070 = SURFACE_STYLE_USAGE(.BOTH.,#9071);
#9071 = SURFACE_SIDE_STYLE('',(#9072));
#9072 = SURFACE_STYLE_FILL_AREA(#9073);
#9073 = FILL_AREA_STYLE('',(#9074));
#9074 = FILL_AREA_STYLE_COLOUR('',#8612);
#9075 = STYLED_ITEM('color',(#9076),#4895);
#9076 = PRESENTATION_STYLE_ASSIGNMENT((#9077));
#9077 = SURFACE_STYLE_USAGE(.BOTH.,#9078);
#9078 = SURFACE_SIDE_STYLE('',(#9079));
#9079 = SURFACE_STYLE_FILL_AREA(#9080);
#9080 = FILL_AREA_STYLE('',(#9081));
#9081 = FILL_AREA_STYLE_COLOUR('',#8612);
#9082 = STYLED_ITEM('color',(#9083),#4912);
#9083 = PRESENTATION_STYLE_ASSIGNMENT((#9084));
#9084 = SURFACE_STYLE_USAGE(.BOTH.,#9085);
#9085 = SURFACE_SIDE_STYLE('',(#9086));
#9086 = SURFACE_STYLE_FILL_AREA(#9087);
#9087 = FILL_AREA_STYLE('',(#9088));
#9088 = FILL_AREA_STYLE_COLOUR('',#8612);
#9089 = STYLED_ITEM('color',(#9090),#4943);
#9090 = PRESENTATION_STYLE_ASSIGNMENT((#9091));
#9091 = SURFACE_STYLE_USAGE(.BOTH.,#9092);
#9092 = SURFACE_SIDE_STYLE('',(#9093));
#9093 = SURFACE_STYLE_FILL_AREA(#9094);
#9094 = FILL_AREA_STYLE('',(#9095));
#9095 = FILL_AREA_STYLE_COLOUR('',#8612);
#9096 = STYLED_ITEM('color',(#9097),#4967);
#9097 = PRESENTATION_STYLE_ASSIGNMENT((#9098));
#9098 = SURFACE_STYLE_USAGE(.BOTH.,#9099);
#9099 = SURFACE_SIDE_STYLE('',(#9100));
#9100 = SURFACE_STYLE_FILL_AREA(#9101);
#9101 = FILL_AREA_STYLE('',(#9102));
#9102 = FILL_AREA_STYLE_COLOUR('',#8612);
#9103 = STYLED_ITEM('color',(#9104),#4991);
#9104 = PRESENTATION_STYLE_ASSIGNMENT((#9105));
#9105 = SURFACE_STYLE_USAGE(.BOTH.,#9106);
#9106 = SURFACE_SIDE_STYLE('',(#9107));
#9107 = SURFACE_STYLE_FILL_AREA(#9108);
#9108 = FILL_AREA_STYLE('',(#9109));
#9109 = FILL_AREA_STYLE_COLOUR('',#8612);
#9110 = STYLED_ITEM('color',(#9111),#5008);
#9111 = PRESENTATION_STYLE_ASSIGNMENT((#9112));
#9112 = SURFACE_STYLE_USAGE(.BOTH.,#9113);
#9113 = SURFACE_SIDE_STYLE('',(#9114));
#9114 = SURFACE_STYLE_FILL_AREA(#9115);
#9115 = FILL_AREA_STYLE('',(#9116));
#9116 = FILL_AREA_STYLE_COLOUR('',#8612);
#9117 = STYLED_ITEM('color',(#9118),#5039);
#9118 = PRESENTATION_STYLE_ASSIGNMENT((#9119));
#9119 = SURFACE_STYLE_USAGE(.BOTH.,#9120);
#9120 = SURFACE_SIDE_STYLE('',(#9121));
#9121 = SURFACE_STYLE_FILL_AREA(#9122);
#9122 = FILL_AREA_STYLE('',(#9123));
#9123 = FILL_AREA_STYLE_COLOUR('',#8612);
#9124 = STYLED_ITEM('color',(#9125),#5063);
#9125 = PRESENTATION_STYLE_ASSIGNMENT((#9126));
#9126 = SURFACE_STYLE_USAGE(.BOTH.,#9127);
#9127 = SURFACE_SIDE_STYLE('',(#9128));
#9128 = SURFACE_STYLE_FILL_AREA(#9129);
#9129 = FILL_AREA_STYLE('',(#9130));
#9130 = FILL_AREA_STYLE_COLOUR('',#8612);
#9131 = STYLED_ITEM('color',(#9132),#5087);
#9132 = PRESENTATION_STYLE_ASSIGNMENT((#9133));
#9133 = SURFACE_STYLE_USAGE(.BOTH.,#9134);
#9134 = SURFACE_SIDE_STYLE('',(#9135));
#9135 = SURFACE_STYLE_FILL_AREA(#9136);
#9136 = FILL_AREA_STYLE('',(#9137));
#9137 = FILL_AREA_STYLE_COLOUR('',#8612);
#9138 = STYLED_ITEM('color',(#9139),#5104);
#9139 = PRESENTATION_STYLE_ASSIGNMENT((#9140));
#9140 = SURFACE_STYLE_USAGE(.BOTH.,#9141);
#9141 = SURFACE_SIDE_STYLE('',(#9142));
#9142 = SURFACE_STYLE_FILL_AREA(#9143);
#9143 = FILL_AREA_STYLE('',(#9144));
#9144 = FILL_AREA_STYLE_COLOUR('',#8612);
#9145 = STYLED_ITEM('color',(#9146),#5135);
#9146 = PRESENTATION_STYLE_ASSIGNMENT((#9147));
#9147 = SURFACE_STYLE_USAGE(.BOTH.,#9148);
#9148 = SURFACE_SIDE_STYLE('',(#9149));
#9149 = SURFACE_STYLE_FILL_AREA(#9150);
#9150 = FILL_AREA_STYLE('',(#9151));
#9151 = FILL_AREA_STYLE_COLOUR('',#8612);
#9152 = STYLED_ITEM('color',(#9153),#5159);
#9153 = PRESENTATION_STYLE_ASSIGNMENT((#9154));
#9154 = SURFACE_STYLE_USAGE(.BOTH.,#9155);
#9155 = SURFACE_SIDE_STYLE('',(#9156));
#9156 = SURFACE_STYLE_FILL_AREA(#9157);
#9157 = FILL_AREA_STYLE('',(#9158));
#9158 = FILL_AREA_STYLE_COLOUR('',#8612);
#9159 = STYLED_ITEM('color',(#9160),#5183);
#9160 = PRESENTATION_STYLE_ASSIGNMENT((#9161));
#9161 = SURFACE_STYLE_USAGE(.BOTH.,#9162);
#9162 = SURFACE_SIDE_STYLE('',(#9163));
#9163 = SURFACE_STYLE_FILL_AREA(#9164);
#9164 = FILL_AREA_STYLE('',(#9165));
#9165 = FILL_AREA_STYLE_COLOUR('',#8612);
#9166 = STYLED_ITEM('color',(#9167),#5200);
#9167 = PRESENTATION_STYLE_ASSIGNMENT((#9168));
#9168 = SURFACE_STYLE_USAGE(.BOTH.,#9169);
#9169 = SURFACE_SIDE_STYLE('',(#9170));
#9170 = SURFACE_STYLE_FILL_AREA(#9171);
#9171 = FILL_AREA_STYLE('',(#9172));
#9172 = FILL_AREA_STYLE_COLOUR('',#8612);
#9173 = STYLED_ITEM('color',(#9174),#5231);
#9174 = PRESENTATION_STYLE_ASSIGNMENT((#9175));
#9175 = SURFACE_STYLE_USAGE(.BOTH.,#9176);
#9176 = SURFACE_SIDE_STYLE('',(#9177));
#9177 = SURFACE_STYLE_FILL_AREA(#9178);
#9178 = FILL_AREA_STYLE('',(#9179));
#9179 = FILL_AREA_STYLE_COLOUR('',#8612);
#9180 = STYLED_ITEM('color',(#9181),#5255);
#9181 = PRESENTATION_STYLE_ASSIGNMENT((#9182));
#9182 = SURFACE_STYLE_USAGE(.BOTH.,#9183);
#9183 = SURFACE_SIDE_STYLE('',(#9184));
#9184 = SURFACE_STYLE_FILL_AREA(#9185);
#9185 = FILL_AREA_STYLE('',(#9186));
#9186 = FILL_AREA_STYLE_COLOUR('',#8612);
#9187 = STYLED_ITEM('color',(#9188),#5279);
#9188 = PRESENTATION_STYLE_ASSIGNMENT((#9189));
#9189 = SURFACE_STYLE_USAGE(.BOTH.,#9190);
#9190 = SURFACE_SIDE_STYLE('',(#9191));
#9191 = SURFACE_STYLE_FILL_AREA(#9192);
#9192 = FILL_AREA_STYLE('',(#9193));
#9193 = FILL_AREA_STYLE_COLOUR('',#8612);
#9194 = STYLED_ITEM('color',(#9195),#5296);
#9195 = PRESENTATION_STYLE_ASSIGNMENT((#9196));
#9196 = SURFACE_STYLE_USAGE(.BOTH.,#9197);
#9197 = SURFACE_SIDE_STYLE('',(#9198));
#9198 = SURFACE_STYLE_FILL_AREA(#9199);
#9199 = FILL_AREA_STYLE('',(#9200));
#9200 = FILL_AREA_STYLE_COLOUR('',#8612);
#9201 = STYLED_ITEM('color',(#9202),#5327);
#9202 = PRESENTATION_STYLE_ASSIGNMENT((#9203));
#9203 = SURFACE_STYLE_USAGE(.BOTH.,#9204);
#9204 = SURFACE_SIDE_STYLE('',(#9205));
#9205 = SURFACE_STYLE_FILL_AREA(#9206);
#9206 = FILL_AREA_STYLE('',(#9207));
#9207 = FILL_AREA_STYLE_COLOUR('',#8612);
#9208 = STYLED_ITEM('color',(#9209),#5351);
#9209 = PRESENTATION_STYLE_ASSIGNMENT((#9210));
#9210 = SURFACE_STYLE_USAGE(.BOTH.,#9211);
#9211 = SURFACE_SIDE_STYLE('',(#9212));
#9212 = SURFACE_STYLE_FILL_AREA(#9213);
#9213 = FILL_AREA_STYLE('',(#9214));
#9214 = FILL_AREA_STYLE_COLOUR('',#8612);
#9215 = STYLED_ITEM('color',(#9216),#5375);
#9216 = PRESENTATION_STYLE_ASSIGNMENT((#9217));
#9217 = SURFACE_STYLE_USAGE(.BOTH.,#9218);
#9218 = SURFACE_SIDE_STYLE('',(#9219));
#9219 = SURFACE_STYLE_FILL_AREA(#9220);
#9220 = FILL_AREA_STYLE('',(#9221));
#9221 = FILL_AREA_STYLE_COLOUR('',#8612);
#9222 = STYLED_ITEM('color',(#9223),#5392);
#9223 = PRESENTATION_STYLE_ASSIGNMENT((#9224));
#9224 = SURFACE_STYLE_USAGE(.BOTH.,#9225);
#9225 = SURFACE_SIDE_STYLE('',(#9226));
#9226 = SURFACE_STYLE_FILL_AREA(#9227);
#9227 = FILL_AREA_STYLE('',(#9228));
#9228 = FILL_AREA_STYLE_COLOUR('',#8612);
#9229 = STYLED_ITEM('color',(#9230),#5423);
#9230 = PRESENTATION_STYLE_ASSIGNMENT((#9231));
#9231 = SURFACE_STYLE_USAGE(.BOTH.,#9232);
#9232 = SURFACE_SIDE_STYLE('',(#9233));
#9233 = SURFACE_STYLE_FILL_AREA(#9234);
#9234 = FILL_AREA_STYLE('',(#9235));
#9235 = FILL_AREA_STYLE_COLOUR('',#8612);
#9236 = STYLED_ITEM('color',(#9237),#5447);
#9237 = PRESENTATION_STYLE_ASSIGNMENT((#9238));
#9238 = SURFACE_STYLE_USAGE(.BOTH.,#9239);
#9239 = SURFACE_SIDE_STYLE('',(#9240));
#9240 = SURFACE_STYLE_FILL_AREA(#9241);
#9241 = FILL_AREA_STYLE('',(#9242));
#9242 = FILL_AREA_STYLE_COLOUR('',#8612);
#9243 = STYLED_ITEM('color',(#9244),#5471);
#9244 = PRESENTATION_STYLE_ASSIGNMENT((#9245));
#9245 = SURFACE_STYLE_USAGE(.BOTH.,#9246);
#9246 = SURFACE_SIDE_STYLE('',(#9247));
#9247 = SURFACE_STYLE_FILL_AREA(#9248);
#9248 = FILL_AREA_STYLE('',(#9249));
#9249 = FILL_AREA_STYLE_COLOUR('',#8612);
#9250 = STYLED_ITEM('color',(#9251),#5488);
#9251 = PRESENTATION_STYLE_ASSIGNMENT((#9252));
#9252 = SURFACE_STYLE_USAGE(.BOTH.,#9253);
#9253 = SURFACE_SIDE_STYLE('',(#9254));
#9254 = SURFACE_STYLE_FILL_AREA(#9255);
#9255 = FILL_AREA_STYLE('',(#9256));
#9256 = FILL_AREA_STYLE_COLOUR('',#8612);
#9257 = STYLED_ITEM('color',(#9258),#5519);
#9258 = PRESENTATION_STYLE_ASSIGNMENT((#9259));
#9259 = SURFACE_STYLE_USAGE(.BOTH.,#9260);
#9260 = SURFACE_SIDE_STYLE('',(#9261));
#9261 = SURFACE_STYLE_FILL_AREA(#9262);
#9262 = FILL_AREA_STYLE('',(#9263));
#9263 = FILL_AREA_STYLE_COLOUR('',#8612);
#9264 = STYLED_ITEM('color',(#9265),#5543);
#9265 = PRESENTATION_STYLE_ASSIGNMENT((#9266));
#9266 = SURFACE_STYLE_USAGE(.BOTH.,#9267);
#9267 = SURFACE_SIDE_STYLE('',(#9268));
#9268 = SURFACE_STYLE_FILL_AREA(#9269);
#9269 = FILL_AREA_STYLE('',(#9270));
#9270 = FILL_AREA_STYLE_COLOUR('',#8612);
#9271 = STYLED_ITEM('color',(#9272),#5567);
#9272 = PRESENTATION_STYLE_ASSIGNMENT((#9273));
#9273 = SURFACE_STYLE_USAGE(.BOTH.,#9274);
#9274 = SURFACE_SIDE_STYLE('',(#9275));
#9275 = SURFACE_STYLE_FILL_AREA(#9276);
#9276 = FILL_AREA_STYLE('',(#9277));
#9277 = FILL_AREA_STYLE_COLOUR('',#8612);
#9278 = STYLED_ITEM('color',(#9279),#5584);
#9279 = PRESENTATION_STYLE_ASSIGNMENT((#9280));
#9280 = SURFACE_STYLE_USAGE(.BOTH.,#9281);
#9281 = SURFACE_SIDE_STYLE('',(#9282));
#9282 = SURFACE_STYLE_FILL_AREA(#9283);
#9283 = FILL_AREA_STYLE('',(#9284));
#9284 = FILL_AREA_STYLE_COLOUR('',#8612);
#9285 = STYLED_ITEM('color',(#9286),#5615);
#9286 = PRESENTATION_STYLE_ASSIGNMENT((#9287));
#9287 = SURFACE_STYLE_USAGE(.BOTH.,#9288);
#9288 = SURFACE_SIDE_STYLE('',(#9289));
#9289 = SURFACE_STYLE_FILL_AREA(#9290);
#9290 = FILL_AREA_STYLE('',(#9291));
#9291 = FILL_AREA_STYLE_COLOUR('',#8612);
#9292 = STYLED_ITEM('color',(#9293),#5639);
#9293 = PRESENTATION_STYLE_ASSIGNMENT((#9294));
#9294 = SURFACE_STYLE_USAGE(.BOTH.,#9295);
#9295 = SURFACE_SIDE_STYLE('',(#9296));
#9296 = SURFACE_STYLE_FILL_AREA(#9297);
#9297 = FILL_AREA_STYLE('',(#9298));
#9298 = FILL_AREA_STYLE_COLOUR('',#8612);
#9299 = STYLED_ITEM('color',(#9300),#5663);
#9300 = PRESENTATION_STYLE_ASSIGNMENT((#9301));
#9301 = SURFACE_STYLE_USAGE(.BOTH.,#9302);
#9302 = SURFACE_SIDE_STYLE('',(#9303));
#9303 = SURFACE_STYLE_FILL_AREA(#9304);
#9304 = FILL_AREA_STYLE('',(#9305));
#9305 = FILL_AREA_STYLE_COLOUR('',#8612);
#9306 = STYLED_ITEM('color',(#9307),#5680);
#9307 = PRESENTATION_STYLE_ASSIGNMENT((#9308));
#9308 = SURFACE_STYLE_USAGE(.BOTH.,#9309);
#9309 = SURFACE_SIDE_STYLE('',(#9310));
#9310 = SURFACE_STYLE_FILL_AREA(#9311);
#9311 = FILL_AREA_STYLE('',(#9312));
#9312 = FILL_AREA_STYLE_COLOUR('',#8612);
#9313 = STYLED_ITEM('color',(#9314),#5711);
#9314 = PRESENTATION_STYLE_ASSIGNMENT((#9315));
#9315 = SURFACE_STYLE_USAGE(.BOTH.,#9316);
#9316 = SURFACE_SIDE_STYLE('',(#9317));
#9317 = SURFACE_STYLE_FILL_AREA(#9318);
#9318 = FILL_AREA_STYLE('',(#9319));
#9319 = FILL_AREA_STYLE_COLOUR('',#8612);
#9320 = STYLED_ITEM('color',(#9321),#5735);
#9321 = PRESENTATION_STYLE_ASSIGNMENT((#9322));
#9322 = SURFACE_STYLE_USAGE(.BOTH.,#9323);
#9323 = SURFACE_SIDE_STYLE('',(#9324));
#9324 = SURFACE_STYLE_FILL_AREA(#9325);
#9325 = FILL_AREA_STYLE('',(#9326));
#9326 = FILL_AREA_STYLE_COLOUR('',#8612);
#9327 = STYLED_ITEM('color',(#9328),#5759);
#9328 = PRESENTATION_STYLE_ASSIGNMENT((#9329));
#9329 = SURFACE_STYLE_USAGE(.BOTH.,#9330);
#9330 = SURFACE_SIDE_STYLE('',(#9331));
#9331 = SURFACE_STYLE_FILL_AREA(#9332);
#9332 = FILL_AREA_STYLE('',(#9333));
#9333 = FILL_AREA_STYLE_COLOUR('',#8612);
#9334 = STYLED_ITEM('color',(#9335),#5776);
#9335 = PRESENTATION_STYLE_ASSIGNMENT((#9336));
#9336 = SURFACE_STYLE_USAGE(.BOTH.,#9337);
#9337 = SURFACE_SIDE_STYLE('',(#9338));
#9338 = SURFACE_STYLE_FILL_AREA(#9339);
#9339 = FILL_AREA_STYLE('',(#9340));
#9340 = FILL_AREA_STYLE_COLOUR('',#8612);
#9341 = STYLED_ITEM('color',(#9342),#5807);
#9342 = PRESENTATION_STYLE_ASSIGNMENT((#9343));
#9343 = SURFACE_STYLE_USAGE(.BOTH.,#9344);
#9344 = SURFACE_SIDE_STYLE('',(#9345));
#9345 = SURFACE_STYLE_FILL_AREA(#9346);
#9346 = FILL_AREA_STYLE('',(#9347));
#9347 = FILL_AREA_STYLE_COLOUR('',#8612);
#9348 = STYLED_ITEM('color',(#9349),#5831);
#9349 = PRESENTATION_STYLE_ASSIGNMENT((#9350));
#9350 = SURFACE_STYLE_USAGE(.BOTH.,#9351);
#9351 = SURFACE_SIDE_STYLE('',(#9352));
#9352 = SURFACE_STYLE_FILL_AREA(#9353);
#9353 = FILL_AREA_STYLE('',(#9354));
#9354 = FILL_AREA_STYLE_COLOUR('',#8612);
#9355 = STYLED_ITEM('color',(#9356),#5855);
#9356 = PRESENTATION_STYLE_ASSIGNMENT((#9357));
#9357 = SURFACE_STYLE_USAGE(.BOTH.,#9358);
#9358 = SURFACE_SIDE_STYLE('',(#9359));
#9359 = SURFACE_STYLE_FILL_AREA(#9360);
#9360 = FILL_AREA_STYLE('',(#9361));
#9361 = FILL_AREA_STYLE_COLOUR('',#8612);
#9362 = STYLED_ITEM('color',(#9363),#5872);
#9363 = PRESENTATION_STYLE_ASSIGNMENT((#9364));
#9364 = SURFACE_STYLE_USAGE(.BOTH.,#9365);
#9365 = SURFACE_SIDE_STYLE('',(#9366));
#9366 = SURFACE_STYLE_FILL_AREA(#9367);
#9367 = FILL_AREA_STYLE('',(#9368));
#9368 = FILL_AREA_STYLE_COLOUR('',#8612);
#9369 = STYLED_ITEM('color',(#9370),#5903);
#9370 = PRESENTATION_STYLE_ASSIGNMENT((#9371));
#9371 = SURFACE_STYLE_USAGE(.BOTH.,#9372);
#9372 = SURFACE_SIDE_STYLE('',(#9373));
#9373 = SURFACE_STYLE_FILL_AREA(#9374);
#9374 = FILL_AREA_STYLE('',(#9375));
#9375 = FILL_AREA_STYLE_COLOUR('',#8612);
#9376 = STYLED_ITEM('color',(#9377),#5927);
#9377 = PRESENTATION_STYLE_ASSIGNMENT((#9378));
#9378 = SURFACE_STYLE_USAGE(.BOTH.,#9379);
#9379 = SURFACE_SIDE_STYLE('',(#9380));
#9380 = SURFACE_STYLE_FILL_AREA(#9381);
#9381 = FILL_AREA_STYLE('',(#9382));
#9382 = FILL_AREA_STYLE_COLOUR('',#8612);
#9383 = STYLED_ITEM('color',(#9384),#5951);
#9384 = PRESENTATION_STYLE_ASSIGNMENT((#9385));
#9385 = SURFACE_STYLE_USAGE(.BOTH.,#9386);
#9386 = SURFACE_SIDE_STYLE('',(#9387));
#9387 = SURFACE_STYLE_FILL_AREA(#9388);
#9388 = FILL_AREA_STYLE('',(#9389));
#9389 = FILL_AREA_STYLE_COLOUR('',#8612);
#9390 = STYLED_ITEM('color',(#9391),#5968);
#9391 = PRESENTATION_STYLE_ASSIGNMENT((#9392));
#9392 = SURFACE_STYLE_USAGE(.BOTH.,#9393);
#9393 = SURFACE_SIDE_STYLE('',(#9394));
#9394 = SURFACE_STYLE_FILL_AREA(#9395);
#9395 = FILL_AREA_STYLE('',(#9396));
#9396 = FILL_AREA_STYLE_COLOUR('',#8612);
#9397 = STYLED_ITEM('color',(#9398),#5999);
#9398 = PRESENTATION_STYLE_ASSIGNMENT((#9399));
#9399 = SURFACE_STYLE_USAGE(.BOTH.,#9400);
#9400 = SURFACE_SIDE_STYLE('',(#9401));
#9401 = SURFACE_STYLE_FILL_AREA(#9402);
#9402 = FILL_AREA_STYLE('',(#9403));
#9403 = FILL_AREA_STYLE_COLOUR('',#8612);
#9404 = STYLED_ITEM('color',(#9405),#6023);
#9405 = PRESENTATION_STYLE_ASSIGNMENT((#9406));
#9406 = SURFACE_STYLE_USAGE(.BOTH.,#9407);
#9407 = SURFACE_SIDE_STYLE('',(#9408));
#9408 = SURFACE_STYLE_FILL_AREA(#9409);
#9409 = FILL_AREA_STYLE('',(#9410));
#9410 = FILL_AREA_STYLE_COLOUR('',#8612);
#9411 = STYLED_ITEM('color',(#9412),#6047);
#9412 = PRESENTATION_STYLE_ASSIGNMENT((#9413));
#9413 = SURFACE_STYLE_USAGE(.BOTH.,#9414);
#9414 = SURFACE_SIDE_STYLE('',(#9415));
#9415 = SURFACE_STYLE_FILL_AREA(#9416);
#9416 = FILL_AREA_STYLE('',(#9417));
#9417 = FILL_AREA_STYLE_COLOUR('',#8612);
#9418 = STYLED_ITEM('color',(#9419),#6064);
#9419 = PRESENTATION_STYLE_ASSIGNMENT((#9420));
#9420 = SURFACE_STYLE_USAGE(.BOTH.,#9421);
#9421 = SURFACE_SIDE_STYLE('',(#9422));
#9422 = SURFACE_STYLE_FILL_AREA(#9423);
#9423 = FILL_AREA_STYLE('',(#9424));
#9424 = FILL_AREA_STYLE_COLOUR('',#8612);
#9425 = STYLED_ITEM('color',(#9426),#6095);
#9426 = PRESENTATION_STYLE_ASSIGNMENT((#9427));
#9427 = SURFACE_STYLE_USAGE(.BOTH.,#9428);
#9428 = SURFACE_SIDE_STYLE('',(#9429));
#9429 = SURFACE_STYLE_FILL_AREA(#9430);
#9430 = FILL_AREA_STYLE('',(#9431));
#9431 = FILL_AREA_STYLE_COLOUR('',#8612);
#9432 = STYLED_ITEM('color',(#9433),#6119);
#9433 = PRESENTATION_STYLE_ASSIGNMENT((#9434));
#9434 = SURFACE_STYLE_USAGE(.BOTH.,#9435);
#9435 = SURFACE_SIDE_STYLE('',(#9436));
#9436 = SURFACE_STYLE_FILL_AREA(#9437);
#9437 = FILL_AREA_STYLE('',(#9438));
#9438 = FILL_AREA_STYLE_COLOUR('',#8612);
#9439 = STYLED_ITEM('color',(#9440),#6143);
#9440 = PRESENTATION_STYLE_ASSIGNMENT((#9441));
#9441 = SURFACE_STYLE_USAGE(.BOTH.,#9442);
#9442 = SURFACE_SIDE_STYLE('',(#9443));
#9443 = SURFACE_STYLE_FILL_AREA(#9444);
#9444 = FILL_AREA_STYLE('',(#9445));
#9445 = FILL_AREA_STYLE_COLOUR('',#8612);
#9446 = STYLED_ITEM('color',(#9447),#6160);
#9447 = PRESENTATION_STYLE_ASSIGNMENT((#9448));
#9448 = SURFACE_STYLE_USAGE(.BOTH.,#9449);
#9449 = SURFACE_SIDE_STYLE('',(#9450));
#9450 = SURFACE_STYLE_FILL_AREA(#9451);
#9451 = FILL_AREA_STYLE('',(#9452));
#9452 = FILL_AREA_STYLE_COLOUR('',#8612);
#9453 = STYLED_ITEM('color',(#9454),#6191);
#9454 = PRESENTATION_STYLE_ASSIGNMENT((#9455));
#9455 = SURFACE_STYLE_USAGE(.BOTH.,#9456);
#9456 = SURFACE_SIDE_STYLE('',(#9457));
#9457 = SURFACE_STYLE_FILL_AREA(#9458);
#9458 = FILL_AREA_STYLE('',(#9459));
#9459 = FILL_AREA_STYLE_COLOUR('',#8612);
#9460 = STYLED_ITEM('color',(#9461),#6215);
#9461 = PRESENTATION_STYLE_ASSIGNMENT((#9462));
#9462 = SURFACE_STYLE_USAGE(.BOTH.,#9463);
#9463 = SURFACE_SIDE_STYLE('',(#9464));
#9464 = SURFACE_STYLE_FILL_AREA(#9465);
#9465 = FILL_AREA_STYLE('',(#9466));
#9466 = FILL_AREA_STYLE_COLOUR('',#8612);
#9467 = STYLED_ITEM('color',(#9468),#6239);
#9468 = PRESENTATION_STYLE_ASSIGNMENT((#9469));
#9469 = SURFACE_STYLE_USAGE(.BOTH.,#9470);
#9470 = SURFACE_SIDE_STYLE('',(#9471));
#9471 = SURFACE_STYLE_FILL_AREA(#9472);
#9472 = FILL_AREA_STYLE('',(#9473));
#9473 = FILL_AREA_STYLE_COLOUR('',#8612);
#9474 = STYLED_ITEM('color',(#9475),#6256);
#9475 = PRESENTATION_STYLE_ASSIGNMENT((#9476));
#9476 = SURFACE_STYLE_USAGE(.BOTH.,#9477);
#9477 = SURFACE_SIDE_STYLE('',(#9478));
#9478 = SURFACE_STYLE_FILL_AREA(#9479);
#9479 = FILL_AREA_STYLE('',(#9480));
#9480 = FILL_AREA_STYLE_COLOUR('',#8612);
#9481 = STYLED_ITEM('color',(#9482),#6287);
#9482 = PRESENTATION_STYLE_ASSIGNMENT((#9483));
#9483 = SURFACE_STYLE_USAGE(.BOTH.,#9484);
#9484 = SURFACE_SIDE_STYLE('',(#9485));
#9485 = SURFACE_STYLE_FILL_AREA(#9486);
#9486 = FILL_AREA_STYLE('',(#9487));
#9487 = FILL_AREA_STYLE_COLOUR('',#8612);
#9488 = STYLED_ITEM('color',(#9489),#6311);
#9489 = PRESENTATION_STYLE_ASSIGNMENT((#9490));
#9490 = SURFACE_STYLE_USAGE(.BOTH.,#9491);
#9491 = SURFACE_SIDE_STYLE('',(#9492));
#9492 = SURFACE_STYLE_FILL_AREA(#9493);
#9493 = FILL_AREA_STYLE('',(#9494));
#9494 = FILL_AREA_STYLE_COLOUR('',#8612);
#9495 = STYLED_ITEM('color',(#9496),#6335);
#9496 = PRESENTATION_STYLE_ASSIGNMENT((#9497));
#9497 = SURFACE_STYLE_USAGE(.BOTH.,#9498);
#9498 = SURFACE_SIDE_STYLE('',(#9499));
#9499 = SURFACE_STYLE_FILL_AREA(#9500);
#9500 = FILL_AREA_STYLE('',(#9501));
#9501 = FILL_AREA_STYLE_COLOUR('',#8612);
#9502 = STYLED_ITEM('color',(#9503),#6352);
#9503 = PRESENTATION_STYLE_ASSIGNMENT((#9504));
#9504 = SURFACE_STYLE_USAGE(.BOTH.,#9505);
#9505 = SURFACE_SIDE_STYLE('',(#9506));
#9506 = SURFACE_STYLE_FILL_AREA(#9507);
#9507 = FILL_AREA_STYLE('',(#9508));
#9508 = FILL_AREA_STYLE_COLOUR('',#8612);
#9509 = STYLED_ITEM('color',(#9510),#6364);
#9510 = PRESENTATION_STYLE_ASSIGNMENT((#9511));
#9511 = SURFACE_STYLE_USAGE(.BOTH.,#9512);
#9512 = SURFACE_SIDE_STYLE('',(#9513));
#9513 = SURFACE_STYLE_FILL_AREA(#9514);
#9514 = FILL_AREA_STYLE('',(#9515));
#9515 = FILL_AREA_STYLE_COLOUR('',#8612);
#9516 = STYLED_ITEM('color',(#9517),#6376);
#9517 = PRESENTATION_STYLE_ASSIGNMENT((#9518));
#9518 = SURFACE_STYLE_USAGE(.BOTH.,#9519);
#9519 = SURFACE_SIDE_STYLE('',(#9520));
#9520 = SURFACE_STYLE_FILL_AREA(#9521);
#9521 = FILL_AREA_STYLE('',(#9522));
#9522 = FILL_AREA_STYLE_COLOUR('',#8612);
#9523 = STYLED_ITEM('color',(#9524),#6388);
#9524 = PRESENTATION_STYLE_ASSIGNMENT((#9525));
#9525 = SURFACE_STYLE_USAGE(.BOTH.,#9526);
#9526 = SURFACE_SIDE_STYLE('',(#9527));
#9527 = SURFACE_STYLE_FILL_AREA(#9528);
#9528 = FILL_AREA_STYLE('',(#9529));
#9529 = FILL_AREA_STYLE_COLOUR('',#8612);
#9530 = STYLED_ITEM('color',(#9531),#6400);
#9531 = PRESENTATION_STYLE_ASSIGNMENT((#9532));
#9532 = SURFACE_STYLE_USAGE(.BOTH.,#9533);
#9533 = SURFACE_SIDE_STYLE('',(#9534));
#9534 = SURFACE_STYLE_FILL_AREA(#9535);
#9535 = FILL_AREA_STYLE('',(#9536));
#9536 = FILL_AREA_STYLE_COLOUR('',#8612);
#9537 = STYLED_ITEM('color',(#9538),#6412);
#9538 = PRESENTATION_STYLE_ASSIGNMENT((#9539));
#9539 = SURFACE_STYLE_USAGE(.BOTH.,#9540);
#9540 = SURFACE_SIDE_STYLE('',(#9541));
#9541 = SURFACE_STYLE_FILL_AREA(#9542);
#9542 = FILL_AREA_STYLE('',(#9543));
#9543 = FILL_AREA_STYLE_COLOUR('',#8612);
#9544 = STYLED_ITEM('color',(#9545),#6424);
#9545 = PRESENTATION_STYLE_ASSIGNMENT((#9546));
#9546 = SURFACE_STYLE_USAGE(.BOTH.,#9547);
#9547 = SURFACE_SIDE_STYLE('',(#9548));
#9548 = SURFACE_STYLE_FILL_AREA(#9549);
#9549 = FILL_AREA_STYLE('',(#9550));
#9550 = FILL_AREA_STYLE_COLOUR('',#8612);
#9551 = STYLED_ITEM('color',(#9552),#6436);
#9552 = PRESENTATION_STYLE_ASSIGNMENT((#9553));
#9553 = SURFACE_STYLE_USAGE(.BOTH.,#9554);
#9554 = SURFACE_SIDE_STYLE('',(#9555));
#9555 = SURFACE_STYLE_FILL_AREA(#9556);
#9556 = FILL_AREA_STYLE('',(#9557));
#9557 = FILL_AREA_STYLE_COLOUR('',#8612);
#9558 = STYLED_ITEM('color',(#9559),#6448);
#9559 = PRESENTATION_STYLE_ASSIGNMENT((#9560));
#9560 = SURFACE_STYLE_USAGE(.BOTH.,#9561);
#9561 = SURFACE_SIDE_STYLE('',(#9562));
#9562 = SURFACE_STYLE_FILL_AREA(#9563);
#9563 = FILL_AREA_STYLE('',(#9564));
#9564 = FILL_AREA_STYLE_COLOUR('',#8612);
#9565 = STYLED_ITEM('color',(#9566),#6460);
#9566 = PRESENTATION_STYLE_ASSIGNMENT((#9567));
#9567 = SURFACE_STYLE_USAGE(.BOTH.,#9568);
#9568 = SURFACE_SIDE_STYLE('',(#9569));
#9569 = SURFACE_STYLE_FILL_AREA(#9570);
#9570 = FILL_AREA_STYLE('',(#9571));
#9571 = FILL_AREA_STYLE_COLOUR('',#8612);
#9572 = STYLED_ITEM('color',(#9573),#6472);
#9573 = PRESENTATION_STYLE_ASSIGNMENT((#9574));
#9574 = SURFACE_STYLE_USAGE(.BOTH.,#9575);
#9575 = SURFACE_SIDE_STYLE('',(#9576));
#9576 = SURFACE_STYLE_FILL_AREA(#9577);
#9577 = FILL_AREA_STYLE('',(#9578));
#9578 = FILL_AREA_STYLE_COLOUR('',#8612);
#9579 = STYLED_ITEM('color',(#9580),#6484);
#9580 = PRESENTATION_STYLE_ASSIGNMENT((#9581));
#9581 = SURFACE_STYLE_USAGE(.BOTH.,#9582);
#9582 = SURFACE_SIDE_STYLE('',(#9583));
#9583 = SURFACE_STYLE_FILL_AREA(#9584);
#9584 = FILL_AREA_STYLE('',(#9585));
#9585 = FILL_AREA_STYLE_COLOUR('',#8612);
#9586 = STYLED_ITEM('color',(#9587),#6496);
#9587 = PRESENTATION_STYLE_ASSIGNMENT((#9588));
#9588 = SURFACE_STYLE_USAGE(.BOTH.,#9589);
#9589 = SURFACE_SIDE_STYLE('',(#9590));
#9590 = SURFACE_STYLE_FILL_AREA(#9591);
#9591 = FILL_AREA_STYLE('',(#9592));
#9592 = FILL_AREA_STYLE_COLOUR('',#8612);
#9593 = STYLED_ITEM('color',(#9594),#6508);
#9594 = PRESENTATION_STYLE_ASSIGNMENT((#9595));
#9595 = SURFACE_STYLE_USAGE(.BOTH.,#9596);
#9596 = SURFACE_SIDE_STYLE('',(#9597));
#9597 = SURFACE_STYLE_FILL_AREA(#9598);
#9598 = FILL_AREA_STYLE('',(#9599));
#9599 = FILL_AREA_STYLE_COLOUR('',#8612);
#9600 = STYLED_ITEM('color',(#9601),#6520);
#9601 = PRESENTATION_STYLE_ASSIGNMENT((#9602));
#9602 = SURFACE_STYLE_USAGE(.BOTH.,#9603);
#9603 = SURFACE_SIDE_STYLE('',(#9604));
#9604 = SURFACE_STYLE_FILL_AREA(#9605);
#9605 = FILL_AREA_STYLE('',(#9606));
#9606 = FILL_AREA_STYLE_COLOUR('',#8612);
#9607 = STYLED_ITEM('color',(#9608),#6532);
#9608 = PRESENTATION_STYLE_ASSIGNMENT((#9609));
#9609 = SURFACE_STYLE_USAGE(.BOTH.,#9610);
#9610 = SURFACE_SIDE_STYLE('',(#9611));
#9611 = SURFACE_STYLE_FILL_AREA(#9612);
#9612 = FILL_AREA_STYLE('',(#9613));
#9613 = FILL_AREA_STYLE_COLOUR('',#8612);
ENDSEC;
END-ISO-10303-21;
